filename,identity_id,year,age,age_group,gender
10001_GoldieHawn_23_f.jpg,GoldieHawn,23,23,Adult,Female
10002_GoldieHawn_24_f.jpg,GoldieHawn,24,24,Adult,Female
10003_GoldieHawn_24_f.jpg,GoldieHawn,24,24,Adult,Female
10004_GoldieHawn_27_f.jpg,GoldieHawn,27,27,Adult,Female
10005_GoldieHawn_28_f.jpg,GoldieHawn,28,28,Adult,Female
10006_GoldieHawn_29_f.jpg,GoldieHawn,29,29,Adult,Female
10007_GoldieHawn_30_f.jpg,GoldieHawn,30,30,Adult,Female
10008_GoldieHawn_31_f.jpg,GoldieHawn,31,31,Adult,Female
10009_GoldieHawn_35_f.jpg,GoldieHawn,35,35,Adult,Female
1000_StephenHawking_1_m.jpg,StephenHawking,1,1,Infant,Male
10010_GoldieHawn_35_f.jpg,GoldieHawn,35,35,Adult,Female
10011_GoldieHawn_37_f.jpg,GoldieHawn,37,37,Middle,Female
10012_GoldieHawn_39_f.jpg,GoldieHawn,39,39,Middle,Female
10013_GoldieHawn_44_f.jpg,GoldieHawn,44,44,Middle,Female
10014_GoldieHawn_45_f.jpg,GoldieHawn,45,45,Middle,Female
10015_GoldieHawn_45_f.jpg,GoldieHawn,45,45,Middle,Female
10016_GoldieHawn_50_f.jpg,GoldieHawn,50,50,Middle,Female
10017_GoldieHawn_51_f.jpg,GoldieHawn,51,51,Middle,Female
10018_GoldieHawn_51_f.jpg,GoldieHawn,51,51,Middle,Female
10019_GoldieHawn_52_f.jpg,GoldieHawn,52,52,Middle,Female
1001_StephenHawking_3_m.jpg,StephenHawking,3,3,Child,Male
10020_GoldieHawn_53_f.jpg,GoldieHawn,53,53,Middle,Female
10021_GoldieHawn_57_f.jpg,GoldieHawn,57,57,Senior,Female
10022_GoldieHawn_59_f.jpg,GoldieHawn,59,59,Senior,Female
10023_GoldieHawn_60_f.jpg,GoldieHawn,60,60,Senior,Female
10024_GoldieHawn_62_f.jpg,GoldieHawn,62,62,Senior,Female
10025_GoldieHawn_64_f.jpg,GoldieHawn,64,64,Senior,Female
10026_GoldieHawn_65_f.jpg,GoldieHawn,65,65,Senior,Female
10027_HelenHunt_10_f.jpg,HelenHunt,10,10,Child,Female
10028_HelenHunt_11_f.jpg,HelenHunt,11,11,Child,Female
10029_HelenHunt_12_f.jpg,HelenHunt,12,12,Child,Female
1002_StephenHawking_15_m.jpg,StephenHawking,15,15,Juvenile,Male
10030_HelenHunt_13_f.jpg,HelenHunt,13,13,Juvenile,Female
10031_HelenHunt_14_f.jpg,HelenHunt,14,14,Juvenile,Female
10032_HelenHunt_15_f.jpg,HelenHunt,15,15,Juvenile,Female
10033_HelenHunt_18_f.jpg,HelenHunt,18,18,Adult,Female
10034_HelenHunt_19_f.jpg,HelenHunt,19,19,Adult,Female
10035_HelenHunt_20_f.jpg,HelenHunt,20,20,Adult,Female
10036_HelenHunt_21_f.jpg,HelenHunt,21,21,Adult,Female
10037_HelenHunt_22_f.jpg,HelenHunt,22,22,Adult,Female
10038_HelenHunt_24_f.jpg,HelenHunt,24,24,Adult,Female
10039_HelenHunt_26_f.jpg,HelenHunt,26,26,Adult,Female
1003_StephenHawking_21_m.jpg,StephenHawking,21,21,Adult,Male
10040_HelenHunt_27_f.jpg,HelenHunt,27,27,Adult,Female
10041_HelenHunt_28_f.jpg,HelenHunt,28,28,Adult,Female
10042_HelenHunt_29_f.jpg,HelenHunt,29,29,Adult,Female
10043_HelenHunt_30_f.jpg,HelenHunt,30,30,Adult,Female
10044_HelenHunt_32_f.jpg,HelenHunt,32,32,Adult,Female
10045_HelenHunt_33_f.jpg,HelenHunt,33,33,Adult,Female
10046_HelenHunt_34_f.jpg,HelenHunt,34,34,Adult,Female
10047_HelenHunt_34_f.jpg,HelenHunt,34,34,Adult,Female
10048_HelenHunt_35_f.jpg,HelenHunt,35,35,Adult,Female
10049_HelenHunt_36_f.jpg,HelenHunt,36,36,Middle,Female
1004_StephenHawking_43_m.jpg,StephenHawking,43,43,Middle,Male
10050_HelenHunt_37_f.jpg,HelenHunt,37,37,Middle,Female
10051_HelenHunt_37_f.jpg,HelenHunt,37,37,Middle,Female
10052_HelenHunt_38_f.jpg,HelenHunt,38,38,Middle,Female
10053_HelenHunt_39_f.jpg,HelenHunt,39,39,Middle,Female
10054_HelenHunt_41_f.jpg,HelenHunt,41,41,Middle,Female
10055_HelenHunt_42_f.jpg,HelenHunt,42,42,Middle,Female
10056_HelenHunt_43_f.jpg,HelenHunt,43,43,Middle,Female
10057_HelenHunt_44_f.jpg,HelenHunt,44,44,Middle,Female
10058_HelenHunt_45_f.jpg,HelenHunt,45,45,Middle,Female
10059_HelenHunt_47_f.jpg,HelenHunt,47,47,Middle,Female
1005_StephenHawking_23_m.jpg,StephenHawking,23,23,Adult,Male
10060_HelenHunt_48_f.jpg,HelenHunt,48,48,Middle,Female
10061_HelenHunt_49_f.jpg,HelenHunt,49,49,Middle,Female
10062_HelenHunt_50_f.jpg,HelenHunt,50,50,Middle,Female
10063_HelenHunt_50_f.jpg,HelenHunt,50,50,Middle,Female
10064_HelenHunt_51_f.jpg,HelenHunt,51,51,Middle,Female
1006_StephenHawking_36_m.jpg,StephenHawking,36,36,Middle,Male
1007_StephenHawking_43_m.jpg,StephenHawking,43,43,Middle,Male
1008_StephenHawking_43_m.jpg,StephenHawking,43,43,Middle,Male
1009_StephenHawking_46_m.jpg,StephenHawking,46,46,Middle,Male
10104_JaneFonda_59_f.jpg,JaneFonda,59,59,Senior,Female
10105_JaneFonda_55_f.jpg,JaneFonda,55,55,Middle,Female
10106_JaneFonda_25_f.jpg,JaneFonda,25,25,Adult,Female
10107_JaneFonda_25_f.jpg,JaneFonda,25,25,Adult,Female
10108_JaneFonda_26_f.jpg,JaneFonda,26,26,Adult,Female
10109_JaneFonda_27_f.jpg,JaneFonda,27,27,Adult,Female
1010_StephenHawking_62_m.jpg,StephenHawking,62,62,Senior,Male
10110_JaneFonda_28_f.jpg,JaneFonda,28,28,Adult,Female
10111_JaneFonda_29_f.jpg,JaneFonda,29,29,Adult,Female
10112_JaneFonda_30_f.jpg,JaneFonda,30,30,Adult,Female
10113_JaneFonda_31_f.jpg,JaneFonda,31,31,Adult,Female
10114_JaneFonda_33_f.jpg,JaneFonda,33,33,Adult,Female
10115_JaneFonda_34_f.jpg,JaneFonda,34,34,Adult,Female
10116_JaneFonda_35_f.jpg,JaneFonda,35,35,Adult,Female
10117_JaneFonda_38_f.jpg,JaneFonda,38,38,Middle,Female
10118_JaneFonda_39_f.jpg,JaneFonda,39,39,Middle,Female
10119_JaneFonda_40_f.jpg,JaneFonda,40,40,Middle,Female
1011_StephenHawking_64_m.jpg,StephenHawking,64,64,Senior,Male
10120_JaneFonda_41_f.jpg,JaneFonda,41,41,Middle,Female
10121_JaneFonda_43_f.jpg,JaneFonda,43,43,Middle,Female
10122_JaneFonda_49_f.jpg,JaneFonda,49,49,Middle,Female
10123_JaneFonda_53_f.jpg,JaneFonda,53,53,Middle,Female
10124_JaneFonda_57_f.jpg,JaneFonda,57,57,Senior,Female
10125_JaneFonda_62_f.jpg,JaneFonda,62,62,Senior,Female
10126_JaneFonda_66_f.jpg,JaneFonda,66,66,Senior,Female
10127_JaneFonda_68_f.jpg,JaneFonda,68,68,Senior,Female
10128_JaneFonda_69_f.jpg,JaneFonda,69,69,Senior,Female
10129_JaneFonda_70_f.jpg,JaneFonda,70,70,Senior,Female
1012_StephenHawking_67_m.jpg,StephenHawking,67,67,Senior,Male
10130_JaneFonda_71_f.jpg,JaneFonda,71,71,Elderly,Female
10131_JaneFonda_72_f.jpg,JaneFonda,72,72,Elderly,Female
10132_JaneFonda_74_f.jpg,JaneFonda,74,74,Elderly,Female
10133_JaneFonda_60_f.jpg,JaneFonda,60,60,Senior,Female
10134_JoanCusack_18_f.jpg,JoanCusack,18,18,Adult,Female
10135_JoanCusack_21_f.jpg,JoanCusack,21,21,Adult,Female
10136_JoanCusack_22_f.jpg,JoanCusack,22,22,Adult,Female
10137_JoanCusack_23_f.jpg,JoanCusack,23,23,Adult,Female
10138_JoanCusack_24_f.jpg,JoanCusack,24,24,Adult,Female
10139_JoanCusack_25_f.jpg,JoanCusack,25,25,Adult,Female
1013_StephenHawking_67_m.jpg,StephenHawking,67,67,Senior,Male
10140_JoanCusack_26_f.jpg,JoanCusack,26,26,Adult,Female
10141_JoanCusack_27_f.jpg,JoanCusack,27,27,Adult,Female
10142_JoanCusack_28_f.jpg,JoanCusack,28,28,Adult,Female
10143_JoanCusack_29_f.jpg,JoanCusack,29,29,Adult,Female
10144_JoanCusack_31_f.jpg,JoanCusack,31,31,Adult,Female
10145_JoanCusack_32_f.jpg,JoanCusack,32,32,Adult,Female
10146_JoanCusack_33_f.jpg,JoanCusack,33,33,Adult,Female
10147_JoanCusack_34_f.jpg,JoanCusack,34,34,Adult,Female
10148_JoanCusack_35_f.jpg,JoanCusack,35,35,Adult,Female
10149_JoanCusack_36_f.jpg,JoanCusack,36,36,Middle,Female
1014_StephenHawking_67_m.jpg,StephenHawking,67,67,Senior,Male
10150_JoanCusack_37_f.jpg,JoanCusack,37,37,Middle,Female
10151_JoanCusack_37_f.jpg,JoanCusack,37,37,Middle,Female
10152_JoanCusack_39_f.jpg,JoanCusack,39,39,Middle,Female
10153_JoanCusack_40_f.jpg,JoanCusack,40,40,Middle,Female
10154_JoanCusack_41_f.jpg,JoanCusack,41,41,Middle,Female
10155_JoanCusack_42_f.jpg,JoanCusack,42,42,Middle,Female
10156_JoanCusack_43_f.jpg,JoanCusack,43,43,Middle,Female
10157_JoanCusack_45_f.jpg,JoanCusack,45,45,Middle,Female
10158_JoanCusack_46_f.jpg,JoanCusack,46,46,Middle,Female
10159_JoanCusack_47_f.jpg,JoanCusack,47,47,Middle,Female
1015_StephenHawking_40_m.jpg,StephenHawking,40,40,Middle,Male
10160_JoanCusack_49_f.jpg,JoanCusack,49,49,Middle,Female
10161_JoanCusack_50_f.jpg,JoanCusack,50,50,Middle,Female
10162_JoanCusack_50_f.jpg,JoanCusack,50,50,Middle,Female
1016_StephenHawking_53_m.jpg,StephenHawking,53,53,Middle,Male
1017_StephenHawking_65_m.jpg,StephenHawking,65,65,Senior,Male
1018_StephenHawking_66_m.jpg,StephenHawking,66,66,Senior,Male
1019_StephenHawking_53_m.jpg,StephenHawking,53,53,Middle,Male
1020_StephenHawking_65_m.jpg,StephenHawking,65,65,Senior,Male
10218_KathyBates_23_f.jpg,KathyBates,23,23,Adult,Female
10219_KathyBates_23_f.jpg,KathyBates,23,23,Adult,Female
1021_StephenHawking_64_m.jpg,StephenHawking,64,64,Senior,Male
10220_KathyBates_27_f.jpg,KathyBates,27,27,Adult,Female
10221_KathyBates_34_f.jpg,KathyBates,34,34,Adult,Female
10222_KathyBates_38_f.jpg,KathyBates,38,38,Middle,Female
10223_KathyBates_43_f.jpg,KathyBates,43,43,Middle,Female
10224_KathyBates_43_f.jpg,KathyBates,43,43,Middle,Female
10225_KathyBates_47_f.jpg,KathyBates,47,47,Middle,Female
10226_KathyBates_47_f.jpg,KathyBates,47,47,Middle,Female
10227_KathyBates_49_f.jpg,KathyBates,49,49,Middle,Female
10228_KathyBates_54_f.jpg,KathyBates,54,54,Middle,Female
10229_KathyBates_46_f.jpg,KathyBates,46,46,Middle,Female
1022_StephenHawking_48_m.jpg,StephenHawking,48,48,Middle,Male
10230_KathyBates_48_f.jpg,KathyBates,48,48,Middle,Female
10231_KathyBates_59_f.jpg,KathyBates,59,59,Senior,Female
10232_KathyBates_61_f.jpg,KathyBates,61,61,Senior,Female
10233_KathyBates_62_f.jpg,KathyBates,62,62,Senior,Female
10234_KathyBates_57_f.jpg,KathyBates,57,57,Senior,Female
10235_KathyBates_54_f.jpg,KathyBates,54,54,Middle,Female
10236_KathyBates_56_f.jpg,KathyBates,56,56,Senior,Female
10237_KathyBates_59_f.jpg,KathyBates,59,59,Senior,Female
10238_KathyBates_60_f.jpg,KathyBates,60,60,Senior,Female
10239_KathyBates_60_f.jpg,KathyBates,60,60,Senior,Female
1023_StephenHawking_45_m.jpg,StephenHawking,45,45,Middle,Male
10240_KathyBates_62_f.jpg,KathyBates,62,62,Senior,Female
10241_KathyBates_49_f.jpg,KathyBates,49,49,Middle,Female
10242_KathyBates_65_f.jpg,KathyBates,65,65,Senior,Female
10243_LivUllmann_19_f.jpg,LivUllmann,19,19,Adult,Female
10244_LivUllmann_24_f.jpg,LivUllmann,24,24,Adult,Female
10245_LivUllmann_29_f.jpg,LivUllmann,29,29,Adult,Female
10246_LivUllmann_30_f.jpg,LivUllmann,30,30,Adult,Female
10247_LivUllmann_31_f.jpg,LivUllmann,31,31,Adult,Female
10248_LivUllmann_33_f.jpg,LivUllmann,33,33,Adult,Female
10249_LivUllmann_34_f.jpg,LivUllmann,34,34,Adult,Female
1024_StephenHawking_54_m.jpg,StephenHawking,54,54,Middle,Male
10250_LivUllmann_35_f.jpg,LivUllmann,35,35,Adult,Female
10251_LivUllmann_36_f.jpg,LivUllmann,36,36,Middle,Female
10252_LivUllmann_37_f.jpg,LivUllmann,37,37,Middle,Female
10253_LivUllmann_38_f.jpg,LivUllmann,38,38,Middle,Female
10254_LivUllmann_39_f.jpg,LivUllmann,39,39,Middle,Female
10255_LivUllmann_40_f.jpg,LivUllmann,40,40,Middle,Female
10256_LivUllmann_41_f.jpg,LivUllmann,41,41,Middle,Female
10257_LivUllmann_46_f.jpg,LivUllmann,46,46,Middle,Female
10258_LivUllmann_47_f.jpg,LivUllmann,47,47,Middle,Female
10259_LivUllmann_51_f.jpg,LivUllmann,51,51,Middle,Female
1025_ClerkMaxwell_30_m.jpg,ClerkMaxwell,30,30,Adult,Male
10260_LivUllmann_52_f.jpg,LivUllmann,52,52,Middle,Female
10261_LivUllmann_53_f.jpg,LivUllmann,53,53,Middle,Female
10262_LivUllmann_58_f.jpg,LivUllmann,58,58,Senior,Female
10263_LivUllmann_62_f.jpg,LivUllmann,62,62,Senior,Female
10264_LivUllmann_66_f.jpg,LivUllmann,66,66,Senior,Female
10265_LivUllmann_67_f.jpg,LivUllmann,67,67,Senior,Female
10266_LivUllmann_69_f.jpg,LivUllmann,69,69,Senior,Female
10267_LivUllmann_71_f.jpg,LivUllmann,71,71,Elderly,Female
10268_LivUllmann_72_f.jpg,LivUllmann,72,72,Elderly,Female
10269_LivUllmann_75_f.jpg,LivUllmann,75,75,Elderly,Female
1026_ClerkMaxwell_37_m.jpg,ClerkMaxwell,37,37,Middle,Male
10270_LivUllmann_54_f.jpg,LivUllmann,54,54,Middle,Female
10271_MarietteHartley_21_f.jpg,MarietteHartley,21,21,Adult,Female
10272_MarietteHartley_22_f.jpg,MarietteHartley,22,22,Adult,Female
10273_MarietteHartley_22_f.jpg,MarietteHartley,22,22,Adult,Female
10274_MarietteHartley_23_f.jpg,MarietteHartley,23,23,Adult,Female
10275_MarietteHartley_24_f.jpg,MarietteHartley,24,24,Adult,Female
10276_MarietteHartley_25_f.jpg,MarietteHartley,25,25,Adult,Female
10277_MarietteHartley_28_f.jpg,MarietteHartley,28,28,Adult,Female
10278_MarietteHartley_29_f.jpg,MarietteHartley,29,29,Adult,Female
10279_MarietteHartley_31_f.jpg,MarietteHartley,31,31,Adult,Female
1027_ClerkMaxwell_35_m.jpg,ClerkMaxwell,35,35,Adult,Male
10280_MarietteHartley_32_f.jpg,MarietteHartley,32,32,Adult,Female
10281_MarietteHartley_33_f.jpg,MarietteHartley,33,33,Adult,Female
10282_MarietteHartley_34_f.jpg,MarietteHartley,34,34,Adult,Female
10283_MarietteHartley_35_f.jpg,MarietteHartley,35,35,Adult,Female
10284_MarietteHartley_37_f.jpg,MarietteHartley,37,37,Middle,Female
10285_MarietteHartley_38_f.jpg,MarietteHartley,38,38,Middle,Female
10286_MarietteHartley_39_f.jpg,MarietteHartley,39,39,Middle,Female
10287_MarietteHartley_41_f.jpg,MarietteHartley,41,41,Middle,Female
10288_MarietteHartley_42_f.jpg,MarietteHartley,42,42,Middle,Female
10289_MarietteHartley_43_f.jpg,MarietteHartley,43,43,Middle,Female
1028_ClerkMaxwell_45_m.jpg,ClerkMaxwell,45,45,Middle,Male
10290_MarietteHartley_44_f.jpg,MarietteHartley,44,44,Middle,Female
10291_MarietteHartley_45_f.jpg,MarietteHartley,45,45,Middle,Female
10292_MarietteHartley_47_f.jpg,MarietteHartley,47,47,Middle,Female
10293_MarietteHartley_49_f.jpg,MarietteHartley,49,49,Middle,Female
10294_MarietteHartley_53_f.jpg,MarietteHartley,53,53,Middle,Female
10295_MarietteHartley_55_f.jpg,MarietteHartley,55,55,Middle,Female
10296_MarietteHartley_56_f.jpg,MarietteHartley,56,56,Senior,Female
10297_MarietteHartley_59_f.jpg,MarietteHartley,59,59,Senior,Female
10298_MarietteHartley_60_f.jpg,MarietteHartley,60,60,Senior,Female
10299_MarietteHartley_61_f.jpg,MarietteHartley,61,61,Senior,Female
1029_ClerkMaxwell_37_m.jpg,ClerkMaxwell,37,37,Middle,Male
10300_MarietteHartley_62_f.jpg,MarietteHartley,62,62,Senior,Female
10301_MarietteHartley_65_f.jpg,MarietteHartley,65,65,Senior,Female
10302_MarietteHartley_67_f.jpg,MarietteHartley,67,67,Senior,Female
10303_MarietteHartley_73_f.jpg,MarietteHartley,73,73,Elderly,Female
10304_TerryMoore_13_f.jpg,TerryMoore,13,13,Juvenile,Female
10305_TerryMoore_15_f.jpg,TerryMoore,15,15,Juvenile,Female
10306_TerryMoore_18_f.jpg,TerryMoore,18,18,Adult,Female
10307_TerryMoore_19_f.jpg,TerryMoore,19,19,Adult,Female
10308_TerryMoore_20_f.jpg,TerryMoore,20,20,Adult,Female
10309_TerryMoore_22_f.jpg,TerryMoore,22,22,Adult,Female
1030_ClerkMaxwell_40_m.jpg,ClerkMaxwell,40,40,Middle,Male
10310_TerryMoore_26_f.jpg,TerryMoore,26,26,Adult,Female
10311_TerryMoore_28_f.jpg,TerryMoore,28,28,Adult,Female
10312_TerryMoore_29_f.jpg,TerryMoore,29,29,Adult,Female
10313_TerryMoore_31_f.jpg,TerryMoore,31,31,Adult,Female
10314_TerryMoore_32_f.jpg,TerryMoore,32,32,Adult,Female
10315_TerryMoore_34_f.jpg,TerryMoore,34,34,Adult,Female
10316_TerryMoore_37_f.jpg,TerryMoore,37,37,Middle,Female
10317_TerryMoore_38_f.jpg,TerryMoore,38,38,Middle,Female
10318_TerryMoore_40_f.jpg,TerryMoore,40,40,Middle,Female
10319_TerryMoore_42_f.jpg,TerryMoore,42,42,Middle,Female
1031_ClerkMaxwell_40_m.jpg,ClerkMaxwell,40,40,Middle,Male
10320_TerryMoore_44_f.jpg,TerryMoore,44,44,Middle,Female
10321_TerryMoore_47_f.jpg,TerryMoore,47,47,Middle,Female
10322_TerryMoore_51_f.jpg,TerryMoore,51,51,Middle,Female
10323_TerryMoore_53_f.jpg,TerryMoore,53,53,Middle,Female
10324_TerryMoore_57_f.jpg,TerryMoore,57,57,Senior,Female
10325_TerryMoore_62_f.jpg,TerryMoore,62,62,Senior,Female
10326_TerryMoore_69_f.jpg,TerryMoore,69,69,Senior,Female
10327_TerryMoore_71_f.jpg,TerryMoore,71,71,Elderly,Female
10328_TerryMoore_72_f.jpg,TerryMoore,72,72,Elderly,Female
10329_TerryMoore_76_f.jpg,TerryMoore,76,76,Elderly,Female
1032_ClerkMaxwell_42_m.jpg,ClerkMaxwell,42,42,Middle,Male
10330_TerryMoore_77_f.jpg,TerryMoore,77,77,Elderly,Female
10331_TerryMoore_79_f.jpg,TerryMoore,79,79,Elderly,Female
10332_TerryMoore_55_f.jpg,TerryMoore,55,55,Middle,Female
1033_EdwardTeller_72_m.jpg,EdwardTeller,72,72,Elderly,Male
1034_EdwardTeller_27_m.jpg,EdwardTeller,27,27,Adult,Male
1035_EdwardTeller_68_m.jpg,EdwardTeller,68,68,Senior,Male
1036_EdwardTeller_30_m.jpg,EdwardTeller,30,30,Adult,Male
10370_AnnMargret_20_f.jpg,AnnMargret,20,20,Adult,Female
10371_AnnMargret_22_f.jpg,AnnMargret,22,22,Adult,Female
10372_AnnMargret_23_f.jpg,AnnMargret,23,23,Adult,Female
10373_AnnMargret_24_f.jpg,AnnMargret,24,24,Adult,Female
10374_AnnMargret_25_f.jpg,AnnMargret,25,25,Adult,Female
10375_AnnMargret_26_f.jpg,AnnMargret,26,26,Adult,Female
10376_AnnMargret_29_f.jpg,AnnMargret,29,29,Adult,Female
10377_AnnMargret_30_f.jpg,AnnMargret,30,30,Adult,Female
10378_AnnMargret_31_f.jpg,AnnMargret,31,31,Adult,Female
10379_AnnMargret_32_f.jpg,AnnMargret,32,32,Adult,Female
1037_EdwardTeller_35_m.jpg,EdwardTeller,35,35,Adult,Male
10380_AnnMargret_33_f.jpg,AnnMargret,33,33,Adult,Female
10381_AnnMargret_34_f.jpg,AnnMargret,34,34,Adult,Female
10382_AnnMargret_35_f.jpg,AnnMargret,35,35,Adult,Female
10383_AnnMargret_36_f.jpg,AnnMargret,36,36,Middle,Female
10384_AnnMargret_37_f.jpg,AnnMargret,37,37,Middle,Female
10385_AnnMargret_38_f.jpg,AnnMargret,38,38,Middle,Female
10386_AnnMargret_39_f.jpg,AnnMargret,39,39,Middle,Female
10387_AnnMargret_41_f.jpg,AnnMargret,41,41,Middle,Female
10388_AnnMargret_42_f.jpg,AnnMargret,42,42,Middle,Female
10389_AnnMargret_44_f.jpg,AnnMargret,44,44,Middle,Female
1038_EdwardTeller_50_m.jpg,EdwardTeller,50,50,Middle,Male
10390_AnnMargret_47_f.jpg,AnnMargret,47,47,Middle,Female
10391_AnnMargret_52_f.jpg,AnnMargret,52,52,Middle,Female
10392_AnnMargret_53_f.jpg,AnnMargret,53,53,Middle,Female
10393_AnnMargret_54_f.jpg,AnnMargret,54,54,Middle,Female
10394_AnnMargret_59_f.jpg,AnnMargret,59,59,Senior,Female
10395_AnnMargret_61_f.jpg,AnnMargret,61,61,Senior,Female
10396_AnnMargret_63_f.jpg,AnnMargret,63,63,Senior,Female
10397_AnnMargret_64_f.jpg,AnnMargret,64,64,Senior,Female
10398_AnnMargret_68_f.jpg,AnnMargret,68,68,Senior,Female
10399_AnnMargret_69_f.jpg,AnnMargret,69,69,Senior,Female
1039_EdwardTeller_91_m.jpg,EdwardTeller,91,91,Elderly,Male
10400_AnnMargret_70_f.jpg,AnnMargret,70,70,Senior,Female
10401_AnnMargret_73_f.jpg,AnnMargret,73,73,Elderly,Female
10402_BarbaraBain_27_f.jpg,BarbaraBain,27,27,Adult,Female
10403_BarbaraBain_28_f.jpg,BarbaraBain,28,28,Adult,Female
10404_BarbaraBain_30_f.jpg,BarbaraBain,30,30,Adult,Female
10405_BarbaraBain_32_f.jpg,BarbaraBain,32,32,Adult,Female
10406_BarbaraBain_36_f.jpg,BarbaraBain,36,36,Middle,Female
10407_BarbaraBain_37_f.jpg,BarbaraBain,37,37,Middle,Female
10408_BarbaraBain_38_f.jpg,BarbaraBain,38,38,Middle,Female
10409_BarbaraBain_39_f.jpg,BarbaraBain,39,39,Middle,Female
1040_EdwardTeller_93_m.jpg,EdwardTeller,93,93,Elderly,Male
10410_BarbaraBain_40_f.jpg,BarbaraBain,40,40,Middle,Female
10411_BarbaraBain_41_f.jpg,BarbaraBain,41,41,Middle,Female
10412_BarbaraBain_42_f.jpg,BarbaraBain,42,42,Middle,Female
10413_BarbaraBain_44_f.jpg,BarbaraBain,44,44,Middle,Female
10414_BarbaraBain_45_f.jpg,BarbaraBain,45,45,Middle,Female
10415_BarbaraBain_46_f.jpg,BarbaraBain,46,46,Middle,Female
10416_BarbaraBain_49_f.jpg,BarbaraBain,49,49,Middle,Female
10417_BarbaraBain_51_f.jpg,BarbaraBain,51,51,Middle,Female
10418_BarbaraBain_53_f.jpg,BarbaraBain,53,53,Middle,Female
10419_BarbaraBain_54_f.jpg,BarbaraBain,54,54,Middle,Female
1041_EdwardTeller_17_m.jpg,EdwardTeller,17,17,Juvenile,Male
10420_BarbaraBain_55_f.jpg,BarbaraBain,55,55,Middle,Female
10421_BarbaraBain_56_f.jpg,BarbaraBain,56,56,Senior,Female
10422_BarbaraBain_59_f.jpg,BarbaraBain,59,59,Senior,Female
10423_BarbaraBain_60_f.jpg,BarbaraBain,60,60,Senior,Female
10424_BarbaraBain_61_f.jpg,BarbaraBain,61,61,Senior,Female
10425_BarbaraBain_63_f.jpg,BarbaraBain,63,63,Senior,Female
10426_BarbaraBain_64_f.jpg,BarbaraBain,64,64,Senior,Female
10427_BarbaraBain_66_f.jpg,BarbaraBain,66,66,Senior,Female
10428_BarbaraBain_69_f.jpg,BarbaraBain,69,69,Senior,Female
10429_BarbaraBain_70_f.jpg,BarbaraBain,70,70,Senior,Female
1042_EdwardTeller_54_m.jpg,EdwardTeller,54,54,Middle,Male
10430_BarbaraBain_72_f.jpg,BarbaraBain,72,72,Elderly,Female
10431_BarbaraBain_73_f.jpg,BarbaraBain,73,73,Elderly,Female
10432_BarbaraBain_74_f.jpg,BarbaraBain,74,74,Elderly,Female
10433_BarbaraBain_75_f.jpg,BarbaraBain,75,75,Elderly,Female
10434_BarbaraBain_75_f.jpg,BarbaraBain,75,75,Elderly,Female
10435_BarbaraBain_77_f.jpg,BarbaraBain,77,77,Elderly,Female
10436_BarbaraBain_79_f.jpg,BarbaraBain,79,79,Elderly,Female
10437_BarbaraBain_80_f.jpg,BarbaraBain,80,80,Elderly,Female
10438_BarbaraBain_81_f.jpg,BarbaraBain,81,81,Elderly,Female
10439_BarbaraBain_82_f.jpg,BarbaraBain,82,82,Elderly,Female
1043_EdwardTeller_87_m.jpg,EdwardTeller,87,87,Elderly,Male
10440_BetteMidler_21_f.jpg,BetteMidler,21,21,Adult,Female
10441_BetteMidler_29_f.jpg,BetteMidler,29,29,Adult,Female
10442_BetteMidler_56_f.jpg,BetteMidler,56,56,Senior,Female
10443_BetteMidler_57_f.jpg,BetteMidler,57,57,Senior,Female
10444_BetteMidler_43_f.jpg,BetteMidler,43,43,Middle,Female
10445_BetteMidler_45_f.jpg,BetteMidler,45,45,Middle,Female
10446_BetteMidler_48_f.jpg,BetteMidler,48,48,Middle,Female
10447_BetteMidler_51_f.jpg,BetteMidler,51,51,Middle,Female
10448_BetteMidler_52_f.jpg,BetteMidler,52,52,Middle,Female
10449_BetteMidler_55_f.jpg,BetteMidler,55,55,Middle,Female
1044_EdwardTeller_81_m.jpg,EdwardTeller,81,81,Elderly,Male
10450_BetteMidler_40_f.jpg,BetteMidler,40,40,Middle,Female
10451_BetteMidler_32_f.jpg,BetteMidler,32,32,Adult,Female
10452_BetteMidler_62_f.jpg,BetteMidler,62,62,Senior,Female
10453_BetteMidler_65_f.jpg,BetteMidler,65,65,Senior,Female
10454_BetteMidler_66_f.jpg,BetteMidler,66,66,Senior,Female
10455_BetteMidler_30_f.jpg,BetteMidler,30,30,Adult,Female
10456_BetteMidler_50_f.jpg,BetteMidler,50,50,Middle,Female
10457_BetteMidler_48_f.jpg,BetteMidler,48,48,Middle,Female
10458_BetteMidler_35_f.jpg,BetteMidler,35,35,Adult,Female
10459_BetteMidler_52_f.jpg,BetteMidler,52,52,Middle,Female
1045_EdwardTeller_49_m.jpg,EdwardTeller,49,49,Middle,Male
10460_BetteMidler_41_f.jpg,BetteMidler,41,41,Middle,Female
10461_BetteMidler_42_f.jpg,BetteMidler,42,42,Middle,Female
10462_BetteMidler_48_f.jpg,BetteMidler,48,48,Middle,Female
10463_BetteMidler_67_f.jpg,BetteMidler,67,67,Senior,Female
10464_BetteMidler_32_f.jpg,BetteMidler,32,32,Adult,Female
10465_BetteMidler_55_f.jpg,BetteMidler,55,55,Middle,Female
10466_BetteMidler_35_f.jpg,BetteMidler,35,35,Adult,Female
10467_BetteMidler_36_f.jpg,BetteMidler,36,36,Middle,Female
10468_BetteMidler_48_f.jpg,BetteMidler,48,48,Middle,Female
10469_BetteMidler_56_f.jpg,BetteMidler,56,56,Senior,Female
1046_EdwardTeller_48_m.jpg,EdwardTeller,48,48,Middle,Male
10470_BetteMidler_53_f.jpg,BetteMidler,53,53,Middle,Female
10471_BetteMidler_54_f.jpg,BetteMidler,54,54,Middle,Female
10472_BetteMidler_52_f.jpg,BetteMidler,52,52,Middle,Female
10473_BetteMidler_38_f.jpg,BetteMidler,38,38,Middle,Female
10474_BetteMidler_41_f.jpg,BetteMidler,41,41,Middle,Female
10475_BetteMidler_68_f.jpg,BetteMidler,68,68,Senior,Female
10476_BetteMidler_34_f.jpg,BetteMidler,34,34,Adult,Female
10477_DianneWiest_30_f.jpg,DianneWiest,30,30,Adult,Female
10478_DianneWiest_33_f.jpg,DianneWiest,33,33,Adult,Female
10479_DianneWiest_37_f.jpg,DianneWiest,37,37,Middle,Female
1047_EdwardTeller_27_m.jpg,EdwardTeller,27,27,Adult,Male
10480_DianneWiest_37_f.jpg,DianneWiest,37,37,Middle,Female
10481_DianneWiest_38_f.jpg,DianneWiest,38,38,Middle,Female
10482_DianneWiest_39_f.jpg,DianneWiest,39,39,Middle,Female
10483_DianneWiest_41_f.jpg,DianneWiest,41,41,Middle,Female
10484_DianneWiest_42_f.jpg,DianneWiest,42,42,Middle,Female
10485_DianneWiest_43_f.jpg,DianneWiest,43,43,Middle,Female
10486_DianneWiest_44_f.jpg,DianneWiest,44,44,Middle,Female
10487_DianneWiest_45_f.jpg,DianneWiest,45,45,Middle,Female
10488_DianneWiest_48_f.jpg,DianneWiest,48,48,Middle,Female
10489_DianneWiest_49_f.jpg,DianneWiest,49,49,Middle,Female
1048_EdwardTeller_28_m.jpg,EdwardTeller,28,28,Adult,Male
10490_DianneWiest_50_f.jpg,DianneWiest,50,50,Middle,Female
10491_DianneWiest_51_f.jpg,DianneWiest,51,51,Middle,Female
10492_DianneWiest_52_f.jpg,DianneWiest,52,52,Middle,Female
10493_DianneWiest_53_f.jpg,DianneWiest,53,53,Middle,Female
10494_DianneWiest_55_f.jpg,DianneWiest,55,55,Middle,Female
10495_DianneWiest_59_f.jpg,DianneWiest,59,59,Senior,Female
10496_DianneWiest_60_f.jpg,DianneWiest,60,60,Senior,Female
10497_DianneWiest_61_f.jpg,DianneWiest,61,61,Senior,Female
10498_DianneWiest_62_f.jpg,DianneWiest,62,62,Senior,Female
10499_DianneWiest_64_f.jpg,DianneWiest,64,64,Senior,Female
1049_EdwardTeller_43_m.jpg,EdwardTeller,43,43,Middle,Male
10500_DianneWiest_65_f.jpg,DianneWiest,65,65,Senior,Female
10501_DianneWiest_66_f.jpg,DianneWiest,66,66,Senior,Female
10502_FayeDunaway_26_f.jpg,FayeDunaway,26,26,Adult,Female
10503_FayeDunaway_26_f.jpg,FayeDunaway,26,26,Adult,Female
10504_FayeDunaway_27_f.jpg,FayeDunaway,27,27,Adult,Female
10505_FayeDunaway_28_f.jpg,FayeDunaway,28,28,Adult,Female
10506_FayeDunaway_29_f.jpg,FayeDunaway,29,29,Adult,Female
10507_FayeDunaway_33_f.jpg,FayeDunaway,33,33,Adult,Female
10508_FayeDunaway_34_f.jpg,FayeDunaway,34,34,Adult,Female
10509_FayeDunaway_35_f.jpg,FayeDunaway,35,35,Adult,Female
1050_EdwardTeller_53_m.jpg,EdwardTeller,53,53,Middle,Male
10510_FayeDunaway_36_f.jpg,FayeDunaway,36,36,Middle,Female
10511_FayeDunaway_37_f.jpg,FayeDunaway,37,37,Middle,Female
10512_FayeDunaway_38_f.jpg,FayeDunaway,38,38,Middle,Female
10513_FayeDunaway_40_f.jpg,FayeDunaway,40,40,Middle,Female
10514_FayeDunaway_40_f.jpg,FayeDunaway,40,40,Middle,Female
10515_FayeDunaway_42_f.jpg,FayeDunaway,42,42,Middle,Female
10516_FayeDunaway_45_f.jpg,FayeDunaway,45,45,Middle,Female
10517_FayeDunaway_49_f.jpg,FayeDunaway,49,49,Middle,Female
10518_FayeDunaway_55_f.jpg,FayeDunaway,55,55,Middle,Female
10519_FayeDunaway_56_f.jpg,FayeDunaway,56,56,Senior,Female
1051_EdwardTeller_52_m.jpg,EdwardTeller,52,52,Middle,Male
10520_FayeDunaway_57_f.jpg,FayeDunaway,57,57,Senior,Female
10521_FayeDunaway_57_f.jpg,FayeDunaway,57,57,Senior,Female
10522_FayeDunaway_58_f.jpg,FayeDunaway,58,58,Senior,Female
10523_FayeDunaway_59_f.jpg,FayeDunaway,59,59,Senior,Female
10524_FayeDunaway_61_f.jpg,FayeDunaway,61,61,Senior,Female
10525_FayeDunaway_62_f.jpg,FayeDunaway,62,62,Senior,Female
10526_FayeDunaway_64_f.jpg,FayeDunaway,64,64,Senior,Female
10527_FayeDunaway_66_f.jpg,FayeDunaway,66,66,Senior,Female
10528_FayeDunaway_67_f.jpg,FayeDunaway,67,67,Senior,Female
10529_FayeDunaway_68_f.jpg,FayeDunaway,68,68,Senior,Female
1052_EdwardTeller_40_m.jpg,EdwardTeller,40,40,Middle,Male
10530_FayeDunaway_70_f.jpg,FayeDunaway,70,70,Senior,Female
10531_JoanCollins_21_f.jpg,JoanCollins,21,21,Adult,Female
10532_JoanCollins_25_f.jpg,JoanCollins,25,25,Adult,Female
10533_JoanCollins_29_f.jpg,JoanCollins,29,29,Adult,Female
10534_JoanCollins_31_f.jpg,JoanCollins,31,31,Adult,Female
10535_JoanCollins_33_f.jpg,JoanCollins,33,33,Adult,Female
10536_JoanCollins_33_f.jpg,JoanCollins,33,33,Adult,Female
10537_JoanCollins_34_f.jpg,JoanCollins,34,34,Adult,Female
10538_JoanCollins_37_f.jpg,JoanCollins,37,37,Middle,Female
10539_JoanCollins_37_f.jpg,JoanCollins,37,37,Middle,Female
1053_EdwardTeller_45_m.jpg,EdwardTeller,45,45,Middle,Male
10540_JoanCollins_39_f.jpg,JoanCollins,39,39,Middle,Female
10541_JoanCollins_48_f.jpg,JoanCollins,48,48,Middle,Female
10542_JoanCollins_49_f.jpg,JoanCollins,49,49,Middle,Female
10543_JoanCollins_51_f.jpg,JoanCollins,51,51,Middle,Female
10544_JoanCollins_52_f.jpg,JoanCollins,52,52,Middle,Female
10545_JoanCollins_55_f.jpg,JoanCollins,55,55,Middle,Female
10546_JoanCollins_56_f.jpg,JoanCollins,56,56,Senior,Female
10547_JoanCollins_63_f.jpg,JoanCollins,63,63,Senior,Female
10548_JoanCollins_64_f.jpg,JoanCollins,64,64,Senior,Female
10549_JoanCollins_66_f.jpg,JoanCollins,66,66,Senior,Female
10550_JoanCollins_67_f.jpg,JoanCollins,67,67,Senior,Female
10551_JoanCollins_69_f.jpg,JoanCollins,69,69,Senior,Female
10552_JoanCollins_73_f.jpg,JoanCollins,73,73,Elderly,Female
10553_JoanCollins_76_f.jpg,JoanCollins,76,76,Elderly,Female
10554_JoanCollins_77_f.jpg,JoanCollins,77,77,Elderly,Female
10584_KimBasinger_25_f.jpg,KimBasinger,25,25,Adult,Female
10585_KimBasinger_29_f.jpg,KimBasinger,29,29,Adult,Female
10586_KimBasinger_30_f.jpg,KimBasinger,30,30,Adult,Female
10587_KimBasinger_31_f.jpg,KimBasinger,31,31,Adult,Female
10588_KimBasinger_32_f.jpg,KimBasinger,32,32,Adult,Female
10589_KimBasinger_33_f.jpg,KimBasinger,33,33,Adult,Female
10590_KimBasinger_34_f.jpg,KimBasinger,34,34,Adult,Female
10591_KimBasinger_35_f.jpg,KimBasinger,35,35,Adult,Female
10592_KimBasinger_36_f.jpg,KimBasinger,36,36,Middle,Female
10593_KimBasinger_41_f.jpg,KimBasinger,41,41,Middle,Female
10594_KimBasinger_41_f.jpg,KimBasinger,41,41,Middle,Female
10595_KimBasinger_45_f.jpg,KimBasinger,45,45,Middle,Female
10596_KimBasinger_46_f.jpg,KimBasinger,46,46,Middle,Female
10597_KimBasinger_47_f.jpg,KimBasinger,47,47,Middle,Female
10598_KimBasinger_53_f.jpg,KimBasinger,53,53,Middle,Female
10599_KimBasinger_55_f.jpg,KimBasinger,55,55,Middle,Female
10600_KimBasinger_60_f.jpg,KimBasinger,60,60,Senior,Female
10727_MerylStreep_29_f.jpg,MerylStreep,29,29,Adult,Female
10728_MerylStreep_30_f.jpg,MerylStreep,30,30,Adult,Female
10729_MerylStreep_32_f.jpg,MerylStreep,32,32,Adult,Female
10730_MerylStreep_34_f.jpg,MerylStreep,34,34,Adult,Female
10731_MerylStreep_35_f.jpg,MerylStreep,35,35,Adult,Female
10732_MerylStreep_38_f.jpg,MerylStreep,38,38,Middle,Female
10733_MerylStreep_39_f.jpg,MerylStreep,39,39,Middle,Female
10734_MerylStreep_40_f.jpg,MerylStreep,40,40,Middle,Female
10735_MerylStreep_40_f.jpg,MerylStreep,40,40,Middle,Female
10736_MerylStreep_41_f.jpg,MerylStreep,41,41,Middle,Female
10737_MerylStreep_42_f.jpg,MerylStreep,42,42,Middle,Female
10738_MerylStreep_46_f.jpg,MerylStreep,46,46,Middle,Female
10739_MerylStreep_47_f.jpg,MerylStreep,47,47,Middle,Female
10740_MerylStreep_49_f.jpg,MerylStreep,49,49,Middle,Female
10741_MerylStreep_50_f.jpg,MerylStreep,50,50,Middle,Female
10742_MerylStreep_50_f.jpg,MerylStreep,50,50,Middle,Female
10743_MerylStreep_53_f.jpg,MerylStreep,53,53,Middle,Female
10744_MerylStreep_54_f.jpg,MerylStreep,54,54,Middle,Female
10745_MerylStreep_55_f.jpg,MerylStreep,55,55,Middle,Female
10746_MerylStreep_57_f.jpg,MerylStreep,57,57,Senior,Female
10747_MerylStreep_57_f.jpg,MerylStreep,57,57,Senior,Female
10748_MerylStreep_58_f.jpg,MerylStreep,58,58,Senior,Female
10749_MerylStreep_60_f.jpg,MerylStreep,60,60,Senior,Female
10750_MerylStreep_64_f.jpg,MerylStreep,64,64,Senior,Female
10751_MerylStreep_64_f.jpg,MerylStreep,64,64,Senior,Female
1079_NielsBohr_24_m.jpg,NielsBohr,24,24,Adult,Male
1080_NielsBohr_67_m.jpg,NielsBohr,67,67,Senior,Male
1081_NielsBohr_17_m.jpg,NielsBohr,17,17,Juvenile,Male
1082_NielsBohr_41_m.jpg,NielsBohr,41,41,Middle,Male
1083_NielsBohr_49_m.jpg,NielsBohr,49,49,Middle,Male
1084_NielsBohr_58_m.jpg,NielsBohr,58,58,Senior,Male
1085_NielsBohr_60_m.jpg,NielsBohr,60,60,Senior,Male
1086_NielsBohr_63_m.jpg,NielsBohr,63,63,Senior,Male
10877_TippiHedren_22_f.jpg,TippiHedren,22,22,Adult,Female
10878_TippiHedren_37_f.jpg,TippiHedren,37,37,Middle,Female
10879_TippiHedren_39_f.jpg,TippiHedren,39,39,Middle,Female
1087_NielsBohr_68_m.jpg,NielsBohr,68,68,Senior,Male
10880_TippiHedren_46_f.jpg,TippiHedren,46,46,Middle,Female
10881_TippiHedren_49_f.jpg,TippiHedren,49,49,Middle,Female
10882_TippiHedren_51_f.jpg,TippiHedren,51,51,Middle,Female
10883_TippiHedren_52_f.jpg,TippiHedren,52,52,Middle,Female
10884_TippiHedren_52_f.jpg,TippiHedren,52,52,Middle,Female
10885_TippiHedren_55_f.jpg,TippiHedren,55,55,Middle,Female
10886_TippiHedren_58_f.jpg,TippiHedren,58,58,Senior,Female
10887_TippiHedren_60_f.jpg,TippiHedren,60,60,Senior,Female
10888_TippiHedren_63_f.jpg,TippiHedren,63,63,Senior,Female
10889_TippiHedren_64_f.jpg,TippiHedren,64,64,Senior,Female
1088_NielsBohr_73_m.jpg,NielsBohr,73,73,Elderly,Male
10890_TippiHedren_64_f.jpg,TippiHedren,64,64,Senior,Female
10891_TippiHedren_65_f.jpg,TippiHedren,65,65,Senior,Female
10892_TippiHedren_66_f.jpg,TippiHedren,66,66,Senior,Female
10893_TippiHedren_67_f.jpg,TippiHedren,67,67,Senior,Female
10894_TippiHedren_67_f.jpg,TippiHedren,67,67,Senior,Female
10895_TippiHedren_68_f.jpg,TippiHedren,68,68,Senior,Female
10896_TippiHedren_69_f.jpg,TippiHedren,69,69,Senior,Female
10897_TippiHedren_70_f.jpg,TippiHedren,70,70,Senior,Female
10898_TippiHedren_71_f.jpg,TippiHedren,71,71,Elderly,Female
10899_TippiHedren_73_f.jpg,TippiHedren,73,73,Elderly,Female
1089_NielsBohr_40_m.jpg,NielsBohr,40,40,Middle,Male
10900_TippiHedren_74_f.jpg,TippiHedren,74,74,Elderly,Female
10901_TippiHedren_76_f.jpg,TippiHedren,76,76,Elderly,Female
10902_TippiHedren_77_f.jpg,TippiHedren,77,77,Elderly,Female
10903_TippiHedren_79_f.jpg,TippiHedren,79,79,Elderly,Female
10904_Arletty_34_f.jpg,Arletty,34,34,Adult,Female
10905_Arletty_34_f.jpg,Arletty,34,34,Adult,Female
10906_Arletty_35_f.jpg,Arletty,35,35,Adult,Female
10907_Arletty_37_f.jpg,Arletty,37,37,Middle,Female
10908_Arletty_39_f.jpg,Arletty,39,39,Middle,Female
10909_Arletty_39_f.jpg,Arletty,39,39,Middle,Female
1090_NielsBohr_35_m.jpg,NielsBohr,35,35,Adult,Male
10910_Arletty_40_f.jpg,Arletty,40,40,Middle,Female
10911_Arletty_41_f.jpg,Arletty,41,41,Middle,Female
10912_Arletty_43_f.jpg,Arletty,43,43,Middle,Female
10913_Arletty_45_f.jpg,Arletty,45,45,Middle,Female
10914_Arletty_47_f.jpg,Arletty,47,47,Middle,Female
10915_Arletty_47_f.jpg,Arletty,47,47,Middle,Female
10916_Arletty_50_f.jpg,Arletty,50,50,Middle,Female
10917_Arletty_51_f.jpg,Arletty,51,51,Middle,Female
10918_Arletty_52_f.jpg,Arletty,52,52,Middle,Female
10919_Arletty_53_f.jpg,Arletty,53,53,Middle,Female
1091_NielsBohr_75_m.jpg,NielsBohr,75,75,Elderly,Male
10920_Arletty_55_f.jpg,Arletty,55,55,Middle,Female
10921_Arletty_56_f.jpg,Arletty,56,56,Senior,Female
10922_Arletty_57_f.jpg,Arletty,57,57,Senior,Female
10923_Arletty_59_f.jpg,Arletty,59,59,Senior,Female
10924_Arletty_60_f.jpg,Arletty,60,60,Senior,Female
10925_Arletty_63_f.jpg,Arletty,63,63,Senior,Female
10926_Arletty_64_f.jpg,Arletty,64,64,Senior,Female
10927_Arletty_65_f.jpg,Arletty,65,65,Senior,Female
10928_Arletty_68_f.jpg,Arletty,68,68,Senior,Female
10929_Arletty_72_f.jpg,Arletty,72,72,Elderly,Female
1092_NielsBohr_50_m.jpg,NielsBohr,50,50,Middle,Male
10930_Arletty_73_f.jpg,Arletty,73,73,Elderly,Female
10931_Arletty_76_f.jpg,Arletty,76,76,Elderly,Female
10932_Arletty_80_f.jpg,Arletty,80,80,Elderly,Female
10933_Arletty_82_f.jpg,Arletty,82,82,Elderly,Female
10934_Arletty_86_f.jpg,Arletty,86,86,Elderly,Female
10935_Arletty_88_f.jpg,Arletty,88,88,Elderly,Female
10936_DaliahLavi_21_f.jpg,DaliahLavi,21,21,Adult,Female
10937_DaliahLavi_22_f.jpg,DaliahLavi,22,22,Adult,Female
10938_DaliahLavi_23_f.jpg,DaliahLavi,23,23,Adult,Female
10939_DaliahLavi_24_f.jpg,DaliahLavi,24,24,Adult,Female
1093_NielsBohr_39_m.jpg,NielsBohr,39,39,Middle,Male
10940_DaliahLavi_24_f.jpg,DaliahLavi,24,24,Adult,Female
10941_DaliahLavi_25_f.jpg,DaliahLavi,25,25,Adult,Female
10942_DaliahLavi_26_f.jpg,DaliahLavi,26,26,Adult,Female
10943_DaliahLavi_27_f.jpg,DaliahLavi,27,27,Adult,Female
10944_DaliahLavi_28_f.jpg,DaliahLavi,28,28,Adult,Female
10945_DaliahLavi_29_f.jpg,DaliahLavi,29,29,Adult,Female
10946_DaliahLavi_30_f.jpg,DaliahLavi,30,30,Adult,Female
10947_DaliahLavi_31_f.jpg,DaliahLavi,31,31,Adult,Female
10948_DaliahLavi_33_f.jpg,DaliahLavi,33,33,Adult,Female
10949_DaliahLavi_34_f.jpg,DaliahLavi,34,34,Adult,Female
1094_NielsBohr_42_m.jpg,NielsBohr,42,42,Middle,Male
10950_DaliahLavi_35_f.jpg,DaliahLavi,35,35,Adult,Female
10951_DaliahLavi_38_f.jpg,DaliahLavi,38,38,Middle,Female
10952_DaliahLavi_41_f.jpg,DaliahLavi,41,41,Middle,Female
10953_DaliahLavi_47_f.jpg,DaliahLavi,47,47,Middle,Female
10954_DaliahLavi_49_f.jpg,DaliahLavi,49,49,Middle,Female
10955_DaliahLavi_53_f.jpg,DaliahLavi,53,53,Middle,Female
10956_DaliahLavi_58_f.jpg,DaliahLavi,58,58,Senior,Female
10957_DaliahLavi_60_f.jpg,DaliahLavi,60,60,Senior,Female
10958_DaliahLavi_62_f.jpg,DaliahLavi,62,62,Senior,Female
10959_DaliahLavi_64_f.jpg,DaliahLavi,64,64,Senior,Female
1095_NielsBohr_62_m.jpg,NielsBohr,62,62,Senior,Male
10960_DaliahLavi_66_f.jpg,DaliahLavi,66,66,Senior,Female
10961_DaliahLavi_68_f.jpg,DaliahLavi,68,68,Senior,Female
10962_DaliahLavi_71_f.jpg,DaliahLavi,71,71,Elderly,Female
10963_DaliahLavi_72_f.jpg,DaliahLavi,72,72,Elderly,Female
1096_NielsBohr_52_m.jpg,NielsBohr,52,52,Middle,Male
1097_NielsBohr_64_m.jpg,NielsBohr,64,64,Senior,Male
10989_EllenBurstyn_70_f.jpg,EllenBurstyn,70,70,Senior,Female
1098_NielsBohr_32_m.jpg,NielsBohr,32,32,Adult,Male
10990_EllenBurstyn_31_f.jpg,EllenBurstyn,31,31,Adult,Female
10991_EllenBurstyn_18_f.jpg,EllenBurstyn,18,18,Adult,Female
10992_EllenBurstyn_32_f.jpg,EllenBurstyn,32,32,Adult,Female
10993_EllenBurstyn_37_f.jpg,EllenBurstyn,37,37,Middle,Female
10994_EllenBurstyn_38_f.jpg,EllenBurstyn,38,38,Middle,Female
10995_EllenBurstyn_39_f.jpg,EllenBurstyn,39,39,Middle,Female
10996_EllenBurstyn_41_f.jpg,EllenBurstyn,41,41,Middle,Female
10997_EllenBurstyn_42_f.jpg,EllenBurstyn,42,42,Middle,Female
10998_EllenBurstyn_45_f.jpg,EllenBurstyn,45,45,Middle,Female
10999_EllenBurstyn_53_f.jpg,EllenBurstyn,53,53,Middle,Female
1099_NielsBohr_50_m.jpg,NielsBohr,50,50,Middle,Male
11000_EllenBurstyn_46_f.jpg,EllenBurstyn,46,46,Middle,Female
11001_EllenBurstyn_49_f.jpg,EllenBurstyn,49,49,Middle,Female
11002_EllenBurstyn_52_f.jpg,EllenBurstyn,52,52,Middle,Female
11003_EllenBurstyn_54_f.jpg,EllenBurstyn,54,54,Middle,Female
11004_EllenBurstyn_55_f.jpg,EllenBurstyn,55,55,Middle,Female
11005_EllenBurstyn_61_f.jpg,EllenBurstyn,61,61,Senior,Female
11006_EllenBurstyn_62_f.jpg,EllenBurstyn,62,62,Senior,Female
11007_EllenBurstyn_63_f.jpg,EllenBurstyn,63,63,Senior,Female
11008_EllenBurstyn_64_f.jpg,EllenBurstyn,64,64,Senior,Female
11009_EllenBurstyn_64_f.jpg,EllenBurstyn,64,64,Senior,Female
1100_NielsBohr_25_m.jpg,NielsBohr,25,25,Adult,Male
11010_EllenBurstyn_66_f.jpg,EllenBurstyn,66,66,Senior,Female
11011_EllenBurstyn_68_f.jpg,EllenBurstyn,68,68,Senior,Female
11012_EllenBurstyn_68_f.jpg,EllenBurstyn,68,68,Senior,Female
11013_EllenBurstyn_69_f.jpg,EllenBurstyn,69,69,Senior,Female
11014_EllenBurstyn_70_f.jpg,EllenBurstyn,70,70,Senior,Female
11015_EllenBurstyn_72_f.jpg,EllenBurstyn,72,72,Elderly,Female
11016_EllenBurstyn_75_f.jpg,EllenBurstyn,75,75,Elderly,Female
11017_EllenBurstyn_76_f.jpg,EllenBurstyn,76,76,Elderly,Female
11018_EllenBurstyn_77_f.jpg,EllenBurstyn,77,77,Elderly,Female
11019_EllenBurstyn_81_f.jpg,EllenBurstyn,81,81,Elderly,Female
1101_NielsBohr_72_m.jpg,NielsBohr,72,72,Elderly,Male
11020_EllenBurstyn_82_f.jpg,EllenBurstyn,82,82,Elderly,Female
11021_EllenBurstyn_33_f.jpg,EllenBurstyn,33,33,Adult,Female
11022_EllenBurstyn_71_f.jpg,EllenBurstyn,71,71,Elderly,Female
11023_EllenBurstyn_24_f.jpg,EllenBurstyn,24,24,Adult,Female
11024_EmmaThompson_23_f.jpg,EmmaThompson,23,23,Adult,Female
11025_EmmaThompson_24_f.jpg,EmmaThompson,24,24,Adult,Female
11026_EmmaThompson_27_f.jpg,EmmaThompson,27,27,Adult,Female
11027_EmmaThompson_30_f.jpg,EmmaThompson,30,30,Adult,Female
11028_EmmaThompson_32_f.jpg,EmmaThompson,32,32,Adult,Female
11029_EmmaThompson_33_f.jpg,EmmaThompson,33,33,Adult,Female
11030_EmmaThompson_33_f.jpg,EmmaThompson,33,33,Adult,Female
11031_EmmaThompson_34_f.jpg,EmmaThompson,34,34,Adult,Female
11032_EmmaThompson_35_f.jpg,EmmaThompson,35,35,Adult,Female
11033_EmmaThompson_37_f.jpg,EmmaThompson,37,37,Middle,Female
11034_EmmaThompson_38_f.jpg,EmmaThompson,38,38,Middle,Female
11035_EmmaThompson_40_f.jpg,EmmaThompson,40,40,Middle,Female
11036_EmmaThompson_42_f.jpg,EmmaThompson,42,42,Middle,Female
11037_EmmaThompson_43_f.jpg,EmmaThompson,43,43,Middle,Female
11038_EmmaThompson_44_f.jpg,EmmaThompson,44,44,Middle,Female
11039_EmmaThompson_47_f.jpg,EmmaThompson,47,47,Middle,Female
11040_EmmaThompson_49_f.jpg,EmmaThompson,49,49,Middle,Female
11041_EmmaThompson_49_f.jpg,EmmaThompson,49,49,Middle,Female
11042_EmmaThompson_51_f.jpg,EmmaThompson,51,51,Middle,Female
11043_EmmaThompson_55_f.jpg,EmmaThompson,55,55,Middle,Female
11083_JodieFoster_11_f.jpg,JodieFoster,11,11,Child,Female
11084_JodieFoster_12_f.jpg,JodieFoster,12,12,Child,Female
11085_JodieFoster_13_f.jpg,JodieFoster,13,13,Juvenile,Female
11086_JodieFoster_14_f.jpg,JodieFoster,14,14,Juvenile,Female
11087_JodieFoster_15_f.jpg,JodieFoster,15,15,Juvenile,Female
11088_JodieFoster_17_f.jpg,JodieFoster,17,17,Juvenile,Female
11089_JodieFoster_18_f.jpg,JodieFoster,18,18,Adult,Female
11090_JodieFoster_20_f.jpg,JodieFoster,20,20,Adult,Female
11091_JodieFoster_21_f.jpg,JodieFoster,21,21,Adult,Female
11092_JodieFoster_24_f.jpg,JodieFoster,24,24,Adult,Female
11093_JodieFoster_26_f.jpg,JodieFoster,26,26,Adult,Female
11094_JodieFoster_27_f.jpg,JodieFoster,27,27,Adult,Female
11095_JodieFoster_28_f.jpg,JodieFoster,28,28,Adult,Female
11096_JodieFoster_29_f.jpg,JodieFoster,29,29,Adult,Female
11097_JodieFoster_30_f.jpg,JodieFoster,30,30,Adult,Female
11098_JodieFoster_31_f.jpg,JodieFoster,31,31,Adult,Female
11099_JodieFoster_32_f.jpg,JodieFoster,32,32,Adult,Female
11100_JodieFoster_33_f.jpg,JodieFoster,33,33,Adult,Female
11101_JodieFoster_34_f.jpg,JodieFoster,34,34,Adult,Female
11102_JodieFoster_35_f.jpg,JodieFoster,35,35,Adult,Female
11103_JodieFoster_36_f.jpg,JodieFoster,36,36,Middle,Female
11104_JodieFoster_39_f.jpg,JodieFoster,39,39,Middle,Female
11105_JodieFoster_40_f.jpg,JodieFoster,40,40,Middle,Female
11106_JodieFoster_43_f.jpg,JodieFoster,43,43,Middle,Female
11107_JodieFoster_44_f.jpg,JodieFoster,44,44,Middle,Female
11108_JodieFoster_45_f.jpg,JodieFoster,45,45,Middle,Female
11109_JodieFoster_46_f.jpg,JodieFoster,46,46,Middle,Female
11110_JodieFoster_47_f.jpg,JodieFoster,47,47,Middle,Female
11111_JodieFoster_48_f.jpg,JodieFoster,48,48,Middle,Female
11112_JuneLockhart_13_f.jpg,JuneLockhart,13,13,Juvenile,Female
11113_JuneLockhart_15_f.jpg,JuneLockhart,15,15,Juvenile,Female
11114_JuneLockhart_16_f.jpg,JuneLockhart,16,16,Juvenile,Female
11115_JuneLockhart_18_f.jpg,JuneLockhart,18,18,Adult,Female
11116_JuneLockhart_21_f.jpg,JuneLockhart,21,21,Adult,Female
11117_JuneLockhart_23_f.jpg,JuneLockhart,23,23,Adult,Female
11118_JuneLockhart_27_f.jpg,JuneLockhart,27,27,Adult,Female
11119_JuneLockhart_28_f.jpg,JuneLockhart,28,28,Adult,Female
11120_JuneLockhart_33_f.jpg,JuneLockhart,33,33,Adult,Female
11121_JuneLockhart_34_f.jpg,JuneLockhart,34,34,Adult,Female
11122_JuneLockhart_35_f.jpg,JuneLockhart,35,35,Adult,Female
11123_JuneLockhart_36_f.jpg,JuneLockhart,36,36,Middle,Female
11124_JuneLockhart_40_f.jpg,JuneLockhart,40,40,Middle,Female
11125_JuneLockhart_41_f.jpg,JuneLockhart,41,41,Middle,Female
11126_JuneLockhart_42_f.jpg,JuneLockhart,42,42,Middle,Female
11127_JuneLockhart_44_f.jpg,JuneLockhart,44,44,Middle,Female
11128_JuneLockhart_46_f.jpg,JuneLockhart,46,46,Middle,Female
11129_JuneLockhart_48_f.jpg,JuneLockhart,48,48,Middle,Female
11130_JuneLockhart_50_f.jpg,JuneLockhart,50,50,Middle,Female
11131_JuneLockhart_56_f.jpg,JuneLockhart,56,56,Senior,Female
11132_JuneLockhart_60_f.jpg,JuneLockhart,60,60,Senior,Female
11133_JuneLockhart_63_f.jpg,JuneLockhart,63,63,Senior,Female
11134_JuneLockhart_65_f.jpg,JuneLockhart,65,65,Senior,Female
11135_JuneLockhart_66_f.jpg,JuneLockhart,66,66,Senior,Female
11136_JuneLockhart_68_f.jpg,JuneLockhart,68,68,Senior,Female
11137_JuneLockhart_73_f.jpg,JuneLockhart,73,73,Elderly,Female
11138_JuneLockhart_78_f.jpg,JuneLockhart,78,78,Elderly,Female
11139_JuneLockhart_79_f.jpg,JuneLockhart,79,79,Elderly,Female
11140_JuneLockhart_80_f.jpg,JuneLockhart,80,80,Elderly,Female
11141_JuneLockhart_81_f.jpg,JuneLockhart,81,81,Elderly,Female
11142_JuneLockhart_82_f.jpg,JuneLockhart,82,82,Elderly,Female
11143_JuneLockhart_83_f.jpg,JuneLockhart,83,83,Elderly,Female
11144_JuneLockhart_84_f.jpg,JuneLockhart,84,84,Elderly,Female
11145_JuneLockhart_86_f.jpg,JuneLockhart,86,86,Elderly,Female
11146_JuneLockhart_87_f.jpg,JuneLockhart,87,87,Elderly,Female
11147_JuneLockhart_88_f.jpg,JuneLockhart,88,88,Elderly,Female
11148_JuneLockhart_89_f.jpg,JuneLockhart,89,89,Elderly,Female
11149_LizaMinelli_17_f.jpg,LizaMinelli,17,17,Juvenile,Female
11150_LizaMinelli_23_f.jpg,LizaMinelli,23,23,Adult,Female
11151_LizaMinelli_24_f.jpg,LizaMinelli,24,24,Adult,Female
11152_LizaMinelli_26_f.jpg,LizaMinelli,26,26,Adult,Female
11153_LizaMinelli_27_f.jpg,LizaMinelli,27,27,Adult,Female
11154_LizaMinelli_28_f.jpg,LizaMinelli,28,28,Adult,Female
11155_LizaMinelli_29_f.jpg,LizaMinelli,29,29,Adult,Female
11156_LizaMinelli_29_f.jpg,LizaMinelli,29,29,Adult,Female
11157_LizaMinelli_31_f.jpg,LizaMinelli,31,31,Adult,Female
11158_LizaMinelli_31_f.jpg,LizaMinelli,31,31,Adult,Female
11159_LizaMinelli_35_f.jpg,LizaMinelli,35,35,Adult,Female
11160_LizaMinelli_36_f.jpg,LizaMinelli,36,36,Middle,Female
11161_LizaMinelli_38_f.jpg,LizaMinelli,38,38,Middle,Female
11162_LizaMinelli_40_f.jpg,LizaMinelli,40,40,Middle,Female
11163_LizaMinelli_41_f.jpg,LizaMinelli,41,41,Middle,Female
11164_LizaMinelli_42_f.jpg,LizaMinelli,42,42,Middle,Female
11165_LizaMinelli_43_f.jpg,LizaMinelli,43,43,Middle,Female
11166_LizaMinelli_45_f.jpg,LizaMinelli,45,45,Middle,Female
11167_LizaMinelli_53_f.jpg,LizaMinelli,53,53,Middle,Female
11168_LizaMinelli_55_f.jpg,LizaMinelli,55,55,Middle,Female
11169_LizaMinelli_56_f.jpg,LizaMinelli,56,56,Senior,Female
11170_LizaMinelli_57_f.jpg,LizaMinelli,57,57,Senior,Female
11171_LizaMinelli_58_f.jpg,LizaMinelli,58,58,Senior,Female
11172_LizaMinelli_59_f.jpg,LizaMinelli,59,59,Senior,Female
11173_LizaMinelli_60_f.jpg,LizaMinelli,60,60,Senior,Female
11174_LizaMinelli_63_f.jpg,LizaMinelli,63,63,Senior,Female
11175_LizaMinelli_64_f.jpg,LizaMinelli,64,64,Senior,Female
11176_LizaMinelli_66_f.jpg,LizaMinelli,66,66,Senior,Female
11177_LizaMinelli_33_f.jpg,LizaMinelli,33,33,Adult,Female
11178_LizaMinelli_32_f.jpg,LizaMinelli,32,32,Adult,Female
11179_LizaMinelli_30_f.jpg,LizaMinelli,30,30,Adult,Female
1117_FaradayMichael_58_m.jpg,FaradayMichael,58,58,Senior,Male
11180_MonicaVitti_35_f.jpg,MonicaVitti,35,35,Adult,Female
11181_MonicaVitti_27_f.jpg,MonicaVitti,27,27,Adult,Female
11182_MonicaVitti_29_f.jpg,MonicaVitti,29,29,Adult,Female
11183_MonicaVitti_30_f.jpg,MonicaVitti,30,30,Adult,Female
11184_MonicaVitti_30_f.jpg,MonicaVitti,30,30,Adult,Female
11185_MonicaVitti_32_f.jpg,MonicaVitti,32,32,Adult,Female
11186_MonicaVitti_33_f.jpg,MonicaVitti,33,33,Adult,Female
11187_MonicaVitti_34_f.jpg,MonicaVitti,34,34,Adult,Female
11188_MonicaVitti_33_f.jpg,MonicaVitti,33,33,Adult,Female
11189_MonicaVitti_36_f.jpg,MonicaVitti,36,36,Middle,Female
1118_FaradayMichael_55_m.jpg,FaradayMichael,55,55,Middle,Male
11190_MonicaVitti_37_f.jpg,MonicaVitti,37,37,Middle,Female
11191_MonicaVitti_64_f.jpg,MonicaVitti,64,64,Senior,Female
11192_MonicaVitti_39_f.jpg,MonicaVitti,39,39,Middle,Female
11193_MonicaVitti_41_f.jpg,MonicaVitti,41,41,Middle,Female
11194_MonicaVitti_42_f.jpg,MonicaVitti,42,42,Middle,Female
11195_MonicaVitti_43_f.jpg,MonicaVitti,43,43,Middle,Female
11196_MonicaVitti_44_f.jpg,MonicaVitti,44,44,Middle,Female
11197_MonicaVitti_30_f.jpg,MonicaVitti,30,30,Adult,Female
11198_MonicaVitti_36_f.jpg,MonicaVitti,36,36,Middle,Female
11199_MonicaVitti_49_f.jpg,MonicaVitti,49,49,Middle,Female
1119_FaradayMichael_30_m.jpg,FaradayMichael,30,30,Adult,Male
111_MickJagger_27_m.jpg,MickJagger,27,27,Adult,Male
11200_MonicaVitti_49_f.jpg,MonicaVitti,49,49,Middle,Female
11201_MonicaVitti_51_f.jpg,MonicaVitti,51,51,Middle,Female
11202_MonicaVitti_51_f.jpg,MonicaVitti,51,51,Middle,Female
11203_MonicaVitti_34_f.jpg,MonicaVitti,34,34,Adult,Female
11204_MonicaVitti_57_f.jpg,MonicaVitti,57,57,Senior,Female
11205_MonicaVitti_59_f.jpg,MonicaVitti,59,59,Senior,Female
11206_MonicaVitti_60_f.jpg,MonicaVitti,60,60,Senior,Female
11207_MonicaVitti_64_f.jpg,MonicaVitti,64,64,Senior,Female
11208_MonicaVitti_34_f.jpg,MonicaVitti,34,34,Adult,Female
11209_MonicaVitti_33_f.jpg,MonicaVitti,33,33,Adult,Female
1120_FaradayMichael_35_m.jpg,FaradayMichael,35,35,Adult,Male
11210_MonicaVitti_31_f.jpg,MonicaVitti,31,31,Adult,Female
11211_MonicaVitti_35_f.jpg,MonicaVitti,35,35,Adult,Female
11212_MonicaVitti_35_f.jpg,MonicaVitti,35,35,Adult,Female
11213_MonicaVitti_47_f.jpg,MonicaVitti,47,47,Middle,Female
11214_MonicaVitti_29_f.jpg,MonicaVitti,29,29,Adult,Female
11215_MonicaVitti_69_f.jpg,MonicaVitti,69,69,Senior,Female
11216_PiaLindstrom_18_f.jpg,PiaLindstrom,18,18,Adult,Female
11217_PiaLindstrom_20_f.jpg,PiaLindstrom,20,20,Adult,Female
11218_PiaLindstrom_22_f.jpg,PiaLindstrom,22,22,Adult,Female
11219_PiaLindstrom_25_f.jpg,PiaLindstrom,25,25,Adult,Female
1121_FaradayMichael_47_m.jpg,FaradayMichael,47,47,Middle,Male
11220_PiaLindstrom_30_f.jpg,PiaLindstrom,30,30,Adult,Female
11221_PiaLindstrom_32_f.jpg,PiaLindstrom,32,32,Adult,Female
11222_PiaLindstrom_34_f.jpg,PiaLindstrom,34,34,Adult,Female
11223_PiaLindstrom_37_f.jpg,PiaLindstrom,37,37,Middle,Female
11224_PiaLindstrom_42_f.jpg,PiaLindstrom,42,42,Middle,Female
11225_PiaLindstrom_44_f.jpg,PiaLindstrom,44,44,Middle,Female
11226_PiaLindstrom_46_f.jpg,PiaLindstrom,46,46,Middle,Female
11227_PiaLindstrom_48_f.jpg,PiaLindstrom,48,48,Middle,Female
11228_PiaLindstrom_50_f.jpg,PiaLindstrom,50,50,Middle,Female
11229_PiaLindstrom_52_f.jpg,PiaLindstrom,52,52,Middle,Female
1122_FaradayMichael_55_m.jpg,FaradayMichael,55,55,Middle,Male
11230_PiaLindstrom_55_f.jpg,PiaLindstrom,55,55,Middle,Female
11231_PiaLindstrom_56_f.jpg,PiaLindstrom,56,56,Senior,Female
11232_PiaLindstrom_57_f.jpg,PiaLindstrom,57,57,Senior,Female
11233_PiaLindstrom_59_f.jpg,PiaLindstrom,59,59,Senior,Female
11234_PiaLindstrom_61_f.jpg,PiaLindstrom,61,61,Senior,Female
11235_PiaLindstrom_63_f.jpg,PiaLindstrom,63,63,Senior,Female
11236_PiaLindstrom_65_f.jpg,PiaLindstrom,65,65,Senior,Female
11237_PiaLindstrom_68_f.jpg,PiaLindstrom,68,68,Senior,Female
11238_PiaLindstrom_69_f.jpg,PiaLindstrom,69,69,Senior,Female
11239_PiaLindstrom_70_f.jpg,PiaLindstrom,70,70,Senior,Female
1123_FaradayMichael_35_m.jpg,FaradayMichael,35,35,Adult,Male
11240_PiaLindstrom_73_f.jpg,PiaLindstrom,73,73,Elderly,Female
11241_PiaLindstrom_74_f.jpg,PiaLindstrom,74,74,Elderly,Female
11242_ShirleyJones_19_f.jpg,ShirleyJones,19,19,Adult,Female
11243_ShirleyJones_21_f.jpg,ShirleyJones,21,21,Adult,Female
11244_ShirleyJones_21_f.jpg,ShirleyJones,21,21,Adult,Female
11245_ShirleyJones_24_f.jpg,ShirleyJones,24,24,Adult,Female
11246_ShirleyJones_26_f.jpg,ShirleyJones,26,26,Adult,Female
11247_ShirleyJones_27_f.jpg,ShirleyJones,27,27,Adult,Female
11248_ShirleyJones_28_f.jpg,ShirleyJones,28,28,Adult,Female
11249_ShirleyJones_29_f.jpg,ShirleyJones,29,29,Adult,Female
1124_FaradayMichael_60_m.jpg,FaradayMichael,60,60,Senior,Male
11250_ShirleyJones_31_f.jpg,ShirleyJones,31,31,Adult,Female
11251_ShirleyJones_32_f.jpg,ShirleyJones,32,32,Adult,Female
11252_ShirleyJones_35_f.jpg,ShirleyJones,35,35,Adult,Female
11253_ShirleyJones_37_f.jpg,ShirleyJones,37,37,Middle,Female
11254_ShirleyJones_38_f.jpg,ShirleyJones,38,38,Middle,Female
11255_ShirleyJones_39_f.jpg,ShirleyJones,39,39,Middle,Female
11256_ShirleyJones_41_f.jpg,ShirleyJones,41,41,Middle,Female
11257_ShirleyJones_44_f.jpg,ShirleyJones,44,44,Middle,Female
11258_ShirleyJones_45_f.jpg,ShirleyJones,45,45,Middle,Female
11259_ShirleyJones_47_f.jpg,ShirleyJones,47,47,Middle,Female
1125_FaradayMichael_53_m.jpg,FaradayMichael,53,53,Middle,Male
11260_ShirleyJones_49_f.jpg,ShirleyJones,49,49,Middle,Female
11261_ShirleyJones_51_f.jpg,ShirleyJones,51,51,Middle,Female
11262_ShirleyJones_56_f.jpg,ShirleyJones,56,56,Senior,Female
11263_ShirleyJones_59_f.jpg,ShirleyJones,59,59,Senior,Female
11264_ShirleyJones_61_f.jpg,ShirleyJones,61,61,Senior,Female
11265_ShirleyJones_67_f.jpg,ShirleyJones,67,67,Senior,Female
11266_ShirleyJones_69_f.jpg,ShirleyJones,69,69,Senior,Female
11267_ShirleyJones_70_f.jpg,ShirleyJones,70,70,Senior,Female
11268_ShirleyJones_71_f.jpg,ShirleyJones,71,71,Elderly,Female
11269_ShirleyJones_72_f.jpg,ShirleyJones,72,72,Elderly,Female
1126_FaradayMichael_34_m.jpg,FaradayMichael,34,34,Adult,Male
11270_ShirleyJones_73_f.jpg,ShirleyJones,73,73,Elderly,Female
11271_ShirleyJones_74_f.jpg,ShirleyJones,74,74,Elderly,Female
11272_ShirleyJones_75_f.jpg,ShirleyJones,75,75,Elderly,Female
11273_ShirleyJones_76_f.jpg,ShirleyJones,76,76,Elderly,Female
11274_ShirleyJones_77_f.jpg,ShirleyJones,77,77,Elderly,Female
11275_ShirleyJones_78_f.jpg,ShirleyJones,78,78,Elderly,Female
11276_ShirleyJones_79_f.jpg,ShirleyJones,79,79,Elderly,Female
1127_FaradayMichael_60_m.jpg,FaradayMichael,60,60,Senior,Male
1128_FaradayMichael_70_m.jpg,FaradayMichael,70,70,Senior,Male
1129_FaradayMichael_75_m.jpg,FaradayMichael,75,75,Elderly,Male
112_MickJagger_30_m.jpg,MickJagger,30,30,Adult,Male
11305_TanyaRoberts_16_f.jpg,TanyaRoberts,16,16,Juvenile,Female
11306_TanyaRoberts_17_f.jpg,TanyaRoberts,17,17,Juvenile,Female
11307_TanyaRoberts_18_f.jpg,TanyaRoberts,18,18,Adult,Female
11308_TanyaRoberts_19_f.jpg,TanyaRoberts,19,19,Adult,Female
11309_TanyaRoberts_20_f.jpg,TanyaRoberts,20,20,Adult,Female
1130_FaradayMichael_73_m.jpg,FaradayMichael,73,73,Elderly,Male
11310_TanyaRoberts_21_f.jpg,TanyaRoberts,21,21,Adult,Female
11311_TanyaRoberts_22_f.jpg,TanyaRoberts,22,22,Adult,Female
11312_TanyaRoberts_23_f.jpg,TanyaRoberts,23,23,Adult,Female
11313_TanyaRoberts_29_f.jpg,TanyaRoberts,29,29,Adult,Female
11314_TanyaRoberts_32_f.jpg,TanyaRoberts,32,32,Adult,Female
11315_TanyaRoberts_33_f.jpg,TanyaRoberts,33,33,Adult,Female
11316_TanyaRoberts_34_f.jpg,TanyaRoberts,34,34,Adult,Female
11317_TanyaRoberts_36_f.jpg,TanyaRoberts,36,36,Middle,Female
11318_TanyaRoberts_39_f.jpg,TanyaRoberts,39,39,Middle,Female
11319_TanyaRoberts_40_f.jpg,TanyaRoberts,40,40,Middle,Female
1131_FaradayMichael_30_m.jpg,FaradayMichael,30,30,Adult,Male
11320_TanyaRoberts_43_f.jpg,TanyaRoberts,43,43,Middle,Female
11321_TanyaRoberts_44_f.jpg,TanyaRoberts,44,44,Middle,Female
11322_TanyaRoberts_52_f.jpg,TanyaRoberts,52,52,Middle,Female
11323_TanyaRoberts_53_f.jpg,TanyaRoberts,53,53,Middle,Female
11324_TanyaRoberts_54_f.jpg,TanyaRoberts,54,54,Middle,Female
11325_TanyaRoberts_55_f.jpg,TanyaRoberts,55,55,Middle,Female
1132_FaradayMichael_31_m.jpg,FaradayMichael,31,31,Adult,Male
1133_FaradayMichael_29_m.jpg,FaradayMichael,29,29,Adult,Male
11399_AnnetteBening_29_f.jpg,AnnetteBening,29,29,Adult,Female
113_MickJagger_65_m.jpg,MickJagger,65,65,Senior,Male
11400_AnnetteBening_30_f.jpg,AnnetteBening,30,30,Adult,Female
11401_AnnetteBening_32_f.jpg,AnnetteBening,32,32,Adult,Female
11402_AnnetteBening_33_f.jpg,AnnetteBening,33,33,Adult,Female
11403_AnnetteBening_33_f.jpg,AnnetteBening,33,33,Adult,Female
11404_AnnetteBening_34_f.jpg,AnnetteBening,34,34,Adult,Female
11405_AnnetteBening_35_f.jpg,AnnetteBening,35,35,Adult,Female
11406_AnnetteBening_36_f.jpg,AnnetteBening,36,36,Middle,Female
11407_AnnetteBening_36_f.jpg,AnnetteBening,36,36,Middle,Female
11408_AnnetteBening_37_f.jpg,AnnetteBening,37,37,Middle,Female
11409_AnnetteBening_37_f.jpg,AnnetteBening,37,37,Middle,Female
11410_AnnetteBening_38_f.jpg,AnnetteBening,38,38,Middle,Female
11411_AnnetteBening_40_f.jpg,AnnetteBening,40,40,Middle,Female
11412_AnnetteBening_40_f.jpg,AnnetteBening,40,40,Middle,Female
11413_AnnetteBening_42_f.jpg,AnnetteBening,42,42,Middle,Female
11414_AnnetteBening_42_f.jpg,AnnetteBening,42,42,Middle,Female
11415_AnnetteBening_43_f.jpg,AnnetteBening,43,43,Middle,Female
11416_AnnetteBening_45_f.jpg,AnnetteBening,45,45,Middle,Female
11417_AnnetteBening_47_f.jpg,AnnetteBening,47,47,Middle,Female
11418_AnnetteBening_48_f.jpg,AnnetteBening,48,48,Middle,Female
11419_AnnetteBening_49_f.jpg,AnnetteBening,49,49,Middle,Female
11420_AnnetteBening_50_f.jpg,AnnetteBening,50,50,Middle,Female
11421_AnnetteBening_51_f.jpg,AnnetteBening,51,51,Middle,Female
11422_AnnetteBening_51_f.jpg,AnnetteBening,51,51,Middle,Female
11423_AnnetteBening_52_f.jpg,AnnetteBening,52,52,Middle,Female
11424_AnnetteBening_52_f.jpg,AnnetteBening,52,52,Middle,Female
11425_AnnetteBening_53_f.jpg,AnnetteBening,53,53,Middle,Female
11426_AnnetteBening_54_f.jpg,AnnetteBening,54,54,Middle,Female
11427_AnnetteBening_55_f.jpg,AnnetteBening,55,55,Middle,Female
11428_CyndiLauper_20_f.jpg,CyndiLauper,20,20,Adult,Female
11429_CyndiLauper_27_f.jpg,CyndiLauper,27,27,Adult,Female
11430_CyndiLauper_29_f.jpg,CyndiLauper,29,29,Adult,Female
11431_CyndiLauper_30_f.jpg,CyndiLauper,30,30,Adult,Female
11432_CyndiLauper_31_f.jpg,CyndiLauper,31,31,Adult,Female
11433_CyndiLauper_32_f.jpg,CyndiLauper,32,32,Adult,Female
11434_CyndiLauper_34_f.jpg,CyndiLauper,34,34,Adult,Female
11435_CyndiLauper_37_f.jpg,CyndiLauper,37,37,Middle,Female
11436_CyndiLauper_38_f.jpg,CyndiLauper,38,38,Middle,Female
11437_CyndiLauper_45_f.jpg,CyndiLauper,45,45,Middle,Female
11438_CyndiLauper_48_f.jpg,CyndiLauper,48,48,Middle,Female
11439_CyndiLauper_49_f.jpg,CyndiLauper,49,49,Middle,Female
11440_CyndiLauper_51_f.jpg,CyndiLauper,51,51,Middle,Female
11441_CyndiLauper_52_f.jpg,CyndiLauper,52,52,Middle,Female
11442_CyndiLauper_53_f.jpg,CyndiLauper,53,53,Middle,Female
11443_CyndiLauper_54_f.jpg,CyndiLauper,54,54,Middle,Female
11444_CyndiLauper_55_f.jpg,CyndiLauper,55,55,Middle,Female
11445_CyndiLauper_56_f.jpg,CyndiLauper,56,56,Senior,Female
11446_CyndiLauper_58_f.jpg,CyndiLauper,58,58,Senior,Female
11447_CyndiLauper_59_f.jpg,CyndiLauper,59,59,Senior,Female
11448_CyndiLauper_60_f.jpg,CyndiLauper,60,60,Senior,Female
11449_CyndiLauper_61_f.jpg,CyndiLauper,61,61,Senior,Female
11450_CyndiLauper_61_f.jpg,CyndiLauper,61,61,Senior,Female
11451_JuliaRoberts_9_f.jpg,JuliaRoberts,9,9,Child,Female
11452_JuliaRoberts_15_f.jpg,JuliaRoberts,15,15,Juvenile,Female
11453_JuliaRoberts_17_f.jpg,JuliaRoberts,17,17,Juvenile,Female
11454_JuliaRoberts_18_f.jpg,JuliaRoberts,18,18,Adult,Female
11455_JuliaRoberts_19_f.jpg,JuliaRoberts,19,19,Adult,Female
11456_JuliaRoberts_21_f.jpg,JuliaRoberts,21,21,Adult,Female
11457_JuliaRoberts_22_f.jpg,JuliaRoberts,22,22,Adult,Female
11458_JuliaRoberts_23_f.jpg,JuliaRoberts,23,23,Adult,Female
11459_JuliaRoberts_24_f.jpg,JuliaRoberts,24,24,Adult,Female
11460_JuliaRoberts_25_f.jpg,JuliaRoberts,25,25,Adult,Female
11461_JuliaRoberts_26_f.jpg,JuliaRoberts,26,26,Adult,Female
11462_JuliaRoberts_29_f.jpg,JuliaRoberts,29,29,Adult,Female
11463_JuliaRoberts_32_f.jpg,JuliaRoberts,32,32,Adult,Female
11464_JuliaRoberts_33_f.jpg,JuliaRoberts,33,33,Adult,Female
11465_JuliaRoberts_34_f.jpg,JuliaRoberts,34,34,Adult,Female
11466_JuliaRoberts_35_f.jpg,JuliaRoberts,35,35,Adult,Female
11467_JuliaRoberts_36_f.jpg,JuliaRoberts,36,36,Middle,Female
11468_JuliaRoberts_37_f.jpg,JuliaRoberts,37,37,Middle,Female
11469_JuliaRoberts_38_f.jpg,JuliaRoberts,38,38,Middle,Female
11470_JuliaRoberts_43_f.jpg,JuliaRoberts,43,43,Middle,Female
11471_JulieAndrews_65_f.jpg,JulieAndrews,65,65,Senior,Female
11472_JulieAndrews_14_f.jpg,JulieAndrews,14,14,Juvenile,Female
11473_JulieAndrews_32_f.jpg,JulieAndrews,32,32,Adult,Female
11474_JulieAndrews_26_f.jpg,JulieAndrews,26,26,Adult,Female
11475_JulieAndrews_21_f.jpg,JulieAndrews,21,21,Adult,Female
11476_JulieAndrews_25_f.jpg,JulieAndrews,25,25,Adult,Female
11477_JulieAndrews_28_f.jpg,JulieAndrews,28,28,Adult,Female
11478_JulieAndrews_29_f.jpg,JulieAndrews,29,29,Adult,Female
11479_JulieAndrews_30_f.jpg,JulieAndrews,30,30,Adult,Female
11480_JulieAndrews_31_f.jpg,JulieAndrews,31,31,Adult,Female
11481_JulieAndrews_37_f.jpg,JulieAndrews,37,37,Middle,Female
11482_JulieAndrews_39_f.jpg,JulieAndrews,39,39,Middle,Female
11483_JulieAndrews_40_f.jpg,JulieAndrews,40,40,Middle,Female
11484_JulieAndrews_36_f.jpg,JulieAndrews,36,36,Middle,Female
11485_JulieAndrews_38_f.jpg,JulieAndrews,38,38,Middle,Female
11486_JulieAndrews_22_f.jpg,JulieAndrews,22,22,Adult,Female
11487_JulieAndrews_44_f.jpg,JulieAndrews,44,44,Middle,Female
11488_JulieAndrews_46_f.jpg,JulieAndrews,46,46,Middle,Female
11489_JulieAndrews_54_f.jpg,JulieAndrews,54,54,Middle,Female
11490_JulieAndrews_66_f.jpg,JulieAndrews,66,66,Senior,Female
11491_JulieAndrews_69_f.jpg,JulieAndrews,69,69,Senior,Female
11492_JulieAndrews_71_f.jpg,JulieAndrews,71,71,Elderly,Female
11493_JulieAndrews_72_f.jpg,JulieAndrews,72,72,Elderly,Female
11494_JulieAndrews_74_f.jpg,JulieAndrews,74,74,Elderly,Female
11495_JulieAndrews_75_f.jpg,JulieAndrews,75,75,Elderly,Female
11496_JulieAndrews_76_f.jpg,JulieAndrews,76,76,Elderly,Female
11497_JulieAndrews_77_f.jpg,JulieAndrews,77,77,Elderly,Female
11498_JulieAndrews_78_f.jpg,JulieAndrews,78,78,Elderly,Female
11499_JulieAndrews_68_f.jpg,JulieAndrews,68,68,Senior,Female
114_MickJagger_22_m.jpg,MickJagger,22,22,Adult,Male
11500_JulieAndrews_33_f.jpg,JulieAndrews,33,33,Adult,Female
11530_LaurenBacall_17_f.jpg,LaurenBacall,17,17,Juvenile,Female
11531_LaurenBacall_28_f.jpg,LaurenBacall,28,28,Adult,Female
11532_LaurenBacall_18_f.jpg,LaurenBacall,18,18,Adult,Female
11533_LaurenBacall_19_f.jpg,LaurenBacall,19,19,Adult,Female
11534_LaurenBacall_20_f.jpg,LaurenBacall,20,20,Adult,Female
11535_LaurenBacall_21_f.jpg,LaurenBacall,21,21,Adult,Female
11536_LaurenBacall_22_f.jpg,LaurenBacall,22,22,Adult,Female
11537_LaurenBacall_22_f.jpg,LaurenBacall,22,22,Adult,Female
11538_LaurenBacall_23_f.jpg,LaurenBacall,23,23,Adult,Female
11539_LaurenBacall_25_f.jpg,LaurenBacall,25,25,Adult,Female
11540_LaurenBacall_26_f.jpg,LaurenBacall,26,26,Adult,Female
11541_LaurenBacall_31_f.jpg,LaurenBacall,31,31,Adult,Female
11542_LaurenBacall_31_f.jpg,LaurenBacall,31,31,Adult,Female
11543_LaurenBacall_31_f.jpg,LaurenBacall,31,31,Adult,Female
11544_LaurenBacall_34_f.jpg,LaurenBacall,34,34,Adult,Female
11545_LaurenBacall_35_f.jpg,LaurenBacall,35,35,Adult,Female
11546_LaurenBacall_40_f.jpg,LaurenBacall,40,40,Middle,Female
11547_LaurenBacall_45_f.jpg,LaurenBacall,45,45,Middle,Female
11548_LaurenBacall_65_f.jpg,LaurenBacall,65,65,Senior,Female
11549_LaurenBacall_72_f.jpg,LaurenBacall,72,72,Elderly,Female
11550_LaurenBacall_73_f.jpg,LaurenBacall,73,73,Elderly,Female
11551_LaurenBacall_77_f.jpg,LaurenBacall,77,77,Elderly,Female
11552_LaurenBacall_75_f.jpg,LaurenBacall,75,75,Elderly,Female
11553_LaurenBacall_80_f.jpg,LaurenBacall,80,80,Elderly,Female
11554_LaurenBacall_81_f.jpg,LaurenBacall,81,81,Elderly,Female
11555_LaurenBacall_82_f.jpg,LaurenBacall,82,82,Elderly,Female
11556_LaurenBacall_83_f.jpg,LaurenBacall,83,83,Elderly,Female
11557_LaurenBacall_85_f.jpg,LaurenBacall,85,85,Elderly,Female
11558_LaurenBacall_42_f.jpg,LaurenBacall,42,42,Middle,Female
11559_LaurenBacall_31_f.jpg,LaurenBacall,31,31,Adult,Female
11560_LaurenBacall_56_f.jpg,LaurenBacall,56,56,Senior,Female
11561_LaurenBacall_57_f.jpg,LaurenBacall,57,57,Senior,Female
11562_LaurenBacall_46_f.jpg,LaurenBacall,46,46,Middle,Female
11563_LaurenBacall_64_f.jpg,LaurenBacall,64,64,Senior,Female
11564_LaurenBacall_27_f.jpg,LaurenBacall,27,27,Adult,Female
11565_LaurenBacall_26_f.jpg,LaurenBacall,26,26,Adult,Female
11566_LaurenBacall_20_f.jpg,LaurenBacall,20,20,Adult,Female
11567_LindsayWagner_24_f.jpg,LindsayWagner,24,24,Adult,Female
11568_LindsayWagner_25_f.jpg,LindsayWagner,25,25,Adult,Female
11569_LindsayWagner_26_f.jpg,LindsayWagner,26,26,Adult,Female
11570_LindsayWagner_28_f.jpg,LindsayWagner,28,28,Adult,Female
11571_LindsayWagner_31_f.jpg,LindsayWagner,31,31,Adult,Female
11572_LindsayWagner_33_f.jpg,LindsayWagner,33,33,Adult,Female
11573_LindsayWagner_34_f.jpg,LindsayWagner,34,34,Adult,Female
11574_LindsayWagner_41_f.jpg,LindsayWagner,41,41,Middle,Female
11575_LindsayWagner_42_f.jpg,LindsayWagner,42,42,Middle,Female
11576_LindsayWagner_44_f.jpg,LindsayWagner,44,44,Middle,Female
11577_LindsayWagner_48_f.jpg,LindsayWagner,48,48,Middle,Female
11578_LindsayWagner_49_f.jpg,LindsayWagner,49,49,Middle,Female
11579_LindsayWagner_50_f.jpg,LindsayWagner,50,50,Middle,Female
11580_LindsayWagner_52_f.jpg,LindsayWagner,52,52,Middle,Female
11581_LindsayWagner_54_f.jpg,LindsayWagner,54,54,Middle,Female
11582_LindsayWagner_57_f.jpg,LindsayWagner,57,57,Senior,Female
11583_LindsayWagner_59_f.jpg,LindsayWagner,59,59,Senior,Female
11584_LindsayWagner_60_f.jpg,LindsayWagner,60,60,Senior,Female
11585_LindsayWagner_61_f.jpg,LindsayWagner,61,61,Senior,Female
11586_LindsayWagner_62_f.jpg,LindsayWagner,62,62,Senior,Female
11587_LindsayWagner_63_f.jpg,LindsayWagner,63,63,Senior,Female
11588_MargeChampion_18_f.jpg,MargeChampion,18,18,Adult,Female
11589_MargeChampion_19_f.jpg,MargeChampion,19,19,Adult,Female
11590_MargeChampion_20_f.jpg,MargeChampion,20,20,Adult,Female
11591_MargeChampion_21_f.jpg,MargeChampion,21,21,Adult,Female
11592_MargeChampion_22_f.jpg,MargeChampion,22,22,Adult,Female
11593_MargeChampion_23_f.jpg,MargeChampion,23,23,Adult,Female
11594_MargeChampion_25_f.jpg,MargeChampion,25,25,Adult,Female
11595_MargeChampion_26_f.jpg,MargeChampion,26,26,Adult,Female
11596_MargeChampion_28_f.jpg,MargeChampion,28,28,Adult,Female
11597_MargeChampion_30_f.jpg,MargeChampion,30,30,Adult,Female
11598_MargeChampion_31_f.jpg,MargeChampion,31,31,Adult,Female
11599_MargeChampion_32_f.jpg,MargeChampion,32,32,Adult,Female
115_MickJagger_21_m.jpg,MickJagger,21,21,Adult,Male
11600_MargeChampion_33_f.jpg,MargeChampion,33,33,Adult,Female
11601_MargeChampion_34_f.jpg,MargeChampion,34,34,Adult,Female
11602_MargeChampion_35_f.jpg,MargeChampion,35,35,Adult,Female
11603_MargeChampion_36_f.jpg,MargeChampion,36,36,Middle,Female
11604_MargeChampion_37_f.jpg,MargeChampion,37,37,Middle,Female
11605_MargeChampion_38_f.jpg,MargeChampion,38,38,Middle,Female
11606_MargeChampion_39_f.jpg,MargeChampion,39,39,Middle,Female
11607_MargeChampion_40_f.jpg,MargeChampion,40,40,Middle,Female
11608_MargeChampion_46_f.jpg,MargeChampion,46,46,Middle,Female
11609_MargeChampion_53_f.jpg,MargeChampion,53,53,Middle,Female
11610_MargeChampion_57_f.jpg,MargeChampion,57,57,Senior,Female
11611_MargeChampion_65_f.jpg,MargeChampion,65,65,Senior,Female
11612_MargeChampion_81_f.jpg,MargeChampion,81,81,Elderly,Female
11613_MargeChampion_85_f.jpg,MargeChampion,85,85,Elderly,Female
11614_MargeChampion_86_f.jpg,MargeChampion,86,86,Elderly,Female
11615_MargeChampion_87_f.jpg,MargeChampion,87,87,Elderly,Female
11616_MargeChampion_88_f.jpg,MargeChampion,88,88,Elderly,Female
11617_MargeChampion_90_f.jpg,MargeChampion,90,90,Elderly,Female
11618_MargeChampion_91_f.jpg,MargeChampion,91,91,Elderly,Female
11619_MargeChampion_92_f.jpg,MargeChampion,92,92,Elderly,Female
11620_MargeChampion_93_f.jpg,MargeChampion,93,93,Elderly,Female
11621_MargeChampion_94_f.jpg,MargeChampion,94,94,Elderly,Female
11622_MaureenOHara_20_f.jpg,MaureenOHara,20,20,Adult,Female
11623_MaureenOHara_21_f.jpg,MaureenOHara,21,21,Adult,Female
11624_MaureenOHara_22_f.jpg,MaureenOHara,22,22,Adult,Female
11625_MaureenOHara_23_f.jpg,MaureenOHara,23,23,Adult,Female
11626_MaureenOHara_26_f.jpg,MaureenOHara,26,26,Adult,Female
11627_MaureenOHara_27_f.jpg,MaureenOHara,27,27,Adult,Female
11628_MaureenOHara_28_f.jpg,MaureenOHara,28,28,Adult,Female
11629_MaureenOHara_29_f.jpg,MaureenOHara,29,29,Adult,Female
11630_MaureenOHara_32_f.jpg,MaureenOHara,32,32,Adult,Female
11631_MaureenOHara_33_f.jpg,MaureenOHara,33,33,Adult,Female
11632_MaureenOHara_34_f.jpg,MaureenOHara,34,34,Adult,Female
11633_MaureenOHara_35_f.jpg,MaureenOHara,35,35,Adult,Female
11634_MaureenOHara_36_f.jpg,MaureenOHara,36,36,Middle,Female
11635_MaureenOHara_39_f.jpg,MaureenOHara,39,39,Middle,Female
11636_MaureenOHara_45_f.jpg,MaureenOHara,45,45,Middle,Female
11637_MaureenOHara_51_f.jpg,MaureenOHara,51,51,Middle,Female
11638_MaureenOHara_71_f.jpg,MaureenOHara,71,71,Elderly,Female
11639_MaureenOHara_75_f.jpg,MaureenOHara,75,75,Elderly,Female
11640_MaureenOHara_75_f.jpg,MaureenOHara,75,75,Elderly,Female
11641_MaureenOHara_78_f.jpg,MaureenOHara,78,78,Elderly,Female
11642_MaureenOHara_84_f.jpg,MaureenOHara,84,84,Elderly,Female
11643_MaureenOHara_35_f.jpg,MaureenOHara,35,35,Adult,Female
11644_MaureenOHara_78_f.jpg,MaureenOHara,78,78,Elderly,Female
11645_MaureenOHara_85_f.jpg,MaureenOHara,85,85,Elderly,Female
11646_MaureenOHara_82_f.jpg,MaureenOHara,82,82,Elderly,Female
11647_MaureenOHara_30_f.jpg,MaureenOHara,30,30,Adult,Female
11648_MaureenOHara_28_f.jpg,MaureenOHara,28,28,Adult,Female
11649_MaureenOHara_89_f.jpg,MaureenOHara,89,89,Elderly,Female
11650_MaureenOHara_20_f.jpg,MaureenOHara,20,20,Adult,Female
11651_MaureenOHara_18_f.jpg,MaureenOHara,18,18,Adult,Female
11694_OliviaHussey_14_f.jpg,OliviaHussey,14,14,Juvenile,Female
11695_OliviaHussey_16_f.jpg,OliviaHussey,16,16,Juvenile,Female
11696_OliviaHussey_18_f.jpg,OliviaHussey,18,18,Adult,Female
11697_OliviaHussey_20_f.jpg,OliviaHussey,20,20,Adult,Female
11698_OliviaHussey_21_f.jpg,OliviaHussey,21,21,Adult,Female
11699_OliviaHussey_22_f.jpg,OliviaHussey,22,22,Adult,Female
116_MickJagger_24_m.jpg,MickJagger,24,24,Adult,Male
11700_OliviaHussey_23_f.jpg,OliviaHussey,23,23,Adult,Female
11701_OliviaHussey_26_f.jpg,OliviaHussey,26,26,Adult,Female
11702_OliviaHussey_27_f.jpg,OliviaHussey,27,27,Adult,Female
11703_OliviaHussey_28_f.jpg,OliviaHussey,28,28,Adult,Female
11704_OliviaHussey_29_f.jpg,OliviaHussey,29,29,Adult,Female
11705_OliviaHussey_30_f.jpg,OliviaHussey,30,30,Adult,Female
11706_OliviaHussey_31_f.jpg,OliviaHussey,31,31,Adult,Female
11707_OliviaHussey_33_f.jpg,OliviaHussey,33,33,Adult,Female
11708_OliviaHussey_34_f.jpg,OliviaHussey,34,34,Adult,Female
11709_OliviaHussey_39_f.jpg,OliviaHussey,39,39,Middle,Female
11710_OliviaHussey_40_f.jpg,OliviaHussey,40,40,Middle,Female
11711_OliviaHussey_41_f.jpg,OliviaHussey,41,41,Middle,Female
11712_OliviaHussey_43_f.jpg,OliviaHussey,43,43,Middle,Female
11713_OliviaHussey_44_f.jpg,OliviaHussey,44,44,Middle,Female
11714_OliviaHussey_46_f.jpg,OliviaHussey,46,46,Middle,Female
11715_OliviaHussey_50_f.jpg,OliviaHussey,50,50,Middle,Female
11716_OliviaHussey_52_f.jpg,OliviaHussey,52,52,Middle,Female
11717_OliviaHussey_55_f.jpg,OliviaHussey,55,55,Middle,Female
11718_OliviaHussey_56_f.jpg,OliviaHussey,56,56,Senior,Female
11719_OliviaHussey_57_f.jpg,OliviaHussey,57,57,Senior,Female
11720_OliviaHussey_60_f.jpg,OliviaHussey,60,60,Senior,Female
11721_OliviaHussey_62_f.jpg,OliviaHussey,62,62,Senior,Female
11722_OliviaHussey_63_f.jpg,OliviaHussey,63,63,Senior,Female
11761_TildaSwinton_24_f.jpg,TildaSwinton,24,24,Adult,Female
11762_TildaSwinton_25_f.jpg,TildaSwinton,25,25,Adult,Female
11763_TildaSwinton_27_f.jpg,TildaSwinton,27,27,Adult,Female
11764_TildaSwinton_28_f.jpg,TildaSwinton,28,28,Adult,Female
11765_TildaSwinton_29_f.jpg,TildaSwinton,29,29,Adult,Female
11766_TildaSwinton_32_f.jpg,TildaSwinton,32,32,Adult,Female
11767_TildaSwinton_38_f.jpg,TildaSwinton,38,38,Middle,Female
11768_TildaSwinton_39_f.jpg,TildaSwinton,39,39,Middle,Female
11769_TildaSwinton_40_f.jpg,TildaSwinton,40,40,Middle,Female
11770_TildaSwinton_41_f.jpg,TildaSwinton,41,41,Middle,Female
11771_TildaSwinton_42_f.jpg,TildaSwinton,42,42,Middle,Female
11772_TildaSwinton_43_f.jpg,TildaSwinton,43,43,Middle,Female
11773_TildaSwinton_44_f.jpg,TildaSwinton,44,44,Middle,Female
11774_TildaSwinton_45_f.jpg,TildaSwinton,45,45,Middle,Female
11775_TildaSwinton_46_f.jpg,TildaSwinton,46,46,Middle,Female
11776_TildaSwinton_47_f.jpg,TildaSwinton,47,47,Middle,Female
11777_TildaSwinton_48_f.jpg,TildaSwinton,48,48,Middle,Female
11778_TildaSwinton_49_f.jpg,TildaSwinton,49,49,Middle,Female
11779_TildaSwinton_50_f.jpg,TildaSwinton,50,50,Middle,Female
11780_TildaSwinton_52_f.jpg,TildaSwinton,52,52,Middle,Female
11781_ValerieHarper_17_f.jpg,ValerieHarper,17,17,Juvenile,Female
11782_ValerieHarper_20_f.jpg,ValerieHarper,20,20,Adult,Female
11783_ValerieHarper_24_f.jpg,ValerieHarper,24,24,Adult,Female
11784_ValerieHarper_26_f.jpg,ValerieHarper,26,26,Adult,Female
11785_ValerieHarper_28_f.jpg,ValerieHarper,28,28,Adult,Female
11786_ValerieHarper_30_f.jpg,ValerieHarper,30,30,Adult,Female
11787_ValerieHarper_31_f.jpg,ValerieHarper,31,31,Adult,Female
11788_ValerieHarper_32_f.jpg,ValerieHarper,32,32,Adult,Female
11789_ValerieHarper_33_f.jpg,ValerieHarper,33,33,Adult,Female
1178_ErnestRutherford_28_m.jpg,ErnestRutherford,28,28,Adult,Male
11790_ValerieHarper_35_f.jpg,ValerieHarper,35,35,Adult,Female
11791_ValerieHarper_37_f.jpg,ValerieHarper,37,37,Middle,Female
11792_ValerieHarper_38_f.jpg,ValerieHarper,38,38,Middle,Female
11793_ValerieHarper_40_f.jpg,ValerieHarper,40,40,Middle,Female
11794_ValerieHarper_43_f.jpg,ValerieHarper,43,43,Middle,Female
11795_ValerieHarper_44_f.jpg,ValerieHarper,44,44,Middle,Female
11796_ValerieHarper_49_f.jpg,ValerieHarper,49,49,Middle,Female
11797_ValerieHarper_51_f.jpg,ValerieHarper,51,51,Middle,Female
11798_ValerieHarper_53_f.jpg,ValerieHarper,53,53,Middle,Female
11799_ValerieHarper_55_f.jpg,ValerieHarper,55,55,Middle,Female
1179_ErnestRutherford_58_m.jpg,ErnestRutherford,58,58,Senior,Male
117_MickJagger_68_m.jpg,MickJagger,68,68,Senior,Male
11800_ValerieHarper_57_f.jpg,ValerieHarper,57,57,Senior,Female
11801_ValerieHarper_61_f.jpg,ValerieHarper,61,61,Senior,Female
11802_ValerieHarper_63_f.jpg,ValerieHarper,63,63,Senior,Female
11803_ValerieHarper_65_f.jpg,ValerieHarper,65,65,Senior,Female
11804_ValerieHarper_66_f.jpg,ValerieHarper,66,66,Senior,Female
11805_ValerieHarper_69_f.jpg,ValerieHarper,69,69,Senior,Female
11806_ValerieHarper_70_f.jpg,ValerieHarper,70,70,Senior,Female
11807_ValerieHarper_71_f.jpg,ValerieHarper,71,71,Elderly,Female
11808_AnjelicaHuston_16_f.jpg,AnjelicaHuston,16,16,Juvenile,Female
11809_AnjelicaHuston_17_f.jpg,AnjelicaHuston,17,17,Juvenile,Female
1180_ErnestRutherford_23_m.jpg,ErnestRutherford,23,23,Adult,Male
11810_AnjelicaHuston_18_f.jpg,AnjelicaHuston,18,18,Adult,Female
11811_AnjelicaHuston_24_f.jpg,AnjelicaHuston,24,24,Adult,Female
11812_AnjelicaHuston_27_f.jpg,AnjelicaHuston,27,27,Adult,Female
11813_AnjelicaHuston_30_f.jpg,AnjelicaHuston,30,30,Adult,Female
11814_AnjelicaHuston_31_f.jpg,AnjelicaHuston,31,31,Adult,Female
11815_AnjelicaHuston_34_f.jpg,AnjelicaHuston,34,34,Adult,Female
11816_AnjelicaHuston_36_f.jpg,AnjelicaHuston,36,36,Middle,Female
11817_AnjelicaHuston_40_f.jpg,AnjelicaHuston,40,40,Middle,Female
11818_AnjelicaHuston_40_f.jpg,AnjelicaHuston,40,40,Middle,Female
11819_AnjelicaHuston_42_f.jpg,AnjelicaHuston,42,42,Middle,Female
1181_ErnestRutherford_25_m.jpg,ErnestRutherford,25,25,Adult,Male
11820_AnjelicaHuston_44_f.jpg,AnjelicaHuston,44,44,Middle,Female
11821_AnjelicaHuston_45_f.jpg,AnjelicaHuston,45,45,Middle,Female
11822_AnjelicaHuston_47_f.jpg,AnjelicaHuston,47,47,Middle,Female
11823_AnjelicaHuston_48_f.jpg,AnjelicaHuston,48,48,Middle,Female
11824_AnjelicaHuston_50_f.jpg,AnjelicaHuston,50,50,Middle,Female
11825_AnjelicaHuston_50_f.jpg,AnjelicaHuston,50,50,Middle,Female
11826_AnjelicaHuston_51_f.jpg,AnjelicaHuston,51,51,Middle,Female
11827_AnjelicaHuston_52_f.jpg,AnjelicaHuston,52,52,Middle,Female
11828_AnjelicaHuston_53_f.jpg,AnjelicaHuston,53,53,Middle,Female
11829_AnjelicaHuston_55_f.jpg,AnjelicaHuston,55,55,Middle,Female
1182_ErnestRutherford_27_m.jpg,ErnestRutherford,27,27,Adult,Male
11830_AnjelicaHuston_56_f.jpg,AnjelicaHuston,56,56,Senior,Female
11831_AnjelicaHuston_57_f.jpg,AnjelicaHuston,57,57,Senior,Female
11832_AnjelicaHuston_58_f.jpg,AnjelicaHuston,58,58,Senior,Female
11833_AnjelicaHuston_59_f.jpg,AnjelicaHuston,59,59,Senior,Female
11834_AnjelicaHuston_60_f.jpg,AnjelicaHuston,60,60,Senior,Female
11835_AnjelicaHuston_60_f.jpg,AnjelicaHuston,60,60,Senior,Female
11836_AnjelicaHuston_61_f.jpg,AnjelicaHuston,61,61,Senior,Female
11837_AnjelicaHuston_62_f.jpg,AnjelicaHuston,62,62,Senior,Female
11838_AnjelicaHuston_63_f.jpg,AnjelicaHuston,63,63,Senior,Female
1183_ErnestRutherford_34_m.jpg,ErnestRutherford,34,34,Adult,Male
1184_ErnestRutherford_37_m.jpg,ErnestRutherford,37,37,Middle,Male
1185_ErnestRutherford_39_m.jpg,ErnestRutherford,39,39,Middle,Male
1186_ErnestRutherford_60_m.jpg,ErnestRutherford,60,60,Senior,Male
1187_ErnestRutherford_21_m.jpg,ErnestRutherford,21,21,Adult,Male
11880_BeaArthur_14_f.jpg,BeaArthur,14,14,Juvenile,Female
11881_BeaArthur_20_f.jpg,BeaArthur,20,20,Adult,Female
11882_BeaArthur_21_f.jpg,BeaArthur,21,21,Adult,Female
11883_BeaArthur_23_f.jpg,BeaArthur,23,23,Adult,Female
11884_BeaArthur_26_f.jpg,BeaArthur,26,26,Adult,Female
11885_BeaArthur_28_f.jpg,BeaArthur,28,28,Adult,Female
11886_BeaArthur_33_f.jpg,BeaArthur,33,33,Adult,Female
11887_BeaArthur_38_f.jpg,BeaArthur,38,38,Middle,Female
11888_BeaArthur_43_f.jpg,BeaArthur,43,43,Middle,Female
11889_BeaArthur_46_f.jpg,BeaArthur,46,46,Middle,Female
1188_ErnestRutherford_62_m.jpg,ErnestRutherford,62,62,Senior,Male
11890_BeaArthur_48_f.jpg,BeaArthur,48,48,Middle,Female
11891_BeaArthur_49_f.jpg,BeaArthur,49,49,Middle,Female
11892_BeaArthur_50_f.jpg,BeaArthur,50,50,Middle,Female
11893_BeaArthur_51_f.jpg,BeaArthur,51,51,Middle,Female
11894_BeaArthur_52_f.jpg,BeaArthur,52,52,Middle,Female
11895_BeaArthur_52_f.jpg,BeaArthur,52,52,Middle,Female
11896_BeaArthur_53_f.jpg,BeaArthur,53,53,Middle,Female
11897_BeaArthur_54_f.jpg,BeaArthur,54,54,Middle,Female
11898_BeaArthur_55_f.jpg,BeaArthur,55,55,Middle,Female
11899_BeaArthur_56_f.jpg,BeaArthur,56,56,Senior,Female
1189_ErnestRutherford_38_m.jpg,ErnestRutherford,38,38,Middle,Male
118_MickJagger_50_m.jpg,MickJagger,50,50,Middle,Male
11900_BeaArthur_58_f.jpg,BeaArthur,58,58,Senior,Female
11901_BeaArthur_59_f.jpg,BeaArthur,59,59,Senior,Female
11902_BeaArthur_61_f.jpg,BeaArthur,61,61,Senior,Female
11903_BeaArthur_62_f.jpg,BeaArthur,62,62,Senior,Female
11904_BeaArthur_63_f.jpg,BeaArthur,63,63,Senior,Female
11905_BeaArthur_64_f.jpg,BeaArthur,64,64,Senior,Female
11906_BeaArthur_65_f.jpg,BeaArthur,65,65,Senior,Female
11907_BeaArthur_66_f.jpg,BeaArthur,66,66,Senior,Female
11908_BeaArthur_67_f.jpg,BeaArthur,67,67,Senior,Female
11909_BeaArthur_68_f.jpg,BeaArthur,68,68,Senior,Female
1190_ErnestRutherford_14_m.jpg,ErnestRutherford,14,14,Juvenile,Male
11910_BeaArthur_71_f.jpg,BeaArthur,71,71,Elderly,Female
11911_BeaArthur_74_f.jpg,BeaArthur,74,74,Elderly,Female
11912_BeaArthur_76_f.jpg,BeaArthur,76,76,Elderly,Female
11913_BeaArthur_80_f.jpg,BeaArthur,80,80,Elderly,Female
11914_BeaArthur_81_f.jpg,BeaArthur,81,81,Elderly,Female
11915_BeaArthur_82_f.jpg,BeaArthur,82,82,Elderly,Female
11916_BeaArthur_83_f.jpg,BeaArthur,83,83,Elderly,Female
11917_BeaArthur_84_f.jpg,BeaArthur,84,84,Elderly,Female
11918_BeaArthur_85_f.jpg,BeaArthur,85,85,Elderly,Female
11919_BeaArthur_86_f.jpg,BeaArthur,86,86,Elderly,Female
1191_ErnestRutherford_30_m.jpg,ErnestRutherford,30,30,Adult,Male
1192_ErnestRutherford_40_m.jpg,ErnestRutherford,40,40,Middle,Male
1193_ErnestRutherford_60_m.jpg,ErnestRutherford,60,60,Senior,Male
1194_ErnestRutherford_58_m.jpg,ErnestRutherford,58,58,Senior,Male
1195_ErnestRutherford_63_m.jpg,ErnestRutherford,63,63,Senior,Male
1196_ErnestRutherford_43_m.jpg,ErnestRutherford,43,43,Middle,Male
1197_ErnestRutherford_58_m.jpg,ErnestRutherford,58,58,Senior,Male
1198_ErnestRutherford_37_m.jpg,ErnestRutherford,37,37,Middle,Male
1199_ErnestRutherford_44_m.jpg,ErnestRutherford,44,44,Middle,Male
119_MickJagger_63_m.jpg,MickJagger,63,63,Senior,Male
1200_ErnestRutherford_63_m.jpg,ErnestRutherford,63,63,Senior,Male
1201_ErnestRutherford_37_m.jpg,ErnestRutherford,37,37,Middle,Male
1202_ErnestRutherford_45_m.jpg,ErnestRutherford,45,45,Middle,Male
12057_ElsaMartinelli_19_f.jpg,ElsaMartinelli,19,19,Adult,Female
12058_ElsaMartinelli_20_f.jpg,ElsaMartinelli,20,20,Adult,Female
12059_ElsaMartinelli_21_f.jpg,ElsaMartinelli,21,21,Adult,Female
12060_ElsaMartinelli_23_f.jpg,ElsaMartinelli,23,23,Adult,Female
12061_ElsaMartinelli_29_f.jpg,ElsaMartinelli,29,29,Adult,Female
12062_ElsaMartinelli_30_f.jpg,ElsaMartinelli,30,30,Adult,Female
12063_ElsaMartinelli_31_f.jpg,ElsaMartinelli,31,31,Adult,Female
12064_ElsaMartinelli_33_f.jpg,ElsaMartinelli,33,33,Adult,Female
12065_ElsaMartinelli_34_f.jpg,ElsaMartinelli,34,34,Adult,Female
12066_ElsaMartinelli_35_f.jpg,ElsaMartinelli,35,35,Adult,Female
12067_ElsaMartinelli_37_f.jpg,ElsaMartinelli,37,37,Middle,Female
12068_ElsaMartinelli_38_f.jpg,ElsaMartinelli,38,38,Middle,Female
12069_ElsaMartinelli_39_f.jpg,ElsaMartinelli,39,39,Middle,Female
12070_ElsaMartinelli_42_f.jpg,ElsaMartinelli,42,42,Middle,Female
12071_ElsaMartinelli_46_f.jpg,ElsaMartinelli,46,46,Middle,Female
12072_ElsaMartinelli_49_f.jpg,ElsaMartinelli,49,49,Middle,Female
12073_ElsaMartinelli_55_f.jpg,ElsaMartinelli,55,55,Middle,Female
12074_ElsaMartinelli_59_f.jpg,ElsaMartinelli,59,59,Senior,Female
12075_ElsaMartinelli_60_f.jpg,ElsaMartinelli,60,60,Senior,Female
12076_ElsaMartinelli_63_f.jpg,ElsaMartinelli,63,63,Senior,Female
12077_ElsaMartinelli_64_f.jpg,ElsaMartinelli,64,64,Senior,Female
12078_ElsaMartinelli_68_f.jpg,ElsaMartinelli,68,68,Senior,Female
12079_ElsaMartinelli_69_f.jpg,ElsaMartinelli,69,69,Senior,Female
12080_ElsaMartinelli_71_f.jpg,ElsaMartinelli,71,71,Elderly,Female
12081_ElsaMartinelli_72_f.jpg,ElsaMartinelli,72,72,Elderly,Female
12082_ElsaMartinelli_73_f.jpg,ElsaMartinelli,73,73,Elderly,Female
12083_ElsaMartinelli_74_f.jpg,ElsaMartinelli,74,74,Elderly,Female
12084_ElsaMartinelli_75_f.jpg,ElsaMartinelli,75,75,Elderly,Female
12085_ElsaMartinelli_76_f.jpg,ElsaMartinelli,76,76,Elderly,Female
12086_ElsaMartinelli_77_f.jpg,ElsaMartinelli,77,77,Elderly,Female
12087_ElsaMartinelli_78_f.jpg,ElsaMartinelli,78,78,Elderly,Female
12088_EvaMarieSaint_23_f.jpg,EvaMarieSaint,23,23,Adult,Female
12089_EvaMarieSaint_26_f.jpg,EvaMarieSaint,26,26,Adult,Female
12090_EvaMarieSaint_28_f.jpg,EvaMarieSaint,28,28,Adult,Female
12091_EvaMarieSaint_29_f.jpg,EvaMarieSaint,29,29,Adult,Female
12092_EvaMarieSaint_30_f.jpg,EvaMarieSaint,30,30,Adult,Female
12093_EvaMarieSaint_31_f.jpg,EvaMarieSaint,31,31,Adult,Female
12094_EvaMarieSaint_32_f.jpg,EvaMarieSaint,32,32,Adult,Female
12095_EvaMarieSaint_33_f.jpg,EvaMarieSaint,33,33,Adult,Female
12096_EvaMarieSaint_34_f.jpg,EvaMarieSaint,34,34,Adult,Female
12097_EvaMarieSaint_35_f.jpg,EvaMarieSaint,35,35,Adult,Female
12098_EvaMarieSaint_36_f.jpg,EvaMarieSaint,36,36,Middle,Female
12099_EvaMarieSaint_37_f.jpg,EvaMarieSaint,37,37,Middle,Female
120_MickJagger_28_m.jpg,MickJagger,28,28,Adult,Male
12100_EvaMarieSaint_40_f.jpg,EvaMarieSaint,40,40,Middle,Female
12101_EvaMarieSaint_41_f.jpg,EvaMarieSaint,41,41,Middle,Female
12102_EvaMarieSaint_42_f.jpg,EvaMarieSaint,42,42,Middle,Female
12103_EvaMarieSaint_44_f.jpg,EvaMarieSaint,44,44,Middle,Female
12104_EvaMarieSaint_46_f.jpg,EvaMarieSaint,46,46,Middle,Female
12105_EvaMarieSaint_48_f.jpg,EvaMarieSaint,48,48,Middle,Female
12106_EvaMarieSaint_50_f.jpg,EvaMarieSaint,50,50,Middle,Female
12107_EvaMarieSaint_52_f.jpg,EvaMarieSaint,52,52,Middle,Female
12108_EvaMarieSaint_53_f.jpg,EvaMarieSaint,53,53,Middle,Female
12109_EvaMarieSaint_58_f.jpg,EvaMarieSaint,58,58,Senior,Female
12110_EvaMarieSaint_62_f.jpg,EvaMarieSaint,62,62,Senior,Female
12111_EvaMarieSaint_63_f.jpg,EvaMarieSaint,63,63,Senior,Female
12112_EvaMarieSaint_66_f.jpg,EvaMarieSaint,66,66,Senior,Female
12113_EvaMarieSaint_68_f.jpg,EvaMarieSaint,68,68,Senior,Female
12114_EvaMarieSaint_71_f.jpg,EvaMarieSaint,71,71,Elderly,Female
12115_EvaMarieSaint_73_f.jpg,EvaMarieSaint,73,73,Elderly,Female
12116_EvaMarieSaint_76_f.jpg,EvaMarieSaint,76,76,Elderly,Female
12117_EvaMarieSaint_77_f.jpg,EvaMarieSaint,77,77,Elderly,Female
12118_EvaMarieSaint_79_f.jpg,EvaMarieSaint,79,79,Elderly,Female
12119_EvaMarieSaint_80_f.jpg,EvaMarieSaint,80,80,Elderly,Female
12120_EvaMarieSaint_81_f.jpg,EvaMarieSaint,81,81,Elderly,Female
12121_EvaMarieSaint_82_f.jpg,EvaMarieSaint,82,82,Elderly,Female
12122_EvaMarieSaint_83_f.jpg,EvaMarieSaint,83,83,Elderly,Female
12123_EvaMarieSaint_84_f.jpg,EvaMarieSaint,84,84,Elderly,Female
12124_EvaMarieSaint_85_f.jpg,EvaMarieSaint,85,85,Elderly,Female
12125_EvaMarieSaint_86_f.jpg,EvaMarieSaint,86,86,Elderly,Female
12126_EvaMarieSaint_87_f.jpg,EvaMarieSaint,87,87,Elderly,Female
12127_EvaMarieSaint_88_f.jpg,EvaMarieSaint,88,88,Elderly,Female
12128_EvaMarieSaint_89_f.jpg,EvaMarieSaint,89,89,Elderly,Female
12129_EvaMarieSaint_90_f.jpg,EvaMarieSaint,90,90,Elderly,Female
1215_ClaudeLВviStrauss_80_m.jpg,ClaudeLВviStrauss,80,80,Elderly,Male
1216_ClaudeLВviStrauss_40_m.jpg,ClaudeLВviStrauss,40,40,Middle,Male
1217_ClaudeLВviStrauss_40_m.jpg,ClaudeLВviStrauss,40,40,Middle,Male
1218_ClaudeLВviStrauss_54_m.jpg,ClaudeLВviStrauss,54,54,Middle,Male
12190_ImeldaStaunton_24_f.jpg,ImeldaStaunton,24,24,Adult,Female
12191_ImeldaStaunton_30_f.jpg,ImeldaStaunton,30,30,Adult,Female
12192_ImeldaStaunton_30_f.jpg,ImeldaStaunton,30,30,Adult,Female
12193_ImeldaStaunton_32_f.jpg,ImeldaStaunton,32,32,Adult,Female
12194_ImeldaStaunton_34_f.jpg,ImeldaStaunton,34,34,Adult,Female
12195_ImeldaStaunton_35_f.jpg,ImeldaStaunton,35,35,Adult,Female
12196_ImeldaStaunton_36_f.jpg,ImeldaStaunton,36,36,Middle,Female
12197_ImeldaStaunton_37_f.jpg,ImeldaStaunton,37,37,Middle,Female
12198_ImeldaStaunton_38_f.jpg,ImeldaStaunton,38,38,Middle,Female
12199_ImeldaStaunton_40_f.jpg,ImeldaStaunton,40,40,Middle,Female
1219_ClaudeLВviStrauss_22_m.jpg,ClaudeLВviStrauss,22,22,Adult,Male
121_MickJagger_18_m.jpg,MickJagger,18,18,Adult,Male
12200_ImeldaStaunton_41_f.jpg,ImeldaStaunton,41,41,Middle,Female
12201_ImeldaStaunton_42_f.jpg,ImeldaStaunton,42,42,Middle,Female
12202_ImeldaStaunton_43_f.jpg,ImeldaStaunton,43,43,Middle,Female
12203_ImeldaStaunton_44_f.jpg,ImeldaStaunton,44,44,Middle,Female
12204_ImeldaStaunton_45_f.jpg,ImeldaStaunton,45,45,Middle,Female
12205_ImeldaStaunton_46_f.jpg,ImeldaStaunton,46,46,Middle,Female
12206_ImeldaStaunton_47_f.jpg,ImeldaStaunton,47,47,Middle,Female
12207_ImeldaStaunton_48_f.jpg,ImeldaStaunton,48,48,Middle,Female
12208_ImeldaStaunton_50_f.jpg,ImeldaStaunton,50,50,Middle,Female
12209_ImeldaStaunton_51_f.jpg,ImeldaStaunton,51,51,Middle,Female
1220_ClaudeLВviStrauss_61_m.jpg,ClaudeLВviStrauss,61,61,Senior,Male
12210_ImeldaStaunton_52_f.jpg,ImeldaStaunton,52,52,Middle,Female
12211_ImeldaStaunton_53_f.jpg,ImeldaStaunton,53,53,Middle,Female
12212_ImeldaStaunton_54_f.jpg,ImeldaStaunton,54,54,Middle,Female
12213_ImeldaStaunton_54_f.jpg,ImeldaStaunton,54,54,Middle,Female
12214_ImeldaStaunton_55_f.jpg,ImeldaStaunton,55,55,Middle,Female
12215_ImeldaStaunton_57_f.jpg,ImeldaStaunton,57,57,Senior,Female
12216_ImeldaStaunton_58_f.jpg,ImeldaStaunton,58,58,Senior,Female
1221_ClaudeLВviStrauss_85_m.jpg,ClaudeLВviStrauss,85,85,Elderly,Male
1222_ClaudeLВviStrauss_30_m.jpg,ClaudeLВviStrauss,30,30,Adult,Male
1223_ClaudeLВviStrauss_91_m.jpg,ClaudeLВviStrauss,91,91,Elderly,Male
1224_ClaudeLВviStrauss_72_m.jpg,ClaudeLВviStrauss,72,72,Elderly,Male
12251_JoanneWoodward_69_f.jpg,JoanneWoodward,69,69,Senior,Female
12252_JoanneWoodward_30_f.jpg,JoanneWoodward,30,30,Adult,Female
12253_JoanneWoodward_22_f.jpg,JoanneWoodward,22,22,Adult,Female
12254_JoanneWoodward_26_f.jpg,JoanneWoodward,26,26,Adult,Female
12255_JoanneWoodward_29_f.jpg,JoanneWoodward,29,29,Adult,Female
12256_JoanneWoodward_27_f.jpg,JoanneWoodward,27,27,Adult,Female
12257_JoanneWoodward_28_f.jpg,JoanneWoodward,28,28,Adult,Female
12258_JoanneWoodward_30_f.jpg,JoanneWoodward,30,30,Adult,Female
12259_JoanneWoodward_34_f.jpg,JoanneWoodward,34,34,Adult,Female
1225_ClaudeLВviStrauss_95_m.jpg,ClaudeLВviStrauss,95,95,Elderly,Male
12260_JoanneWoodward_33_f.jpg,JoanneWoodward,33,33,Adult,Female
12261_JoanneWoodward_35_f.jpg,JoanneWoodward,35,35,Adult,Female
12262_JoanneWoodward_36_f.jpg,JoanneWoodward,36,36,Middle,Female
12263_JoanneWoodward_38_f.jpg,JoanneWoodward,38,38,Middle,Female
12264_JoanneWoodward_39_f.jpg,JoanneWoodward,39,39,Middle,Female
12265_JoanneWoodward_41_f.jpg,JoanneWoodward,41,41,Middle,Female
12266_JoanneWoodward_60_f.jpg,JoanneWoodward,60,60,Senior,Female
12267_JoanneWoodward_63_f.jpg,JoanneWoodward,63,63,Senior,Female
12268_JoanneWoodward_66_f.jpg,JoanneWoodward,66,66,Senior,Female
12269_JoanneWoodward_68_f.jpg,JoanneWoodward,68,68,Senior,Female
1226_ClaudeLВviStrauss_59_m.jpg,ClaudeLВviStrauss,59,59,Senior,Male
12270_JoanneWoodward_71_f.jpg,JoanneWoodward,71,71,Elderly,Female
12271_JoanneWoodward_74_f.jpg,JoanneWoodward,74,74,Elderly,Female
12272_JoanneWoodward_78_f.jpg,JoanneWoodward,78,78,Elderly,Female
12273_JoanneWoodward_82_f.jpg,JoanneWoodward,82,82,Elderly,Female
12274_JoanneWoodward_70_f.jpg,JoanneWoodward,70,70,Senior,Female
12275_JoanneWoodward_44_f.jpg,JoanneWoodward,44,44,Middle,Female
12276_JoanneWoodward_25_f.jpg,JoanneWoodward,25,25,Adult,Female
12277_LauraAntonelli_23_f.jpg,LauraAntonelli,23,23,Adult,Female
12278_LauraAntonelli_24_f.jpg,LauraAntonelli,24,24,Adult,Female
12279_LauraAntonelli_28_f.jpg,LauraAntonelli,28,28,Adult,Female
1227_ClaudeLВviStrauss_95_m.jpg,ClaudeLВviStrauss,95,95,Elderly,Male
12280_LauraAntonelli_29_f.jpg,LauraAntonelli,29,29,Adult,Female
12281_LauraAntonelli_30_f.jpg,LauraAntonelli,30,30,Adult,Female
12282_LauraAntonelli_31_f.jpg,LauraAntonelli,31,31,Adult,Female
12283_LauraAntonelli_32_f.jpg,LauraAntonelli,32,32,Adult,Female
12284_LauraAntonelli_33_f.jpg,LauraAntonelli,33,33,Adult,Female
12285_LauraAntonelli_34_f.jpg,LauraAntonelli,34,34,Adult,Female
12286_LauraAntonelli_35_f.jpg,LauraAntonelli,35,35,Adult,Female
12287_LauraAntonelli_39_f.jpg,LauraAntonelli,39,39,Middle,Female
12288_LauraAntonelli_40_f.jpg,LauraAntonelli,40,40,Middle,Female
12289_LauraAntonelli_41_f.jpg,LauraAntonelli,41,41,Middle,Female
1228_ClaudeLВviStrauss_72_m.jpg,ClaudeLВviStrauss,72,72,Elderly,Male
12290_LauraAntonelli_42_f.jpg,LauraAntonelli,42,42,Middle,Female
12291_LauraAntonelli_43_f.jpg,LauraAntonelli,43,43,Middle,Female
12292_LauraAntonelli_44_f.jpg,LauraAntonelli,44,44,Middle,Female
12293_LauraAntonelli_45_f.jpg,LauraAntonelli,45,45,Middle,Female
12294_LauraAntonelli_46_f.jpg,LauraAntonelli,46,46,Middle,Female
12295_LauraAntonelli_48_f.jpg,LauraAntonelli,48,48,Middle,Female
12296_LauraAntonelli_52_f.jpg,LauraAntonelli,52,52,Middle,Female
12297_LauraAntonelli_54_f.jpg,LauraAntonelli,54,54,Middle,Female
12298_LauraAntonelli_55_f.jpg,LauraAntonelli,55,55,Middle,Female
12299_LauraAntonelli_59_f.jpg,LauraAntonelli,59,59,Senior,Female
1229_ClaudeLВviStrauss_92_m.jpg,ClaudeLВviStrauss,92,92,Elderly,Male
122_MickJagger_20_m.jpg,MickJagger,20,20,Adult,Male
12300_LauraAntonelli_65_f.jpg,LauraAntonelli,65,65,Senior,Female
12301_LauraAntonelli_66_f.jpg,LauraAntonelli,66,66,Senior,Female
12302_LauraAntonelli_72_f.jpg,LauraAntonelli,72,72,Elderly,Female
1230_ClaudeLВviStrauss_50_m.jpg,ClaudeLВviStrauss,50,50,Middle,Male
1231_ClaudeLВviStrauss_42_m.jpg,ClaudeLВviStrauss,42,42,Middle,Male
1232_RobertOppenheimer_59_m.jpg,RobertOppenheimer,59,59,Senior,Male
1233_RobertOppenheimer_40_m.jpg,RobertOppenheimer,40,40,Middle,Male
1234_RobertOppenheimer_42_m.jpg,RobertOppenheimer,42,42,Middle,Male
1235_RobertOppenheimer_54_m.jpg,RobertOppenheimer,54,54,Middle,Male
1236_RobertOppenheimer_52_m.jpg,RobertOppenheimer,52,52,Middle,Male
12379_UrsulaAndress_27_f.jpg,UrsulaAndress,27,27,Adult,Female
1237_RobertOppenheimer_50_m.jpg,RobertOppenheimer,50,50,Middle,Male
12380_UrsulaAndress_28_f.jpg,UrsulaAndress,28,28,Adult,Female
12381_UrsulaAndress_29_f.jpg,UrsulaAndress,29,29,Adult,Female
12382_UrsulaAndress_29_f.jpg,UrsulaAndress,29,29,Adult,Female
12383_UrsulaAndress_30_f.jpg,UrsulaAndress,30,30,Adult,Female
12384_UrsulaAndress_31_f.jpg,UrsulaAndress,31,31,Adult,Female
12385_UrsulaAndress_32_f.jpg,UrsulaAndress,32,32,Adult,Female
12386_UrsulaAndress_35_f.jpg,UrsulaAndress,35,35,Adult,Female
12387_UrsulaAndress_37_f.jpg,UrsulaAndress,37,37,Middle,Female
12388_UrsulaAndress_47_f.jpg,UrsulaAndress,47,47,Middle,Female
12389_UrsulaAndress_74_f.jpg,UrsulaAndress,74,74,Elderly,Female
1238_RobertOppenheimer_40_m.jpg,RobertOppenheimer,40,40,Middle,Male
12390_UrsulaAndress_77_f.jpg,UrsulaAndress,77,77,Elderly,Female
12391_UrsulaAndress_36_f.jpg,UrsulaAndress,36,36,Middle,Female
12392_UrsulaAndress_26_f.jpg,UrsulaAndress,26,26,Adult,Female
12393_UrsulaAndress_73_f.jpg,UrsulaAndress,73,73,Elderly,Female
12394_UrsulaAndress_36_f.jpg,UrsulaAndress,36,36,Middle,Female
12395_UrsulaAndress_30_f.jpg,UrsulaAndress,30,30,Adult,Female
12396_UrsulaAndress_28_f.jpg,UrsulaAndress,28,28,Adult,Female
12397_UrsulaAndress_34_f.jpg,UrsulaAndress,34,34,Adult,Female
12398_UrsulaAndress_33_f.jpg,UrsulaAndress,33,33,Adult,Female
12399_UrsulaAndress_19_f.jpg,UrsulaAndress,19,19,Adult,Female
1239_RobertOppenheimer_58_m.jpg,RobertOppenheimer,58,58,Senior,Male
123_MickJagger_22_m.jpg,MickJagger,22,22,Adult,Male
12400_UrsulaAndress_42_f.jpg,UrsulaAndress,42,42,Middle,Female
12401_UrsulaAndress_42_f.jpg,UrsulaAndress,42,42,Middle,Female
12402_UrsulaAndress_43_f.jpg,UrsulaAndress,43,43,Middle,Female
12403_UrsulaAndress_44_f.jpg,UrsulaAndress,44,44,Middle,Female
12404_UrsulaAndress_45_f.jpg,UrsulaAndress,45,45,Middle,Female
12405_UrsulaAndress_58_f.jpg,UrsulaAndress,58,58,Senior,Female
12406_UrsulaAndress_58_f.jpg,UrsulaAndress,58,58,Senior,Female
12407_UrsulaAndress_25_f.jpg,UrsulaAndress,25,25,Adult,Female
12408_UrsulaAndress_70_f.jpg,UrsulaAndress,70,70,Senior,Female
12409_AngieDickinson_19_f.jpg,AngieDickinson,19,19,Adult,Female
1240_RobertOppenheimer_52_m.jpg,RobertOppenheimer,52,52,Middle,Male
12410_AngieDickinson_21_f.jpg,AngieDickinson,21,21,Adult,Female
12411_AngieDickinson_23_f.jpg,AngieDickinson,23,23,Adult,Female
12412_AngieDickinson_24_f.jpg,AngieDickinson,24,24,Adult,Female
12413_AngieDickinson_25_f.jpg,AngieDickinson,25,25,Adult,Female
12414_AngieDickinson_26_f.jpg,AngieDickinson,26,26,Adult,Female
12415_AngieDickinson_27_f.jpg,AngieDickinson,27,27,Adult,Female
12416_AngieDickinson_28_f.jpg,AngieDickinson,28,28,Adult,Female
12417_AngieDickinson_29_f.jpg,AngieDickinson,29,29,Adult,Female
12418_AngieDickinson_30_f.jpg,AngieDickinson,30,30,Adult,Female
12419_AngieDickinson_36_f.jpg,AngieDickinson,36,36,Middle,Female
1241_RobertOppenheimer_40_m.jpg,RobertOppenheimer,40,40,Middle,Male
12420_AngieDickinson_38_f.jpg,AngieDickinson,38,38,Middle,Female
12421_AngieDickinson_39_f.jpg,AngieDickinson,39,39,Middle,Female
12422_AngieDickinson_41_f.jpg,AngieDickinson,41,41,Middle,Female
12423_AngieDickinson_44_f.jpg,AngieDickinson,44,44,Middle,Female
12424_AngieDickinson_45_f.jpg,AngieDickinson,45,45,Middle,Female
12425_AngieDickinson_47_f.jpg,AngieDickinson,47,47,Middle,Female
12426_AngieDickinson_48_f.jpg,AngieDickinson,48,48,Middle,Female
12427_AngieDickinson_59_f.jpg,AngieDickinson,59,59,Senior,Female
12428_AngieDickinson_62_f.jpg,AngieDickinson,62,62,Senior,Female
12429_AngieDickinson_63_f.jpg,AngieDickinson,63,63,Senior,Female
1242_RobertOppenheimer_11_m.jpg,RobertOppenheimer,11,11,Child,Male
12430_AngieDickinson_64_f.jpg,AngieDickinson,64,64,Senior,Female
12431_AngieDickinson_67_f.jpg,AngieDickinson,67,67,Senior,Female
12432_AngieDickinson_70_f.jpg,AngieDickinson,70,70,Senior,Female
12433_AngieDickinson_71_f.jpg,AngieDickinson,71,71,Elderly,Female
12434_AngieDickinson_72_f.jpg,AngieDickinson,72,72,Elderly,Female
12435_AngieDickinson_79_f.jpg,AngieDickinson,79,79,Elderly,Female
12436_AngieDickinson_80_f.jpg,AngieDickinson,80,80,Elderly,Female
12437_AngieDickinson_81_f.jpg,AngieDickinson,81,81,Elderly,Female
12438_AngieDickinson_31_f.jpg,AngieDickinson,31,31,Adult,Female
12439_AngieDickinson_32_f.jpg,AngieDickinson,32,32,Adult,Female
1243_RobertOppenheimer_26_m.jpg,RobertOppenheimer,26,26,Adult,Male
12440_AngieDickinson_33_f.jpg,AngieDickinson,33,33,Adult,Female
12441_AngieDickinson_34_f.jpg,AngieDickinson,34,34,Adult,Female
12442_AngieDickinson_35_f.jpg,AngieDickinson,35,35,Adult,Female
12443_AngieDickinson_37_f.jpg,AngieDickinson,37,37,Middle,Female
12444_AngieDickinson_40_f.jpg,AngieDickinson,40,40,Middle,Female
12445_AngieDickinson_42_f.jpg,AngieDickinson,42,42,Middle,Female
12446_AngieDickinson_43_f.jpg,AngieDickinson,43,43,Middle,Female
12447_AngieDickinson_46_f.jpg,AngieDickinson,46,46,Middle,Female
12448_AngieDickinson_49_f.jpg,AngieDickinson,49,49,Middle,Female
12449_AngieDickinson_50_f.jpg,AngieDickinson,50,50,Middle,Female
1244_RobertOppenheimer_61_m.jpg,RobertOppenheimer,61,61,Senior,Male
12450_AngieDickinson_51_f.jpg,AngieDickinson,51,51,Middle,Female
12451_AngieDickinson_52_f.jpg,AngieDickinson,52,52,Middle,Female
12452_AngieDickinson_54_f.jpg,AngieDickinson,54,54,Middle,Female
12453_AngieDickinson_57_f.jpg,AngieDickinson,57,57,Senior,Female
12454_AngieDickinson_58_f.jpg,AngieDickinson,58,58,Senior,Female
12455_AngieDickinson_69_f.jpg,AngieDickinson,69,69,Senior,Female
12456_AngieDickinson_73_f.jpg,AngieDickinson,73,73,Elderly,Female
12457_AngieDickinson_76_f.jpg,AngieDickinson,76,76,Elderly,Female
12458_AngieDickinson_78_f.jpg,AngieDickinson,78,78,Elderly,Female
12459_AngieDickinson_82_f.jpg,AngieDickinson,82,82,Elderly,Female
1245_RobertOppenheimer_23_m.jpg,RobertOppenheimer,23,23,Adult,Male
1246_RobertOppenheimer_52_m.jpg,RobertOppenheimer,52,52,Middle,Male
1247_AndreMarieAmpКre_35_m.jpg,AndreMarieAmpКre,35,35,Adult,Male
1248_AndreMarieAmpКre_25_m.jpg,AndreMarieAmpКre,25,25,Adult,Male
1249_AndreMarieAmpКre_30_m.jpg,AndreMarieAmpКre,30,30,Adult,Male
124_MickJagger_33_m.jpg,MickJagger,33,33,Adult,Male
1250_AndreMarieAmpКre_28_m.jpg,AndreMarieAmpКre,28,28,Adult,Male
1251_AndreMarieAmpКre_38_m.jpg,AndreMarieAmpКre,38,38,Middle,Male
12595_FrancesDee_22_f.jpg,FrancesDee,22,22,Adult,Female
12596_FrancesDee_24_f.jpg,FrancesDee,24,24,Adult,Female
12597_FrancesDee_25_f.jpg,FrancesDee,25,25,Adult,Female
12598_FrancesDee_29_f.jpg,FrancesDee,29,29,Adult,Female
12599_FrancesDee_30_f.jpg,FrancesDee,30,30,Adult,Female
125_MickJagger_18_m.jpg,MickJagger,18,18,Adult,Male
12600_FrancesDee_31_f.jpg,FrancesDee,31,31,Adult,Female
12601_FrancesDee_33_f.jpg,FrancesDee,33,33,Adult,Female
12602_FrancesDee_35_f.jpg,FrancesDee,35,35,Adult,Female
12603_FrancesDee_37_f.jpg,FrancesDee,37,37,Middle,Female
12604_FrancesDee_38_f.jpg,FrancesDee,38,38,Middle,Female
12605_FrancesDee_40_f.jpg,FrancesDee,40,40,Middle,Female
12606_FrancesDee_41_f.jpg,FrancesDee,41,41,Middle,Female
12607_FrancesDee_43_f.jpg,FrancesDee,43,43,Middle,Female
12608_FrancesDee_44_f.jpg,FrancesDee,44,44,Middle,Female
12609_FrancesDee_45_f.jpg,FrancesDee,45,45,Middle,Female
12610_FrancesDee_70_f.jpg,FrancesDee,70,70,Senior,Female
12611_FrancesDee_76_f.jpg,FrancesDee,76,76,Elderly,Female
12612_FrancesDee_83_f.jpg,FrancesDee,83,83,Elderly,Female
12613_FrancesDee_89_f.jpg,FrancesDee,89,89,Elderly,Female
12614_FrancesDee_90_f.jpg,FrancesDee,90,90,Elderly,Female
12615_FrancesDee_91_f.jpg,FrancesDee,91,91,Elderly,Female
12616_FrancesDee_93_f.jpg,FrancesDee,93,93,Elderly,Female
12617_HedyLamarr_17_f.jpg,HedyLamarr,17,17,Juvenile,Female
12618_HedyLamarr_18_f.jpg,HedyLamarr,18,18,Adult,Female
12619_HedyLamarr_19_f.jpg,HedyLamarr,19,19,Adult,Female
12620_HedyLamarr_20_f.jpg,HedyLamarr,20,20,Adult,Female
12621_HedyLamarr_24_f.jpg,HedyLamarr,24,24,Adult,Female
12622_HedyLamarr_33_f.jpg,HedyLamarr,33,33,Adult,Female
12623_HedyLamarr_34_f.jpg,HedyLamarr,34,34,Adult,Female
12624_HedyLamarr_36_f.jpg,HedyLamarr,36,36,Middle,Female
12625_HedyLamarr_37_f.jpg,HedyLamarr,37,37,Middle,Female
12626_HedyLamarr_38_f.jpg,HedyLamarr,38,38,Middle,Female
12627_HedyLamarr_40_f.jpg,HedyLamarr,40,40,Middle,Female
12628_HedyLamarr_48_f.jpg,HedyLamarr,48,48,Middle,Female
12629_HedyLamarr_51_f.jpg,HedyLamarr,51,51,Middle,Female
12630_HedyLamarr_56_f.jpg,HedyLamarr,56,56,Senior,Female
12631_HedyLamarr_66_f.jpg,HedyLamarr,66,66,Senior,Female
12632_HedyLamarr_71_f.jpg,HedyLamarr,71,71,Elderly,Female
12633_HedyLamarr_78_f.jpg,HedyLamarr,78,78,Elderly,Female
12634_HedyLamarr_25_f.jpg,HedyLamarr,25,25,Adult,Female
12635_HedyLamarr_30_f.jpg,HedyLamarr,30,30,Adult,Female
12636_HedyLamarr_41_f.jpg,HedyLamarr,41,41,Middle,Female
12637_HedyLamarr_42_f.jpg,HedyLamarr,42,42,Middle,Female
12638_HedyLamarr_43_f.jpg,HedyLamarr,43,43,Middle,Female
12639_HedyLamarr_60_f.jpg,HedyLamarr,60,60,Senior,Female
1267_IlyaPrigogine_65_m.jpg,IlyaPrigogine,65,65,Senior,Male
1268_IlyaPrigogine_82_m.jpg,IlyaPrigogine,82,82,Elderly,Male
1269_IlyaPrigogine_78_m.jpg,IlyaPrigogine,78,78,Elderly,Male
126_MickJagger_29_m.jpg,MickJagger,29,29,Adult,Male
12701_JanetLeigh_21_f.jpg,JanetLeigh,21,21,Adult,Female
12702_JanetLeigh_22_f.jpg,JanetLeigh,22,22,Adult,Female
12703_JanetLeigh_23_f.jpg,JanetLeigh,23,23,Adult,Female
12704_JanetLeigh_24_f.jpg,JanetLeigh,24,24,Adult,Female
12705_JanetLeigh_25_f.jpg,JanetLeigh,25,25,Adult,Female
12706_JanetLeigh_27_f.jpg,JanetLeigh,27,27,Adult,Female
12707_JanetLeigh_28_f.jpg,JanetLeigh,28,28,Adult,Female
12708_JanetLeigh_30_f.jpg,JanetLeigh,30,30,Adult,Female
12709_JanetLeigh_31_f.jpg,JanetLeigh,31,31,Adult,Female
1270_IlyaPrigogine_57_m.jpg,IlyaPrigogine,57,57,Senior,Male
12710_JanetLeigh_32_f.jpg,JanetLeigh,32,32,Adult,Female
12711_JanetLeigh_34_f.jpg,JanetLeigh,34,34,Adult,Female
12712_JanetLeigh_35_f.jpg,JanetLeigh,35,35,Adult,Female
12713_JanetLeigh_36_f.jpg,JanetLeigh,36,36,Middle,Female
12714_JanetLeigh_37_f.jpg,JanetLeigh,37,37,Middle,Female
12715_JanetLeigh_38_f.jpg,JanetLeigh,38,38,Middle,Female
12716_JanetLeigh_39_f.jpg,JanetLeigh,39,39,Middle,Female
12717_JanetLeigh_40_f.jpg,JanetLeigh,40,40,Middle,Female
12718_JanetLeigh_44_f.jpg,JanetLeigh,44,44,Middle,Female
12719_JanetLeigh_45_f.jpg,JanetLeigh,45,45,Middle,Female
1271_IlyaPrigogine_57_m.jpg,IlyaPrigogine,57,57,Senior,Male
12720_JanetLeigh_48_f.jpg,JanetLeigh,48,48,Middle,Female
12721_JanetLeigh_51_f.jpg,JanetLeigh,51,51,Middle,Female
12722_JanetLeigh_53_f.jpg,JanetLeigh,53,53,Middle,Female
12723_JanetLeigh_58_f.jpg,JanetLeigh,58,58,Senior,Female
12724_JanetLeigh_63_f.jpg,JanetLeigh,63,63,Senior,Female
12725_JanetLeigh_68_f.jpg,JanetLeigh,68,68,Senior,Female
12726_JanetLeigh_71_f.jpg,JanetLeigh,71,71,Elderly,Female
12727_JanetLeigh_73_f.jpg,JanetLeigh,73,73,Elderly,Female
12728_JanetLeigh_74_f.jpg,JanetLeigh,74,74,Elderly,Female
12729_JanetLeigh_75_f.jpg,JanetLeigh,75,75,Elderly,Female
1272_IlyaPrigogine_55_m.jpg,IlyaPrigogine,55,55,Middle,Male
12730_JanetLeigh_76_f.jpg,JanetLeigh,76,76,Elderly,Female
12731_JanetLeigh_77_f.jpg,JanetLeigh,77,77,Elderly,Female
12732_JenniferAniston_15_f.jpg,JenniferAniston,15,15,Juvenile,Female
12733_JenniferAniston_16_f.jpg,JenniferAniston,16,16,Juvenile,Female
12734_JenniferAniston_17_f.jpg,JenniferAniston,17,17,Juvenile,Female
12735_JenniferAniston_18_f.jpg,JenniferAniston,18,18,Adult,Female
12736_JenniferAniston_19_f.jpg,JenniferAniston,19,19,Adult,Female
12737_JenniferAniston_21_f.jpg,JenniferAniston,21,21,Adult,Female
12738_JenniferAniston_22_f.jpg,JenniferAniston,22,22,Adult,Female
12739_JenniferAniston_26_f.jpg,JenniferAniston,26,26,Adult,Female
1273_IlyaPrigogine_70_m.jpg,IlyaPrigogine,70,70,Senior,Male
12740_JenniferAniston_27_f.jpg,JenniferAniston,27,27,Adult,Female
12741_JenniferAniston_28_f.jpg,JenniferAniston,28,28,Adult,Female
12742_JenniferAniston_29_f.jpg,JenniferAniston,29,29,Adult,Female
12743_JenniferAniston_29_f.jpg,JenniferAniston,29,29,Adult,Female
12744_JenniferAniston_31_f.jpg,JenniferAniston,31,31,Adult,Female
12745_JenniferAniston_31_f.jpg,JenniferAniston,31,31,Adult,Female
12746_JenniferAniston_32_f.jpg,JenniferAniston,32,32,Adult,Female
12747_JenniferAniston_33_f.jpg,JenniferAniston,33,33,Adult,Female
12748_JenniferAniston_34_f.jpg,JenniferAniston,34,34,Adult,Female
12749_JenniferAniston_35_f.jpg,JenniferAniston,35,35,Adult,Female
1274_IlyaPrigogine_73_m.jpg,IlyaPrigogine,73,73,Elderly,Male
12750_JenniferAniston_36_f.jpg,JenniferAniston,36,36,Middle,Female
12751_JenniferAniston_37_f.jpg,JenniferAniston,37,37,Middle,Female
12752_JenniferAniston_38_f.jpg,JenniferAniston,38,38,Middle,Female
12753_JenniferAniston_40_f.jpg,JenniferAniston,40,40,Middle,Female
12754_JenniferAniston_41_f.jpg,JenniferAniston,41,41,Middle,Female
12755_JenniferAniston_45_f.jpg,JenniferAniston,45,45,Middle,Female
1275_IlyaPrigogine_73_m.jpg,IlyaPrigogine,73,73,Elderly,Male
1276_IlyaPrigogine_72_m.jpg,IlyaPrigogine,72,72,Elderly,Male
12779_MargaretOBrien_5_f.jpg,MargaretOBrien,5,5,Child,Female
1277_IlyaPrigogine_68_m.jpg,IlyaPrigogine,68,68,Senior,Male
12780_MargaretOBrien_6_f.jpg,MargaretOBrien,6,6,Child,Female
12781_MargaretOBrien_7_f.jpg,MargaretOBrien,7,7,Child,Female
12782_MargaretOBrien_8_f.jpg,MargaretOBrien,8,8,Child,Female
12783_MargaretOBrien_11_f.jpg,MargaretOBrien,11,11,Child,Female
12784_MargaretOBrien_12_f.jpg,MargaretOBrien,12,12,Child,Female
12785_MargaretOBrien_13_f.jpg,MargaretOBrien,13,13,Juvenile,Female
12786_MargaretOBrien_14_f.jpg,MargaretOBrien,14,14,Juvenile,Female
12787_MargaretOBrien_15_f.jpg,MargaretOBrien,15,15,Juvenile,Female
12788_MargaretOBrien_16_f.jpg,MargaretOBrien,16,16,Juvenile,Female
12789_MargaretOBrien_17_f.jpg,MargaretOBrien,17,17,Juvenile,Female
1278_IlyaPrigogine_62_m.jpg,IlyaPrigogine,62,62,Senior,Male
12790_MargaretOBrien_19_f.jpg,MargaretOBrien,19,19,Adult,Female
12791_MargaretOBrien_20_f.jpg,MargaretOBrien,20,20,Adult,Female
12792_MargaretOBrien_21_f.jpg,MargaretOBrien,21,21,Adult,Female
12793_MargaretOBrien_23_f.jpg,MargaretOBrien,23,23,Adult,Female
12794_MargaretOBrien_25_f.jpg,MargaretOBrien,25,25,Adult,Female
12795_MargaretOBrien_26_f.jpg,MargaretOBrien,26,26,Adult,Female
12796_MargaretOBrien_28_f.jpg,MargaretOBrien,28,28,Adult,Female
12797_MargaretOBrien_33_f.jpg,MargaretOBrien,33,33,Adult,Female
12798_MargaretOBrien_40_f.jpg,MargaretOBrien,40,40,Middle,Female
12799_MargaretOBrien_43_f.jpg,MargaretOBrien,43,43,Middle,Female
1279_IlyaPrigogine_80_m.jpg,IlyaPrigogine,80,80,Elderly,Male
127_MickJagger_27_m.jpg,MickJagger,27,27,Adult,Male
12800_MargaretOBrien_47_f.jpg,MargaretOBrien,47,47,Middle,Female
12801_MargaretOBrien_53_f.jpg,MargaretOBrien,53,53,Middle,Female
12802_MargaretOBrien_58_f.jpg,MargaretOBrien,58,58,Senior,Female
12803_MargaretOBrien_62_f.jpg,MargaretOBrien,62,62,Senior,Female
12804_MargaretOBrien_64_f.jpg,MargaretOBrien,64,64,Senior,Female
12805_MargaretOBrien_65_f.jpg,MargaretOBrien,65,65,Senior,Female
12806_MargaretOBrien_67_f.jpg,MargaretOBrien,67,67,Senior,Female
12807_MargaretOBrien_75_f.jpg,MargaretOBrien,75,75,Elderly,Female
1280_IlyaPrigogine_80_m.jpg,IlyaPrigogine,80,80,Elderly,Male
1281_IlyaPrigogine_80_m.jpg,IlyaPrigogine,80,80,Elderly,Male
12846_MylКneDemongeot_18_f.jpg,MylКneDemongeot,18,18,Adult,Female
12847_MylКneDemongeot_22_f.jpg,MylКneDemongeot,22,22,Adult,Female
12848_MylКneDemongeot_23_f.jpg,MylКneDemongeot,23,23,Adult,Female
12849_MylКneDemongeot_24_f.jpg,MylКneDemongeot,24,24,Adult,Female
12850_MylКneDemongeot_27_f.jpg,MylКneDemongeot,27,27,Adult,Female
12851_MylКneDemongeot_28_f.jpg,MylКneDemongeot,28,28,Adult,Female
12852_MylКneDemongeot_29_f.jpg,MylКneDemongeot,29,29,Adult,Female
12853_MylКneDemongeot_30_f.jpg,MylКneDemongeot,30,30,Adult,Female
12854_MylКneDemongeot_31_f.jpg,MylКneDemongeot,31,31,Adult,Female
12855_MylКneDemongeot_32_f.jpg,MylКneDemongeot,32,32,Adult,Female
12856_MylКneDemongeot_33_f.jpg,MylКneDemongeot,33,33,Adult,Female
12857_MylКneDemongeot_35_f.jpg,MylКneDemongeot,35,35,Adult,Female
12858_MylКneDemongeot_40_f.jpg,MylКneDemongeot,40,40,Middle,Female
12859_MylКneDemongeot_42_f.jpg,MylКneDemongeot,42,42,Middle,Female
12860_MylКneDemongeot_43_f.jpg,MylКneDemongeot,43,43,Middle,Female
12861_MylКneDemongeot_45_f.jpg,MylКneDemongeot,45,45,Middle,Female
12862_MylКneDemongeot_46_f.jpg,MylКneDemongeot,46,46,Middle,Female
12863_MylКneDemongeot_47_f.jpg,MylКneDemongeot,47,47,Middle,Female
12864_MylКneDemongeot_47_f.jpg,MylКneDemongeot,47,47,Middle,Female
12865_MylКneDemongeot_48_f.jpg,MylКneDemongeot,48,48,Middle,Female
12866_MylКneDemongeot_49_f.jpg,MylКneDemongeot,49,49,Middle,Female
12867_MylКneDemongeot_53_f.jpg,MylКneDemongeot,53,53,Middle,Female
12868_MylКneDemongeot_57_f.jpg,MylКneDemongeot,57,57,Senior,Female
12869_MylКneDemongeot_60_f.jpg,MylКneDemongeot,60,60,Senior,Female
12870_MylКneDemongeot_62_f.jpg,MylКneDemongeot,62,62,Senior,Female
12871_MylКneDemongeot_65_f.jpg,MylКneDemongeot,65,65,Senior,Female
12872_MylКneDemongeot_68_f.jpg,MylКneDemongeot,68,68,Senior,Female
12873_MylКneDemongeot_70_f.jpg,MylКneDemongeot,70,70,Senior,Female
12874_MylКneDemongeot_76_f.jpg,MylКneDemongeot,76,76,Elderly,Female
12875_MylКneDemongeot_78_f.jpg,MylКneDemongeot,78,78,Elderly,Female
128_MickJagger_25_m.jpg,MickJagger,25,25,Adult,Male
12906_BarbraStreisand_20_f.jpg,BarbraStreisand,20,20,Adult,Female
12907_BarbraStreisand_26_f.jpg,BarbraStreisand,26,26,Adult,Female
12908_BarbraStreisand_27_f.jpg,BarbraStreisand,27,27,Adult,Female
12909_BarbraStreisand_28_f.jpg,BarbraStreisand,28,28,Adult,Female
12910_BarbraStreisand_29_f.jpg,BarbraStreisand,29,29,Adult,Female
12911_BarbraStreisand_30_f.jpg,BarbraStreisand,30,30,Adult,Female
12912_BarbraStreisand_31_f.jpg,BarbraStreisand,31,31,Adult,Female
12913_BarbraStreisand_32_f.jpg,BarbraStreisand,32,32,Adult,Female
12914_BarbraStreisand_33_f.jpg,BarbraStreisand,33,33,Adult,Female
12915_BarbraStreisand_59_f.jpg,BarbraStreisand,59,59,Senior,Female
12916_BarbraStreisand_63_f.jpg,BarbraStreisand,63,63,Senior,Female
12917_BarbraStreisand_68_f.jpg,BarbraStreisand,68,68,Senior,Female
12918_BarbraStreisand_20_f.jpg,BarbraStreisand,20,20,Adult,Female
12919_BarbraStreisand_21_f.jpg,BarbraStreisand,21,21,Adult,Female
12920_BarbraStreisand_34_f.jpg,BarbraStreisand,34,34,Adult,Female
12921_BarbraStreisand_35_f.jpg,BarbraStreisand,35,35,Adult,Female
12922_BarbraStreisand_38_f.jpg,BarbraStreisand,38,38,Middle,Female
12923_BarbraStreisand_41_f.jpg,BarbraStreisand,41,41,Middle,Female
12924_BarbraStreisand_42_f.jpg,BarbraStreisand,42,42,Middle,Female
12925_BarbraStreisand_46_f.jpg,BarbraStreisand,46,46,Middle,Female
12926_BarbraStreisand_48_f.jpg,BarbraStreisand,48,48,Middle,Female
12927_BarbraStreisand_56_f.jpg,BarbraStreisand,56,56,Senior,Female
12928_BarbraStreisand_58_f.jpg,BarbraStreisand,58,58,Senior,Female
12929_BarbraStreisand_62_f.jpg,BarbraStreisand,62,62,Senior,Female
12930_BarbraStreisand_67_f.jpg,BarbraStreisand,67,67,Senior,Female
12931_BarbraStreisand_69_f.jpg,BarbraStreisand,69,69,Senior,Female
12932_BarbraStreisand_70_f.jpg,BarbraStreisand,70,70,Senior,Female
12933_BarbraStreisand_71_f.jpg,BarbraStreisand,71,71,Elderly,Female
12934_BarbraStreisand_11_f.jpg,BarbraStreisand,11,11,Child,Female
12935_BarbraStreisand_25_f.jpg,BarbraStreisand,25,25,Adult,Female
12936_BarbraStreisand_10_f.jpg,BarbraStreisand,10,10,Child,Female
12937_BarbraStreisand_22_f.jpg,BarbraStreisand,22,22,Adult,Female
12938_CatherineDeneuve_11_f.jpg,CatherineDeneuve,11,11,Child,Female
12939_CatherineDeneuve_14_f.jpg,CatherineDeneuve,14,14,Juvenile,Female
12940_CatherineDeneuve_17_f.jpg,CatherineDeneuve,17,17,Juvenile,Female
12941_CatherineDeneuve_18_f.jpg,CatherineDeneuve,18,18,Adult,Female
12942_CatherineDeneuve_21_f.jpg,CatherineDeneuve,21,21,Adult,Female
12943_CatherineDeneuve_22_f.jpg,CatherineDeneuve,22,22,Adult,Female
12944_CatherineDeneuve_23_f.jpg,CatherineDeneuve,23,23,Adult,Female
12945_CatherineDeneuve_24_f.jpg,CatherineDeneuve,24,24,Adult,Female
12946_CatherineDeneuve_26_f.jpg,CatherineDeneuve,26,26,Adult,Female
12947_CatherineDeneuve_27_f.jpg,CatherineDeneuve,27,27,Adult,Female
12948_CatherineDeneuve_28_f.jpg,CatherineDeneuve,28,28,Adult,Female
12949_CatherineDeneuve_29_f.jpg,CatherineDeneuve,29,29,Adult,Female
12950_CatherineDeneuve_31_f.jpg,CatherineDeneuve,31,31,Adult,Female
12951_CatherineDeneuve_33_f.jpg,CatherineDeneuve,33,33,Adult,Female
12952_CatherineDeneuve_34_f.jpg,CatherineDeneuve,34,34,Adult,Female
12953_CatherineDeneuve_35_f.jpg,CatherineDeneuve,35,35,Adult,Female
12954_CatherineDeneuve_38_f.jpg,CatherineDeneuve,38,38,Middle,Female
12955_CatherineDeneuve_39_f.jpg,CatherineDeneuve,39,39,Middle,Female
12956_CatherineDeneuve_40_f.jpg,CatherineDeneuve,40,40,Middle,Female
12957_CatherineDeneuve_41_f.jpg,CatherineDeneuve,41,41,Middle,Female
12958_CatherineDeneuve_43_f.jpg,CatherineDeneuve,43,43,Middle,Female
12959_CatherineDeneuve_45_f.jpg,CatherineDeneuve,45,45,Middle,Female
12960_CatherineDeneuve_49_f.jpg,CatherineDeneuve,49,49,Middle,Female
12961_CatherineDeneuve_50_f.jpg,CatherineDeneuve,50,50,Middle,Female
12962_CatherineDeneuve_52_f.jpg,CatherineDeneuve,52,52,Middle,Female
12963_CatherineDeneuve_53_f.jpg,CatherineDeneuve,53,53,Middle,Female
12964_CatherineDeneuve_55_f.jpg,CatherineDeneuve,55,55,Middle,Female
12965_CatherineDeneuve_56_f.jpg,CatherineDeneuve,56,56,Senior,Female
12966_CatherineDeneuve_57_f.jpg,CatherineDeneuve,57,57,Senior,Female
12967_CatherineDeneuve_58_f.jpg,CatherineDeneuve,58,58,Senior,Female
12968_CatherineDeneuve_62_f.jpg,CatherineDeneuve,62,62,Senior,Female
12969_CatherineDeneuve_63_f.jpg,CatherineDeneuve,63,63,Senior,Female
12970_CatherineDeneuve_64_f.jpg,CatherineDeneuve,64,64,Senior,Female
12971_CatherineDeneuve_65_f.jpg,CatherineDeneuve,65,65,Senior,Female
12972_CatherineDeneuve_67_f.jpg,CatherineDeneuve,67,67,Senior,Female
12973_CatherineDeneuve_68_f.jpg,CatherineDeneuve,68,68,Senior,Female
12974_CatherineDeneuve_69_f.jpg,CatherineDeneuve,69,69,Senior,Female
12975_CatherineDeneuve_71_f.jpg,CatherineDeneuve,71,71,Elderly,Female
12976_ClaudiaCardinale_21_f.jpg,ClaudiaCardinale,21,21,Adult,Female
12977_ClaudiaCardinale_22_f.jpg,ClaudiaCardinale,22,22,Adult,Female
12978_ClaudiaCardinale_23_f.jpg,ClaudiaCardinale,23,23,Adult,Female
12979_ClaudiaCardinale_24_f.jpg,ClaudiaCardinale,24,24,Adult,Female
1297_RitaLeviMontalcini_13_f.jpg,RitaLeviMontalcini,13,13,Juvenile,Female
12980_ClaudiaCardinale_25_f.jpg,ClaudiaCardinale,25,25,Adult,Female
12981_ClaudiaCardinale_26_f.jpg,ClaudiaCardinale,26,26,Adult,Female
12982_ClaudiaCardinale_27_f.jpg,ClaudiaCardinale,27,27,Adult,Female
12983_ClaudiaCardinale_28_f.jpg,ClaudiaCardinale,28,28,Adult,Female
12984_ClaudiaCardinale_30_f.jpg,ClaudiaCardinale,30,30,Adult,Female
12985_ClaudiaCardinale_31_f.jpg,ClaudiaCardinale,31,31,Adult,Female
12986_ClaudiaCardinale_32_f.jpg,ClaudiaCardinale,32,32,Adult,Female
12987_ClaudiaCardinale_34_f.jpg,ClaudiaCardinale,34,34,Adult,Female
12988_ClaudiaCardinale_35_f.jpg,ClaudiaCardinale,35,35,Adult,Female
12989_ClaudiaCardinale_35_f.jpg,ClaudiaCardinale,35,35,Adult,Female
1298_RitaLeviMontalcini_57_f.jpg,RitaLeviMontalcini,57,57,Senior,Female
12990_ClaudiaCardinale_36_f.jpg,ClaudiaCardinale,36,36,Middle,Female
12991_ClaudiaCardinale_37_f.jpg,ClaudiaCardinale,37,37,Middle,Female
12992_ClaudiaCardinale_40_f.jpg,ClaudiaCardinale,40,40,Middle,Female
12993_ClaudiaCardinale_40_f.jpg,ClaudiaCardinale,40,40,Middle,Female
12994_ClaudiaCardinale_43_f.jpg,ClaudiaCardinale,43,43,Middle,Female
12995_ClaudiaCardinale_46_f.jpg,ClaudiaCardinale,46,46,Middle,Female
12996_ClaudiaCardinale_47_f.jpg,ClaudiaCardinale,47,47,Middle,Female
12997_ClaudiaCardinale_50_f.jpg,ClaudiaCardinale,50,50,Middle,Female
12998_ClaudiaCardinale_52_f.jpg,ClaudiaCardinale,52,52,Middle,Female
12999_ClaudiaCardinale_53_f.jpg,ClaudiaCardinale,53,53,Middle,Female
1299_RitaLeviMontalcini_41_f.jpg,RitaLeviMontalcini,41,41,Middle,Female
129_MickJagger_23_m.jpg,MickJagger,23,23,Adult,Male
13000_ClaudiaCardinale_64_f.jpg,ClaudiaCardinale,64,64,Senior,Female
13001_ClaudiaCardinale_64_f.jpg,ClaudiaCardinale,64,64,Senior,Female
13002_ClaudiaCardinale_71_f.jpg,ClaudiaCardinale,71,71,Elderly,Female
13003_ClaudiaCardinale_72_f.jpg,ClaudiaCardinale,72,72,Elderly,Female
13004_ClaudiaCardinale_74_f.jpg,ClaudiaCardinale,74,74,Elderly,Female
13005_ClaudiaCardinale_42_f.jpg,ClaudiaCardinale,42,42,Middle,Female
13006_ClaudiaCardinale_44_f.jpg,ClaudiaCardinale,44,44,Middle,Female
1300_RitaLeviMontalcini_75_f.jpg,RitaLeviMontalcini,75,75,Elderly,Female
1301_RitaLeviMontalcini_96_f.jpg,RitaLeviMontalcini,96,96,Elderly,Female
1302_RitaLeviMontalcini_98_f.jpg,RitaLeviMontalcini,98,98,Elderly,Female
1303_RitaLeviMontalcini_98_f.jpg,RitaLeviMontalcini,98,98,Elderly,Female
1304_RitaLeviMontalcini_99_f.jpg,RitaLeviMontalcini,99,99,Elderly,Female
1305_RitaLeviMontalcini_27_f.jpg,RitaLeviMontalcini,27,27,Adult,Female
1306_RitaLeviMontalcini_18_f.jpg,RitaLeviMontalcini,18,18,Adult,Female
1307_RitaLeviMontalcini_32_f.jpg,RitaLeviMontalcini,32,32,Adult,Female
13084_GretaGarbo_13_f.jpg,GretaGarbo,13,13,Juvenile,Female
13085_GretaGarbo_20_f.jpg,GretaGarbo,20,20,Adult,Female
13086_GretaGarbo_23_f.jpg,GretaGarbo,23,23,Adult,Female
13087_GretaGarbo_23_f.jpg,GretaGarbo,23,23,Adult,Female
13088_GretaGarbo_24_f.jpg,GretaGarbo,24,24,Adult,Female
13089_GretaGarbo_25_f.jpg,GretaGarbo,25,25,Adult,Female
1308_RitaLeviMontalcini_67_f.jpg,RitaLeviMontalcini,67,67,Senior,Female
13090_GretaGarbo_26_f.jpg,GretaGarbo,26,26,Adult,Female
13091_GretaGarbo_27_f.jpg,GretaGarbo,27,27,Adult,Female
13092_GretaGarbo_28_f.jpg,GretaGarbo,28,28,Adult,Female
13093_GretaGarbo_30_f.jpg,GretaGarbo,30,30,Adult,Female
13094_GretaGarbo_31_f.jpg,GretaGarbo,31,31,Adult,Female
13095_GretaGarbo_32_f.jpg,GretaGarbo,32,32,Adult,Female
13096_GretaGarbo_34_f.jpg,GretaGarbo,34,34,Adult,Female
13097_GretaGarbo_46_f.jpg,GretaGarbo,46,46,Middle,Female
13098_GretaGarbo_48_f.jpg,GretaGarbo,48,48,Middle,Female
13099_GretaGarbo_51_f.jpg,GretaGarbo,51,51,Middle,Female
1309_RitaLeviMontalcini_95_f.jpg,RitaLeviMontalcini,95,95,Elderly,Female
130_MickJagger_39_m.jpg,MickJagger,39,39,Middle,Male
13100_GretaGarbo_55_f.jpg,GretaGarbo,55,55,Middle,Female
13101_GretaGarbo_60_f.jpg,GretaGarbo,60,60,Senior,Female
13102_GretaGarbo_64_f.jpg,GretaGarbo,64,64,Senior,Female
13103_GretaGarbo_84_f.jpg,GretaGarbo,84,84,Elderly,Female
13104_GretaGarbo_85_f.jpg,GretaGarbo,85,85,Elderly,Female
13105_GretaGarbo_85_f.jpg,GretaGarbo,85,85,Elderly,Female
13106_GretaGarbo_42_f.jpg,GretaGarbo,42,42,Middle,Female
13107_GretaGarbo_47_f.jpg,GretaGarbo,47,47,Middle,Female
13108_GretaGarbo_58_f.jpg,GretaGarbo,58,58,Senior,Female
1310_RitaLeviMontalcini_93_f.jpg,RitaLeviMontalcini,93,93,Elderly,Female
1311_RitaLeviMontalcini_101_f.jpg,RitaLeviMontalcini,101,101,Elderly,Female
13184_MichellePfeiffer_17_f.jpg,MichellePfeiffer,17,17,Juvenile,Female
13185_MichellePfeiffer_22_f.jpg,MichellePfeiffer,22,22,Adult,Female
13186_MichellePfeiffer_24_f.jpg,MichellePfeiffer,24,24,Adult,Female
13187_MichellePfeiffer_25_f.jpg,MichellePfeiffer,25,25,Adult,Female
13188_MichellePfeiffer_28_f.jpg,MichellePfeiffer,28,28,Adult,Female
13189_MichellePfeiffer_29_f.jpg,MichellePfeiffer,29,29,Adult,Female
13190_MichellePfeiffer_30_f.jpg,MichellePfeiffer,30,30,Adult,Female
13191_MichellePfeiffer_32_f.jpg,MichellePfeiffer,32,32,Adult,Female
13192_MichellePfeiffer_35_f.jpg,MichellePfeiffer,35,35,Adult,Female
13193_MichellePfeiffer_37_f.jpg,MichellePfeiffer,37,37,Middle,Female
13194_MichellePfeiffer_41_f.jpg,MichellePfeiffer,41,41,Middle,Female
13195_MichellePfeiffer_43_f.jpg,MichellePfeiffer,43,43,Middle,Female
13196_MichellePfeiffer_49_f.jpg,MichellePfeiffer,49,49,Middle,Female
13197_MichellePfeiffer_52_f.jpg,MichellePfeiffer,52,52,Middle,Female
13198_MichellePfeiffer_54_f.jpg,MichellePfeiffer,54,54,Middle,Female
13199_MichellePfeiffer_31_f.jpg,MichellePfeiffer,31,31,Adult,Female
131_PaulmcCartney_23_m.jpg,PaulmcCartney,23,23,Adult,Male
13200_MichellePfeiffer_32_f.jpg,MichellePfeiffer,32,32,Adult,Female
13201_MichellePfeiffer_33_f.jpg,MichellePfeiffer,33,33,Adult,Female
13202_MichellePfeiffer_33_f.jpg,MichellePfeiffer,33,33,Adult,Female
13203_MichellePfeiffer_36_f.jpg,MichellePfeiffer,36,36,Middle,Female
13204_MichellePfeiffer_38_f.jpg,MichellePfeiffer,38,38,Middle,Female
13205_MichellePfeiffer_39_f.jpg,MichellePfeiffer,39,39,Middle,Female
13206_MichellePfeiffer_42_f.jpg,MichellePfeiffer,42,42,Middle,Female
13207_MichellePfeiffer_44_f.jpg,MichellePfeiffer,44,44,Middle,Female
13208_MichellePfeiffer_45_f.jpg,MichellePfeiffer,45,45,Middle,Female
13209_MichellePfeiffer_49_f.jpg,MichellePfeiffer,49,49,Middle,Female
13210_MichellePfeiffer_50_f.jpg,MichellePfeiffer,50,50,Middle,Female
13211_MichellePfeiffer_51_f.jpg,MichellePfeiffer,51,51,Middle,Female
13212_MichellePfeiffer_55_f.jpg,MichellePfeiffer,55,55,Middle,Female
13213_RoyScheider_33_f.jpg,RoyScheider,33,33,Adult,Female
13214_RoyScheider_39_f.jpg,RoyScheider,39,39,Middle,Female
13215_RoyScheider_40_f.jpg,RoyScheider,40,40,Middle,Female
13216_RoyScheider_41_f.jpg,RoyScheider,41,41,Middle,Female
13217_RoyScheider_41_f.jpg,RoyScheider,41,41,Middle,Female
13218_RoyScheider_42_f.jpg,RoyScheider,42,42,Middle,Female
13219_RoyScheider_43_f.jpg,RoyScheider,43,43,Middle,Female
13220_RoyScheider_45_f.jpg,RoyScheider,45,45,Middle,Female
13221_RoyScheider_46_f.jpg,RoyScheider,46,46,Middle,Female
13222_RoyScheider_47_f.jpg,RoyScheider,47,47,Middle,Female
13223_RoyScheider_48_f.jpg,RoyScheider,48,48,Middle,Female
13224_RoyScheider_49_f.jpg,RoyScheider,49,49,Middle,Female
13225_RoyScheider_50_f.jpg,RoyScheider,50,50,Middle,Female
13226_RoyScheider_51_f.jpg,RoyScheider,51,51,Middle,Female
13227_RoyScheider_56_f.jpg,RoyScheider,56,56,Senior,Female
13228_RoyScheider_57_f.jpg,RoyScheider,57,57,Senior,Female
13229_RoyScheider_58_f.jpg,RoyScheider,58,58,Senior,Female
13230_RoyScheider_60_f.jpg,RoyScheider,60,60,Senior,Female
13231_RoyScheider_63_f.jpg,RoyScheider,63,63,Senior,Female
13232_RoyScheider_65_f.jpg,RoyScheider,65,65,Senior,Female
13233_RoyScheider_70_f.jpg,RoyScheider,70,70,Senior,Female
13234_RoyScheider_72_f.jpg,RoyScheider,72,72,Elderly,Female
13235_RoyScheider_73_f.jpg,RoyScheider,73,73,Elderly,Female
13236_RoyScheider_74_f.jpg,RoyScheider,74,74,Elderly,Female
13237_RoyScheider_74_f.jpg,RoyScheider,74,74,Elderly,Female
13238_RoyScheider_75_f.jpg,RoyScheider,75,75,Elderly,Female
13239_RoyScheider_76_f.jpg,RoyScheider,76,76,Elderly,Female
13240_ShirleyMacLaine_37_f.jpg,ShirleyMacLaine,37,37,Middle,Female
13241_ShirleyMacLaine_20_f.jpg,ShirleyMacLaine,20,20,Adult,Female
13242_ShirleyMacLaine_15_f.jpg,ShirleyMacLaine,15,15,Juvenile,Female
13243_ShirleyMacLaine_16_f.jpg,ShirleyMacLaine,16,16,Juvenile,Female
13244_ShirleyMacLaine_17_f.jpg,ShirleyMacLaine,17,17,Juvenile,Female
13245_ShirleyMacLaine_19_f.jpg,ShirleyMacLaine,19,19,Adult,Female
13246_ShirleyMacLaine_22_f.jpg,ShirleyMacLaine,22,22,Adult,Female
13247_ShirleyMacLaine_27_f.jpg,ShirleyMacLaine,27,27,Adult,Female
13248_ShirleyMacLaine_28_f.jpg,ShirleyMacLaine,28,28,Adult,Female
13249_ShirleyMacLaine_29_f.jpg,ShirleyMacLaine,29,29,Adult,Female
13250_ShirleyMacLaine_30_f.jpg,ShirleyMacLaine,30,30,Adult,Female
13251_ShirleyMacLaine_41_f.jpg,ShirleyMacLaine,41,41,Middle,Female
13252_ShirleyMacLaine_44_f.jpg,ShirleyMacLaine,44,44,Middle,Female
13253_ShirleyMacLaine_45_f.jpg,ShirleyMacLaine,45,45,Middle,Female
13254_ShirleyMacLaine_48_f.jpg,ShirleyMacLaine,48,48,Middle,Female
13255_ShirleyMacLaine_49_f.jpg,ShirleyMacLaine,49,49,Middle,Female
13256_ShirleyMacLaine_52_f.jpg,ShirleyMacLaine,52,52,Middle,Female
13257_ShirleyMacLaine_56_f.jpg,ShirleyMacLaine,56,56,Senior,Female
13258_ShirleyMacLaine_63_f.jpg,ShirleyMacLaine,63,63,Senior,Female
13259_ShirleyMacLaine_66_f.jpg,ShirleyMacLaine,66,66,Senior,Female
13260_ShirleyMacLaine_67_f.jpg,ShirleyMacLaine,67,67,Senior,Female
13261_ShirleyMacLaine_71_f.jpg,ShirleyMacLaine,71,71,Elderly,Female
13262_ShirleyMacLaine_72_f.jpg,ShirleyMacLaine,72,72,Elderly,Female
13263_ShirleyMacLaine_75_f.jpg,ShirleyMacLaine,75,75,Elderly,Female
13264_ShirleyMacLaine_42_f.jpg,ShirleyMacLaine,42,42,Middle,Female
13265_ShirleyMacLaine_45_f.jpg,ShirleyMacLaine,45,45,Middle,Female
13266_ShirleyMacLaine_19_f.jpg,ShirleyMacLaine,19,19,Adult,Female
13267_ShirleyMacLaine_21_f.jpg,ShirleyMacLaine,21,21,Adult,Female
13268_AmandaRedman_22_f.jpg,AmandaRedman,22,22,Adult,Female
13269_AmandaRedman_23_f.jpg,AmandaRedman,23,23,Adult,Female
13270_AmandaRedman_24_f.jpg,AmandaRedman,24,24,Adult,Female
13271_AmandaRedman_25_f.jpg,AmandaRedman,25,25,Adult,Female
13272_AmandaRedman_27_f.jpg,AmandaRedman,27,27,Adult,Female
13273_AmandaRedman_28_f.jpg,AmandaRedman,28,28,Adult,Female
13274_AmandaRedman_29_f.jpg,AmandaRedman,29,29,Adult,Female
13275_AmandaRedman_31_f.jpg,AmandaRedman,31,31,Adult,Female
13276_AmandaRedman_33_f.jpg,AmandaRedman,33,33,Adult,Female
13277_AmandaRedman_34_f.jpg,AmandaRedman,34,34,Adult,Female
13278_AmandaRedman_36_f.jpg,AmandaRedman,36,36,Middle,Female
13279_AmandaRedman_37_f.jpg,AmandaRedman,37,37,Middle,Female
13280_AmandaRedman_38_f.jpg,AmandaRedman,38,38,Middle,Female
13281_AmandaRedman_39_f.jpg,AmandaRedman,39,39,Middle,Female
13282_AmandaRedman_40_f.jpg,AmandaRedman,40,40,Middle,Female
13283_AmandaRedman_41_f.jpg,AmandaRedman,41,41,Middle,Female
13284_AmandaRedman_42_f.jpg,AmandaRedman,42,42,Middle,Female
13285_AmandaRedman_43_f.jpg,AmandaRedman,43,43,Middle,Female
13286_AmandaRedman_44_f.jpg,AmandaRedman,44,44,Middle,Female
13287_AmandaRedman_45_f.jpg,AmandaRedman,45,45,Middle,Female
13288_AmandaRedman_46_f.jpg,AmandaRedman,46,46,Middle,Female
13289_AmandaRedman_47_f.jpg,AmandaRedman,47,47,Middle,Female
13290_AmandaRedman_48_f.jpg,AmandaRedman,48,48,Middle,Female
13291_AmandaRedman_49_f.jpg,AmandaRedman,49,49,Middle,Female
13292_AmandaRedman_50_f.jpg,AmandaRedman,50,50,Middle,Female
13293_AmandaRedman_51_f.jpg,AmandaRedman,51,51,Middle,Female
13294_AmandaRedman_52_f.jpg,AmandaRedman,52,52,Middle,Female
13295_AmandaRedman_53_f.jpg,AmandaRedman,53,53,Middle,Female
13296_AmandaRedman_54_f.jpg,AmandaRedman,54,54,Middle,Female
13297_AmandaRedman_55_f.jpg,AmandaRedman,55,55,Middle,Female
13298_AmandaRedman_57_f.jpg,AmandaRedman,57,57,Senior,Female
132_PaulmcCartney_26_m.jpg,PaulmcCartney,26,26,Adult,Male
133_PaulmcCartney_27_m.jpg,PaulmcCartney,27,27,Adult,Male
13404_DanielleDarrieux_14_f.jpg,DanielleDarrieux,14,14,Juvenile,Female
13405_DanielleDarrieux_17_f.jpg,DanielleDarrieux,17,17,Juvenile,Female
13406_DanielleDarrieux_18_f.jpg,DanielleDarrieux,18,18,Adult,Female
13407_DanielleDarrieux_19_f.jpg,DanielleDarrieux,19,19,Adult,Female
13408_DanielleDarrieux_20_f.jpg,DanielleDarrieux,20,20,Adult,Female
13409_DanielleDarrieux_21_f.jpg,DanielleDarrieux,21,21,Adult,Female
13410_DanielleDarrieux_22_f.jpg,DanielleDarrieux,22,22,Adult,Female
13411_DanielleDarrieux_23_f.jpg,DanielleDarrieux,23,23,Adult,Female
13412_DanielleDarrieux_24_f.jpg,DanielleDarrieux,24,24,Adult,Female
13413_DanielleDarrieux_32_f.jpg,DanielleDarrieux,32,32,Adult,Female
13414_DanielleDarrieux_33_f.jpg,DanielleDarrieux,33,33,Adult,Female
13415_DanielleDarrieux_34_f.jpg,DanielleDarrieux,34,34,Adult,Female
13416_DanielleDarrieux_35_f.jpg,DanielleDarrieux,35,35,Adult,Female
13417_DanielleDarrieux_36_f.jpg,DanielleDarrieux,36,36,Middle,Female
13418_DanielleDarrieux_37_f.jpg,DanielleDarrieux,37,37,Middle,Female
13419_DanielleDarrieux_38_f.jpg,DanielleDarrieux,38,38,Middle,Female
13420_DanielleDarrieux_40_f.jpg,DanielleDarrieux,40,40,Middle,Female
13421_DanielleDarrieux_42_f.jpg,DanielleDarrieux,42,42,Middle,Female
13422_DanielleDarrieux_43_f.jpg,DanielleDarrieux,43,43,Middle,Female
13423_DanielleDarrieux_45_f.jpg,DanielleDarrieux,45,45,Middle,Female
13424_DanielleDarrieux_47_f.jpg,DanielleDarrieux,47,47,Middle,Female
13425_DanielleDarrieux_48_f.jpg,DanielleDarrieux,48,48,Middle,Female
13426_DanielleDarrieux_49_f.jpg,DanielleDarrieux,49,49,Middle,Female
13427_DanielleDarrieux_50_f.jpg,DanielleDarrieux,50,50,Middle,Female
13428_DanielleDarrieux_52_f.jpg,DanielleDarrieux,52,52,Middle,Female
13429_DanielleDarrieux_56_f.jpg,DanielleDarrieux,56,56,Senior,Female
13430_DanielleDarrieux_57_f.jpg,DanielleDarrieux,57,57,Senior,Female
13431_DanielleDarrieux_58_f.jpg,DanielleDarrieux,58,58,Senior,Female
13432_DanielleDarrieux_60_f.jpg,DanielleDarrieux,60,60,Senior,Female
13433_DanielleDarrieux_61_f.jpg,DanielleDarrieux,61,61,Senior,Female
13434_DanielleDarrieux_62_f.jpg,DanielleDarrieux,62,62,Senior,Female
13435_DanielleDarrieux_63_f.jpg,DanielleDarrieux,63,63,Senior,Female
13436_DanielleDarrieux_64_f.jpg,DanielleDarrieux,64,64,Senior,Female
13437_DanielleDarrieux_65_f.jpg,DanielleDarrieux,65,65,Senior,Female
13438_DanielleDarrieux_66_f.jpg,DanielleDarrieux,66,66,Senior,Female
13439_DanielleDarrieux_67_f.jpg,DanielleDarrieux,67,67,Senior,Female
13440_DanielleDarrieux_68_f.jpg,DanielleDarrieux,68,68,Senior,Female
13441_DanielleDarrieux_70_f.jpg,DanielleDarrieux,70,70,Senior,Female
13442_DanielleDarrieux_72_f.jpg,DanielleDarrieux,72,72,Elderly,Female
13443_DanielleDarrieux_75_f.jpg,DanielleDarrieux,75,75,Elderly,Female
13444_DanielleDarrieux_77_f.jpg,DanielleDarrieux,77,77,Elderly,Female
13445_DanielleDarrieux_80_f.jpg,DanielleDarrieux,80,80,Elderly,Female
13446_DanielleDarrieux_85_f.jpg,DanielleDarrieux,85,85,Elderly,Female
13447_DanielleDarrieux_86_f.jpg,DanielleDarrieux,86,86,Elderly,Female
13448_DanielleDarrieux_91_f.jpg,DanielleDarrieux,91,91,Elderly,Female
13449_DanielleDarrieux_91_f.jpg,DanielleDarrieux,91,91,Elderly,Female
13450_DanielleDarrieux_92_f.jpg,DanielleDarrieux,92,92,Elderly,Female
13451_DanielleDarrieux_93_f.jpg,DanielleDarrieux,93,93,Elderly,Female
13452_DanielleDarrieux_41_f.jpg,DanielleDarrieux,41,41,Middle,Female
13453_DanielleDarrieux_69_f.jpg,DanielleDarrieux,69,69,Senior,Female
13454_DanielleDarrieux_71_f.jpg,DanielleDarrieux,71,71,Elderly,Female
13455_DanielleDarrieux_89_f.jpg,DanielleDarrieux,89,89,Elderly,Female
13456_GingerRogers_24_f.jpg,GingerRogers,24,24,Adult,Female
13457_GingerRogers_19_f.jpg,GingerRogers,19,19,Adult,Female
13458_GingerRogers_20_f.jpg,GingerRogers,20,20,Adult,Female
13459_GingerRogers_23_f.jpg,GingerRogers,23,23,Adult,Female
13460_GingerRogers_27_f.jpg,GingerRogers,27,27,Adult,Female
13461_GingerRogers_25_f.jpg,GingerRogers,25,25,Adult,Female
13462_GingerRogers_26_f.jpg,GingerRogers,26,26,Adult,Female
13463_GingerRogers_27_f.jpg,GingerRogers,27,27,Adult,Female
13464_GingerRogers_29_f.jpg,GingerRogers,29,29,Adult,Female
13465_GingerRogers_38_f.jpg,GingerRogers,38,38,Middle,Female
13466_GingerRogers_39_f.jpg,GingerRogers,39,39,Middle,Female
13467_GingerRogers_44_f.jpg,GingerRogers,44,44,Middle,Female
13468_GingerRogers_46_f.jpg,GingerRogers,46,46,Middle,Female
13469_GingerRogers_81_f.jpg,GingerRogers,81,81,Elderly,Female
13470_GingerRogers_34_f.jpg,GingerRogers,34,34,Adult,Female
13471_GingerRogers_26_f.jpg,GingerRogers,26,26,Adult,Female
13472_GingerRogers_21_f.jpg,GingerRogers,21,21,Adult,Female
13473_GingerRogers_35_f.jpg,GingerRogers,35,35,Adult,Female
13474_GingerRogers_39_f.jpg,GingerRogers,39,39,Middle,Female
13475_GingerRogers_45_f.jpg,GingerRogers,45,45,Middle,Female
13476_GingerRogers_55_f.jpg,GingerRogers,55,55,Middle,Female
13477_GingerRogers_68_f.jpg,GingerRogers,68,68,Senior,Female
13478_GingerRogers_68_f.jpg,GingerRogers,68,68,Senior,Female
13479_GingerRogers_32_f.jpg,GingerRogers,32,32,Adult,Female
13480_GingerRogers_29_f.jpg,GingerRogers,29,29,Adult,Female
13481_GingerRogers_21_f.jpg,GingerRogers,21,21,Adult,Female
13482_GingerRogers_41_f.jpg,GingerRogers,41,41,Middle,Female
13483_GingerRogers_24_f.jpg,GingerRogers,24,24,Adult,Female
13484_GingerRogers_74_f.jpg,GingerRogers,74,74,Elderly,Female
13485_GingerRogers_76_f.jpg,GingerRogers,76,76,Elderly,Female
13486_GingerRogers_40_f.jpg,GingerRogers,40,40,Middle,Female
13487_GladysCooper_9_f.jpg,GladysCooper,9,9,Child,Female
13488_GladysCooper_15_f.jpg,GladysCooper,15,15,Juvenile,Female
13489_GladysCooper_16_f.jpg,GladysCooper,16,16,Juvenile,Female
13490_GladysCooper_18_f.jpg,GladysCooper,18,18,Adult,Female
13491_GladysCooper_19_f.jpg,GladysCooper,19,19,Adult,Female
13492_GladysCooper_21_f.jpg,GladysCooper,21,21,Adult,Female
13493_GladysCooper_22_f.jpg,GladysCooper,22,22,Adult,Female
13494_GladysCooper_24_f.jpg,GladysCooper,24,24,Adult,Female
13495_GladysCooper_25_f.jpg,GladysCooper,25,25,Adult,Female
13496_GladysCooper_27_f.jpg,GladysCooper,27,27,Adult,Female
13497_GladysCooper_30_f.jpg,GladysCooper,30,30,Adult,Female
13498_GladysCooper_36_f.jpg,GladysCooper,36,36,Middle,Female
13499_GladysCooper_40_f.jpg,GladysCooper,40,40,Middle,Female
134_PaulmcCartney_29_m.jpg,PaulmcCartney,29,29,Adult,Male
13500_GladysCooper_42_f.jpg,GladysCooper,42,42,Middle,Female
13501_GladysCooper_49_f.jpg,GladysCooper,49,49,Middle,Female
13502_GladysCooper_51_f.jpg,GladysCooper,51,51,Middle,Female
13503_GladysCooper_52_f.jpg,GladysCooper,52,52,Middle,Female
13504_GladysCooper_53_f.jpg,GladysCooper,53,53,Middle,Female
13505_GladysCooper_54_f.jpg,GladysCooper,54,54,Middle,Female
13506_GladysCooper_55_f.jpg,GladysCooper,55,55,Middle,Female
13507_GladysCooper_57_f.jpg,GladysCooper,57,57,Senior,Female
13508_GladysCooper_59_f.jpg,GladysCooper,59,59,Senior,Female
13509_GladysCooper_62_f.jpg,GladysCooper,62,62,Senior,Female
13510_GladysCooper_66_f.jpg,GladysCooper,66,66,Senior,Female
13511_GladysCooper_70_f.jpg,GladysCooper,70,70,Senior,Female
13512_GladysCooper_74_f.jpg,GladysCooper,74,74,Elderly,Female
13513_GladysCooper_77_f.jpg,GladysCooper,77,77,Elderly,Female
13514_GladysCooper_80_f.jpg,GladysCooper,80,80,Elderly,Female
13515_GladysCooper_83_f.jpg,GladysCooper,83,83,Elderly,Female
13516_HelenHayes_34_f.jpg,HelenHayes,34,34,Adult,Female
13517_HelenHayes_50_f.jpg,HelenHayes,50,50,Middle,Female
13518_HelenHayes_6_f.jpg,HelenHayes,6,6,Child,Female
13519_HelenHayes_52_f.jpg,HelenHayes,52,52,Middle,Female
13520_HelenHayes_80_f.jpg,HelenHayes,80,80,Elderly,Female
13521_HelenHayes_77_f.jpg,HelenHayes,77,77,Elderly,Female
13522_HelenHayes_31_f.jpg,HelenHayes,31,31,Adult,Female
13523_HelenHayes_32_f.jpg,HelenHayes,32,32,Adult,Female
13524_HelenHayes_25_f.jpg,HelenHayes,25,25,Adult,Female
13525_HelenHayes_27_f.jpg,HelenHayes,27,27,Adult,Female
13526_HelenHayes_52_f.jpg,HelenHayes,52,52,Middle,Female
13527_HelenHayes_30_f.jpg,HelenHayes,30,30,Adult,Female
13528_HelenHayes_17_f.jpg,HelenHayes,17,17,Juvenile,Female
13529_HelenHayes_56_f.jpg,HelenHayes,56,56,Senior,Female
13530_HelenHayes_58_f.jpg,HelenHayes,58,58,Senior,Female
13531_HelenHayes_11_f.jpg,HelenHayes,11,11,Child,Female
13532_HelenHayes_44_f.jpg,HelenHayes,44,44,Middle,Female
13533_HelenHayes_23_f.jpg,HelenHayes,23,23,Adult,Female
13534_HelenHayes_68_f.jpg,HelenHayes,68,68,Senior,Female
13535_HelenHayes_40_f.jpg,HelenHayes,40,40,Middle,Female
13536_HelenHayes_72_f.jpg,HelenHayes,72,72,Elderly,Female
13537_HelenHayes_34_f.jpg,HelenHayes,34,34,Adult,Female
13538_HelenHayes_55_f.jpg,HelenHayes,55,55,Middle,Female
13539_HelenHayes_85_f.jpg,HelenHayes,85,85,Elderly,Female
13540_HelenHayes_50_f.jpg,HelenHayes,50,50,Middle,Female
13541_HelenHayes_29_f.jpg,HelenHayes,29,29,Adult,Female
13542_HelenHayes_84_f.jpg,HelenHayes,84,84,Elderly,Female
13543_HelenHayes_78_f.jpg,HelenHayes,78,78,Elderly,Female
13544_HelenHayes_70_f.jpg,HelenHayes,70,70,Senior,Female
13545_HelenHayes_32_f.jpg,HelenHayes,32,32,Adult,Female
13546_HelenHayes_30_f.jpg,HelenHayes,30,30,Adult,Female
13547_HelenHayes_75_f.jpg,HelenHayes,75,75,Elderly,Female
13548_HelenHayes_33_f.jpg,HelenHayes,33,33,Adult,Female
13549_HelenHayes_74_f.jpg,HelenHayes,74,74,Elderly,Female
13550_HelenHayes_78_f.jpg,HelenHayes,78,78,Elderly,Female
13551_HelenHayes_83_f.jpg,HelenHayes,83,83,Elderly,Female
13552_HelenHayes_70_f.jpg,HelenHayes,70,70,Senior,Female
13553_HelenHayes_85_f.jpg,HelenHayes,85,85,Elderly,Female
13554_HelenHayes_70_f.jpg,HelenHayes,70,70,Senior,Female
13555_HelenHayes_74_f.jpg,HelenHayes,74,74,Elderly,Female
13556_HelenHayes_90_f.jpg,HelenHayes,90,90,Elderly,Female
13557_IreneDunne_32_f.jpg,IreneDunne,32,32,Adult,Female
13558_IreneDunne_33_f.jpg,IreneDunne,33,33,Adult,Female
13559_IreneDunne_37_f.jpg,IreneDunne,37,37,Middle,Female
13560_IreneDunne_39_f.jpg,IreneDunne,39,39,Middle,Female
13561_IreneDunne_40_f.jpg,IreneDunne,40,40,Middle,Female
13562_IreneDunne_41_f.jpg,IreneDunne,41,41,Middle,Female
13563_IreneDunne_43_f.jpg,IreneDunne,43,43,Middle,Female
13564_IreneDunne_45_f.jpg,IreneDunne,45,45,Middle,Female
13565_IreneDunne_48_f.jpg,IreneDunne,48,48,Middle,Female
13566_IreneDunne_49_f.jpg,IreneDunne,49,49,Middle,Female
13567_IreneDunne_50_f.jpg,IreneDunne,50,50,Middle,Female
13568_IreneDunne_51_f.jpg,IreneDunne,51,51,Middle,Female
13569_IreneDunne_53_f.jpg,IreneDunne,53,53,Middle,Female
13570_IreneDunne_54_f.jpg,IreneDunne,54,54,Middle,Female
13571_IreneDunne_55_f.jpg,IreneDunne,55,55,Middle,Female
13572_IreneDunne_56_f.jpg,IreneDunne,56,56,Senior,Female
13573_IreneDunne_59_f.jpg,IreneDunne,59,59,Senior,Female
13574_IreneDunne_62_f.jpg,IreneDunne,62,62,Senior,Female
13575_IreneDunne_63_f.jpg,IreneDunne,63,63,Senior,Female
13576_IreneDunne_64_f.jpg,IreneDunne,64,64,Senior,Female
13577_IreneDunne_66_f.jpg,IreneDunne,66,66,Senior,Female
13578_IreneDunne_68_f.jpg,IreneDunne,68,68,Senior,Female
13579_IreneDunne_69_f.jpg,IreneDunne,69,69,Senior,Female
13580_IreneDunne_72_f.jpg,IreneDunne,72,72,Elderly,Female
13581_IreneDunne_77_f.jpg,IreneDunne,77,77,Elderly,Female
13582_IreneDunne_85_f.jpg,IreneDunne,85,85,Elderly,Female
13583_JeanPeters_11_f.jpg,JeanPeters,11,11,Child,Female
13584_JeanPeters_18_f.jpg,JeanPeters,18,18,Adult,Female
13585_JeanPeters_19_f.jpg,JeanPeters,19,19,Adult,Female
13586_JeanPeters_21_f.jpg,JeanPeters,21,21,Adult,Female
13587_JeanPeters_22_f.jpg,JeanPeters,22,22,Adult,Female
13588_JeanPeters_23_f.jpg,JeanPeters,23,23,Adult,Female
13589_JeanPeters_24_f.jpg,JeanPeters,24,24,Adult,Female
13590_JeanPeters_26_f.jpg,JeanPeters,26,26,Adult,Female
13591_JeanPeters_27_f.jpg,JeanPeters,27,27,Adult,Female
13592_JeanPeters_28_f.jpg,JeanPeters,28,28,Adult,Female
13593_JeanPeters_31_f.jpg,JeanPeters,31,31,Adult,Female
13594_JeanPeters_32_f.jpg,JeanPeters,32,32,Adult,Female
13595_JeanPeters_33_f.jpg,JeanPeters,33,33,Adult,Female
13596_JeanPeters_34_f.jpg,JeanPeters,34,34,Adult,Female
13597_JeanPeters_35_f.jpg,JeanPeters,35,35,Adult,Female
13598_JeanPeters_36_f.jpg,JeanPeters,36,36,Middle,Female
13599_JeanPeters_37_f.jpg,JeanPeters,37,37,Middle,Female
135_PaulmcCartney_31_m.jpg,PaulmcCartney,31,31,Adult,Male
13600_JeanPeters_38_f.jpg,JeanPeters,38,38,Middle,Female
13601_JeanPeters_45_f.jpg,JeanPeters,45,45,Middle,Female
13602_JeanPeters_47_f.jpg,JeanPeters,47,47,Middle,Female
13603_JeanPeters_51_f.jpg,JeanPeters,51,51,Middle,Female
13604_JeanPeters_55_f.jpg,JeanPeters,55,55,Middle,Female
13605_JeanPeters_59_f.jpg,JeanPeters,59,59,Senior,Female
13606_JessicaTandy_29_f.jpg,JessicaTandy,29,29,Adult,Female
13607_JessicaTandy_35_f.jpg,JessicaTandy,35,35,Adult,Female
13608_JessicaTandy_36_f.jpg,JessicaTandy,36,36,Middle,Female
13609_JessicaTandy_37_f.jpg,JessicaTandy,37,37,Middle,Female
13610_JessicaTandy_38_f.jpg,JessicaTandy,38,38,Middle,Female
13611_JessicaTandy_39_f.jpg,JessicaTandy,39,39,Middle,Female
13612_JessicaTandy_40_f.jpg,JessicaTandy,40,40,Middle,Female
13613_JessicaTandy_41_f.jpg,JessicaTandy,41,41,Middle,Female
13614_JessicaTandy_46_f.jpg,JessicaTandy,46,46,Middle,Female
13615_JessicaTandy_48_f.jpg,JessicaTandy,48,48,Middle,Female
13616_JessicaTandy_57_f.jpg,JessicaTandy,57,57,Senior,Female
13617_JessicaTandy_68_f.jpg,JessicaTandy,68,68,Senior,Female
13618_JessicaTandy_72_f.jpg,JessicaTandy,72,72,Elderly,Female
13619_JessicaTandy_73_f.jpg,JessicaTandy,73,73,Elderly,Female
13620_JessicaTandy_75_f.jpg,JessicaTandy,75,75,Elderly,Female
13621_JessicaTandy_77_f.jpg,JessicaTandy,77,77,Elderly,Female
13622_JessicaTandy_78_f.jpg,JessicaTandy,78,78,Elderly,Female
13623_JessicaTandy_79_f.jpg,JessicaTandy,79,79,Elderly,Female
13624_JessicaTandy_42_f.jpg,JessicaTandy,42,42,Middle,Female
13625_JessicaTandy_45_f.jpg,JessicaTandy,45,45,Middle,Female
13626_JessicaTandy_50_f.jpg,JessicaTandy,50,50,Middle,Female
13627_JessicaTandy_53_f.jpg,JessicaTandy,53,53,Middle,Female
13628_JessicaTandy_61_f.jpg,JessicaTandy,61,61,Senior,Female
13629_JessicaTandy_76_f.jpg,JessicaTandy,76,76,Elderly,Female
13630_JessicaTandy_80_f.jpg,JessicaTandy,80,80,Elderly,Female
13631_JessicaTandy_81_f.jpg,JessicaTandy,81,81,Elderly,Female
13632_JessicaTandy_82_f.jpg,JessicaTandy,82,82,Elderly,Female
13633_JessicaTandy_83_f.jpg,JessicaTandy,83,83,Elderly,Female
13634_JessicaTandy_85_f.jpg,JessicaTandy,85,85,Elderly,Female
13635_JuneAllyson_30_f.jpg,JuneAllyson,30,30,Adult,Female
13636_JuneAllyson_36_f.jpg,JuneAllyson,36,36,Middle,Female
13637_JuneAllyson_20_f.jpg,JuneAllyson,20,20,Adult,Female
13638_JuneAllyson_20_f.jpg,JuneAllyson,20,20,Adult,Female
13639_JuneAllyson_27_f.jpg,JuneAllyson,27,27,Adult,Female
13640_JuneAllyson_27_f.jpg,JuneAllyson,27,27,Adult,Female
13641_JuneAllyson_28_f.jpg,JuneAllyson,28,28,Adult,Female
13642_JuneAllyson_30_f.jpg,JuneAllyson,30,30,Adult,Female
13643_JuneAllyson_31_f.jpg,JuneAllyson,31,31,Adult,Female
13644_JuneAllyson_32_f.jpg,JuneAllyson,32,32,Adult,Female
13645_JuneAllyson_33_f.jpg,JuneAllyson,33,33,Adult,Female
13646_JuneAllyson_35_f.jpg,JuneAllyson,35,35,Adult,Female
13647_JuneAllyson_36_f.jpg,JuneAllyson,36,36,Middle,Female
13648_JuneAllyson_38_f.jpg,JuneAllyson,38,38,Middle,Female
13649_JuneAllyson_39_f.jpg,JuneAllyson,39,39,Middle,Female
13650_JuneAllyson_40_f.jpg,JuneAllyson,40,40,Middle,Female
13651_JuneAllyson_42_f.jpg,JuneAllyson,42,42,Middle,Female
13652_JuneAllyson_43_f.jpg,JuneAllyson,43,43,Middle,Female
13653_JuneAllyson_54_f.jpg,JuneAllyson,54,54,Middle,Female
13654_JuneAllyson_55_f.jpg,JuneAllyson,55,55,Middle,Female
13655_JuneAllyson_81_f.jpg,JuneAllyson,81,81,Elderly,Female
13656_JuneAllyson_83_f.jpg,JuneAllyson,83,83,Elderly,Female
13657_JuneAllyson_86_f.jpg,JuneAllyson,86,86,Elderly,Female
13658_JuneAllyson_52_f.jpg,JuneAllyson,52,52,Middle,Female
13659_JuneAllyson_46_f.jpg,JuneAllyson,46,46,Middle,Female
13660_JuneAllyson_23_f.jpg,JuneAllyson,23,23,Adult,Female
13661_JuneAllyson_27_f.jpg,JuneAllyson,27,27,Adult,Female
13662_JuneAllyson_21_f.jpg,JuneAllyson,21,21,Adult,Female
13663_JuneAllyson_60_f.jpg,JuneAllyson,60,60,Senior,Female
13664_JuneAllyson_86_f.jpg,JuneAllyson,86,86,Elderly,Female
13665_LilliPalmer_21_f.jpg,LilliPalmer,21,21,Adult,Female
13666_LilliPalmer_26_f.jpg,LilliPalmer,26,26,Adult,Female
13667_LilliPalmer_28_f.jpg,LilliPalmer,28,28,Adult,Female
13668_LilliPalmer_30_f.jpg,LilliPalmer,30,30,Adult,Female
13669_LilliPalmer_34_f.jpg,LilliPalmer,34,34,Adult,Female
13670_LilliPalmer_35_f.jpg,LilliPalmer,35,35,Adult,Female
13671_LilliPalmer_36_f.jpg,LilliPalmer,36,36,Middle,Female
13672_LilliPalmer_37_f.jpg,LilliPalmer,37,37,Middle,Female
13673_LilliPalmer_38_f.jpg,LilliPalmer,38,38,Middle,Female
13674_LilliPalmer_40_f.jpg,LilliPalmer,40,40,Middle,Female
13675_LilliPalmer_43_f.jpg,LilliPalmer,43,43,Middle,Female
13676_LilliPalmer_45_f.jpg,LilliPalmer,45,45,Middle,Female
13677_LilliPalmer_46_f.jpg,LilliPalmer,46,46,Middle,Female
13678_LilliPalmer_48_f.jpg,LilliPalmer,48,48,Middle,Female
13679_LilliPalmer_49_f.jpg,LilliPalmer,49,49,Middle,Female
13680_LilliPalmer_53_f.jpg,LilliPalmer,53,53,Middle,Female
13681_LilliPalmer_54_f.jpg,LilliPalmer,54,54,Middle,Female
13682_LilliPalmer_56_f.jpg,LilliPalmer,56,56,Senior,Female
13683_LilliPalmer_57_f.jpg,LilliPalmer,57,57,Senior,Female
13684_LilliPalmer_59_f.jpg,LilliPalmer,59,59,Senior,Female
13685_LilliPalmer_61_f.jpg,LilliPalmer,61,61,Senior,Female
13686_LilliPalmer_64_f.jpg,LilliPalmer,64,64,Senior,Female
13687_LilliPalmer_68_f.jpg,LilliPalmer,68,68,Senior,Female
13688_LilliPalmer_71_f.jpg,LilliPalmer,71,71,Elderly,Female
13689_NormaShearer_22_f.jpg,NormaShearer,22,22,Adult,Female
13690_NormaShearer_27_f.jpg,NormaShearer,27,27,Adult,Female
13691_NormaShearer_28_f.jpg,NormaShearer,28,28,Adult,Female
13692_NormaShearer_29_f.jpg,NormaShearer,29,29,Adult,Female
13693_NormaShearer_32_f.jpg,NormaShearer,32,32,Adult,Female
13694_NormaShearer_34_f.jpg,NormaShearer,34,34,Adult,Female
13695_NormaShearer_36_f.jpg,NormaShearer,36,36,Middle,Female
13696_NormaShearer_33_f.jpg,NormaShearer,33,33,Adult,Female
13697_NormaShearer_37_f.jpg,NormaShearer,37,37,Middle,Female
13698_NormaShearer_37_f.jpg,NormaShearer,37,37,Middle,Female
13699_NormaShearer_38_f.jpg,NormaShearer,38,38,Middle,Female
136_PaulmcCartney_34_m.jpg,PaulmcCartney,34,34,Adult,Male
13700_NormaShearer_38_f.jpg,NormaShearer,38,38,Middle,Female
13701_NormaShearer_40_f.jpg,NormaShearer,40,40,Middle,Female
13702_NormaShearer_28_f.jpg,NormaShearer,28,28,Adult,Female
13703_NormaShearer_23_f.jpg,NormaShearer,23,23,Adult,Female
13704_NormaShearer_25_f.jpg,NormaShearer,25,25,Adult,Female
13705_NormaShearer_35_f.jpg,NormaShearer,35,35,Adult,Female
13706_NormaShearer_27_f.jpg,NormaShearer,27,27,Adult,Female
13707_NormaShearer_18_f.jpg,NormaShearer,18,18,Adult,Female
13708_NormaShearer_29_f.jpg,NormaShearer,29,29,Adult,Female
13709_NormaShearer_32_f.jpg,NormaShearer,32,32,Adult,Female
13710_NormaShearer_33_f.jpg,NormaShearer,33,33,Adult,Female
13711_NormaShearer_28_f.jpg,NormaShearer,28,28,Adult,Female
13712_NormaShearer_39_f.jpg,NormaShearer,39,39,Middle,Female
13713_NormaShearer_25_f.jpg,NormaShearer,25,25,Adult,Female
13714_NormaShearer_26_f.jpg,NormaShearer,26,26,Adult,Female
13715_NormaShearer_31_f.jpg,NormaShearer,31,31,Adult,Female
1372_GiorgosSeferis_21_m.jpg,GiorgosSeferis,21,21,Adult,Male
1373_GiorgosSeferis_70_m.jpg,GiorgosSeferis,70,70,Senior,Male
1374_GiorgosSeferis_43_m.jpg,GiorgosSeferis,43,43,Middle,Male
1375_GiorgosSeferis_65_m.jpg,GiorgosSeferis,65,65,Senior,Male
1376_GiorgosSeferis_30_m.jpg,GiorgosSeferis,30,30,Adult,Male
1377_GiorgosSeferis_62_m.jpg,GiorgosSeferis,62,62,Senior,Male
13783_ThelmaRitter_30_f.jpg,ThelmaRitter,30,30,Adult,Female
13784_ThelmaRitter_34_f.jpg,ThelmaRitter,34,34,Adult,Female
13785_ThelmaRitter_37_f.jpg,ThelmaRitter,37,37,Middle,Female
13786_ThelmaRitter_41_f.jpg,ThelmaRitter,41,41,Middle,Female
13787_ThelmaRitter_47_f.jpg,ThelmaRitter,47,47,Middle,Female
13788_ThelmaRitter_48_f.jpg,ThelmaRitter,48,48,Middle,Female
13789_ThelmaRitter_49_f.jpg,ThelmaRitter,49,49,Middle,Female
1378_GiorgosSeferis_65_m.jpg,GiorgosSeferis,65,65,Senior,Male
13790_ThelmaRitter_52_f.jpg,ThelmaRitter,52,52,Middle,Female
13791_ThelmaRitter_54_f.jpg,ThelmaRitter,54,54,Middle,Female
13792_ThelmaRitter_55_f.jpg,ThelmaRitter,55,55,Middle,Female
13793_ThelmaRitter_56_f.jpg,ThelmaRitter,56,56,Senior,Female
13794_ThelmaRitter_57_f.jpg,ThelmaRitter,57,57,Senior,Female
13795_ThelmaRitter_58_f.jpg,ThelmaRitter,58,58,Senior,Female
13796_ThelmaRitter_59_f.jpg,ThelmaRitter,59,59,Senior,Female
13797_ThelmaRitter_61_f.jpg,ThelmaRitter,61,61,Senior,Female
13798_ThelmaRitter_62_f.jpg,ThelmaRitter,62,62,Senior,Female
13799_ThelmaRitter_63_f.jpg,ThelmaRitter,63,63,Senior,Female
1379_OdysseasElytis_43_m.jpg,OdysseasElytis,43,43,Middle,Male
137_PaulmcCartney_34_m.jpg,PaulmcCartney,34,34,Adult,Male
13800_ThelmaRitter_64_f.jpg,ThelmaRitter,64,64,Senior,Female
13801_ThelmaRitter_65_f.jpg,ThelmaRitter,65,65,Senior,Female
13802_VanessaRedgrave_21_f.jpg,VanessaRedgrave,21,21,Adult,Female
13803_VanessaRedgrave_29_f.jpg,VanessaRedgrave,29,29,Adult,Female
13804_VanessaRedgrave_30_f.jpg,VanessaRedgrave,30,30,Adult,Female
13805_VanessaRedgrave_33_f.jpg,VanessaRedgrave,33,33,Adult,Female
13806_VanessaRedgrave_37_f.jpg,VanessaRedgrave,37,37,Middle,Female
13807_VanessaRedgrave_38_f.jpg,VanessaRedgrave,38,38,Middle,Female
13808_VanessaRedgrave_39_f.jpg,VanessaRedgrave,39,39,Middle,Female
13809_VanessaRedgrave_40_f.jpg,VanessaRedgrave,40,40,Middle,Female
1380_OdysseasElytis_71_m.jpg,OdysseasElytis,71,71,Elderly,Male
13810_VanessaRedgrave_41_f.jpg,VanessaRedgrave,41,41,Middle,Female
13811_VanessaRedgrave_42_f.jpg,VanessaRedgrave,42,42,Middle,Female
13812_VanessaRedgrave_43_f.jpg,VanessaRedgrave,43,43,Middle,Female
13813_VanessaRedgrave_47_f.jpg,VanessaRedgrave,47,47,Middle,Female
13814_VanessaRedgrave_47_f.jpg,VanessaRedgrave,47,47,Middle,Female
13815_VanessaRedgrave_48_f.jpg,VanessaRedgrave,48,48,Middle,Female
13816_VanessaRedgrave_49_f.jpg,VanessaRedgrave,49,49,Middle,Female
13817_VanessaRedgrave_51_f.jpg,VanessaRedgrave,51,51,Middle,Female
13818_VanessaRedgrave_52_f.jpg,VanessaRedgrave,52,52,Middle,Female
13819_VanessaRedgrave_54_f.jpg,VanessaRedgrave,54,54,Middle,Female
1381_OdysseasElytis_20_m.jpg,OdysseasElytis,20,20,Adult,Male
13820_VanessaRedgrave_56_f.jpg,VanessaRedgrave,56,56,Senior,Female
13821_VanessaRedgrave_58_f.jpg,VanessaRedgrave,58,58,Senior,Female
13822_VanessaRedgrave_59_f.jpg,VanessaRedgrave,59,59,Senior,Female
13823_VanessaRedgrave_60_f.jpg,VanessaRedgrave,60,60,Senior,Female
13824_VanessaRedgrave_61_f.jpg,VanessaRedgrave,61,61,Senior,Female
13825_VanessaRedgrave_61_f.jpg,VanessaRedgrave,61,61,Senior,Female
13826_VanessaRedgrave_62_f.jpg,VanessaRedgrave,62,62,Senior,Female
13827_VanessaRedgrave_63_f.jpg,VanessaRedgrave,63,63,Senior,Female
13828_VanessaRedgrave_64_f.jpg,VanessaRedgrave,64,64,Senior,Female
13829_VanessaRedgrave_65_f.jpg,VanessaRedgrave,65,65,Senior,Female
1382_OdysseasElytis_26_m.jpg,OdysseasElytis,26,26,Adult,Male
13830_VanessaRedgrave_66_f.jpg,VanessaRedgrave,66,66,Senior,Female
13831_VanessaRedgrave_67_f.jpg,VanessaRedgrave,67,67,Senior,Female
13832_VanessaRedgrave_68_f.jpg,VanessaRedgrave,68,68,Senior,Female
13833_VanessaRedgrave_69_f.jpg,VanessaRedgrave,69,69,Senior,Female
13834_VanessaRedgrave_70_f.jpg,VanessaRedgrave,70,70,Senior,Female
13835_VanessaRedgrave_71_f.jpg,VanessaRedgrave,71,71,Elderly,Female
13836_VanessaRedgrave_72_f.jpg,VanessaRedgrave,72,72,Elderly,Female
13837_VanessaRedgrave_73_f.jpg,VanessaRedgrave,73,73,Elderly,Female
13838_VanessaRedgrave_74_f.jpg,VanessaRedgrave,74,74,Elderly,Female
13839_VanessaRedgrave_75_f.jpg,VanessaRedgrave,75,75,Elderly,Female
1383_OdysseasElytis_58_m.jpg,OdysseasElytis,58,58,Senior,Male
13840_VanessaRedgrave_76_f.jpg,VanessaRedgrave,76,76,Elderly,Female
13841_VanessaRedgrave_77_f.jpg,VanessaRedgrave,77,77,Elderly,Female
13842_AnneBancroft_51_f.jpg,AnneBancroft,51,51,Middle,Female
13843_AnneBancroft_60_f.jpg,AnneBancroft,60,60,Senior,Female
13844_AnneBancroft_67_f.jpg,AnneBancroft,67,67,Senior,Female
13845_AnneBancroft_31_f.jpg,AnneBancroft,31,31,Adult,Female
13846_AnneBancroft_44_f.jpg,AnneBancroft,44,44,Middle,Female
13847_AnneBancroft_33_f.jpg,AnneBancroft,33,33,Adult,Female
13848_AnneBancroft_52_f.jpg,AnneBancroft,52,52,Middle,Female
13849_AnneBancroft_61_f.jpg,AnneBancroft,61,61,Senior,Female
1384_OdysseasElytis_55_m.jpg,OdysseasElytis,55,55,Middle,Male
13850_AnneBancroft_53_f.jpg,AnneBancroft,53,53,Middle,Female
13851_AnneBancroft_28_f.jpg,AnneBancroft,28,28,Adult,Female
13852_AnneBancroft_69_f.jpg,AnneBancroft,69,69,Senior,Female
13853_AnneBancroft_49_f.jpg,AnneBancroft,49,49,Middle,Female
13854_AnneBancroft_70_f.jpg,AnneBancroft,70,70,Senior,Female
13855_AnneBancroft_28_f.jpg,AnneBancroft,28,28,Adult,Female
13856_AnneBancroft_25_f.jpg,AnneBancroft,25,25,Adult,Female
13857_AnneBancroft_24_f.jpg,AnneBancroft,24,24,Adult,Female
13858_AnneBancroft_22_f.jpg,AnneBancroft,22,22,Adult,Female
13859_AnneBancroft_25_f.jpg,AnneBancroft,25,25,Adult,Female
1385_OdysseasElytis_68_m.jpg,OdysseasElytis,68,68,Senior,Male
13860_AnneBancroft_66_f.jpg,AnneBancroft,66,66,Senior,Female
13861_AnneBancroft_23_f.jpg,AnneBancroft,23,23,Adult,Female
13862_AnneBancroft_46_f.jpg,AnneBancroft,46,46,Middle,Female
13863_AnneBancroft_22_f.jpg,AnneBancroft,22,22,Adult,Female
13864_AnneBancroft_31_f.jpg,AnneBancroft,31,31,Adult,Female
13865_AnneBancroft_41_f.jpg,AnneBancroft,41,41,Middle,Female
13866_AnneBancroft_68_f.jpg,AnneBancroft,68,68,Senior,Female
13867_AnneBancroft_70_f.jpg,AnneBancroft,70,70,Senior,Female
13868_AnneBancroft_71_f.jpg,AnneBancroft,71,71,Elderly,Female
13869_AnneBancroft_72_f.jpg,AnneBancroft,72,72,Elderly,Female
1386_OdysseasElytis_70_m.jpg,OdysseasElytis,70,70,Senior,Male
13870_AnneBancroft_61_f.jpg,AnneBancroft,61,61,Senior,Female
13871_AnneBancroft_35_f.jpg,AnneBancroft,35,35,Adult,Female
13872_AnneBancroft_73_f.jpg,AnneBancroft,73,73,Elderly,Female
13873_AnneBancroft_25_f.jpg,AnneBancroft,25,25,Adult,Female
13874_AnneBancroft_73_f.jpg,AnneBancroft,73,73,Elderly,Female
1387_OdysseasElytis_50_m.jpg,OdysseasElytis,50,50,Middle,Male
1388_OdysseasElytis_52_m.jpg,OdysseasElytis,52,52,Middle,Male
1389_OdysseasElytis_43_m.jpg,OdysseasElytis,43,43,Middle,Male
138_PaulmcCartney_36_m.jpg,PaulmcCartney,36,36,Middle,Male
1390_OdysseasElytis_65_m.jpg,OdysseasElytis,65,65,Senior,Male
13911_BettyGrable_4_f.jpg,BettyGrable,4,4,Child,Female
13912_BettyGrable_13_f.jpg,BettyGrable,13,13,Juvenile,Female
13913_BettyGrable_14_f.jpg,BettyGrable,14,14,Juvenile,Female
13914_BettyGrable_17_f.jpg,BettyGrable,17,17,Juvenile,Female
13915_BettyGrable_18_f.jpg,BettyGrable,18,18,Adult,Female
13916_BettyGrable_19_f.jpg,BettyGrable,19,19,Adult,Female
13917_BettyGrable_20_f.jpg,BettyGrable,20,20,Adult,Female
13918_BettyGrable_21_f.jpg,BettyGrable,21,21,Adult,Female
13919_BettyGrable_21_f.jpg,BettyGrable,21,21,Adult,Female
1391_OdysseasElytis_83_m.jpg,OdysseasElytis,83,83,Elderly,Male
13920_BettyGrable_22_f.jpg,BettyGrable,22,22,Adult,Female
13921_BettyGrable_23_f.jpg,BettyGrable,23,23,Adult,Female
13922_BettyGrable_25_f.jpg,BettyGrable,25,25,Adult,Female
13923_BettyGrable_26_f.jpg,BettyGrable,26,26,Adult,Female
13924_BettyGrable_29_f.jpg,BettyGrable,29,29,Adult,Female
13925_BettyGrable_29_f.jpg,BettyGrable,29,29,Adult,Female
13926_BettyGrable_30_f.jpg,BettyGrable,30,30,Adult,Female
13927_BettyGrable_31_f.jpg,BettyGrable,31,31,Adult,Female
13928_BettyGrable_32_f.jpg,BettyGrable,32,32,Adult,Female
13929_BettyGrable_33_f.jpg,BettyGrable,33,33,Adult,Female
1392_OdysseasElytis_64_m.jpg,OdysseasElytis,64,64,Senior,Male
13930_BettyGrable_34_f.jpg,BettyGrable,34,34,Adult,Female
13931_BettyGrable_35_f.jpg,BettyGrable,35,35,Adult,Female
13932_BettyGrable_36_f.jpg,BettyGrable,36,36,Middle,Female
13933_BettyGrable_37_f.jpg,BettyGrable,37,37,Middle,Female
13934_BettyGrable_37_f.jpg,BettyGrable,37,37,Middle,Female
13935_BettyGrable_41_f.jpg,BettyGrable,41,41,Middle,Female
13936_BettyGrable_42_f.jpg,BettyGrable,42,42,Middle,Female
13937_BettyGrable_45_f.jpg,BettyGrable,45,45,Middle,Female
13938_BettyGrable_47_f.jpg,BettyGrable,47,47,Middle,Female
13939_BettyGrable_51_f.jpg,BettyGrable,51,51,Middle,Female
1393_OdysseasElytis_74_m.jpg,OdysseasElytis,74,74,Elderly,Male
13940_BettyGrable_53_f.jpg,BettyGrable,53,53,Middle,Female
13941_BettyGrable_55_f.jpg,BettyGrable,55,55,Middle,Female
1394_OdysseasElytis_65_m.jpg,OdysseasElytis,65,65,Senior,Male
1395_SartreJeanPaul_43_m.jpg,SartreJeanPaul,43,43,Middle,Male
1396_SartreJeanPaul_35_m.jpg,SartreJeanPaul,35,35,Adult,Male
1397_SartreJeanPaul_41_m.jpg,SartreJeanPaul,41,41,Middle,Male
1398_SartreJeanPaul_53_m.jpg,SartreJeanPaul,53,53,Middle,Male
1399_SartreJeanPaul_58_m.jpg,SartreJeanPaul,58,58,Senior,Male
139_PaulmcCartney_40_m.jpg,PaulmcCartney,40,40,Middle,Male
14008_GreerGarson_32_f.jpg,GreerGarson,32,32,Adult,Female
14009_GreerGarson_35_f.jpg,GreerGarson,35,35,Adult,Female
1400_SartreJeanPaul_41_m.jpg,SartreJeanPaul,41,41,Middle,Male
14010_GreerGarson_36_f.jpg,GreerGarson,36,36,Middle,Female
14011_GreerGarson_38_f.jpg,GreerGarson,38,38,Middle,Female
14012_GreerGarson_39_f.jpg,GreerGarson,39,39,Middle,Female
14013_GreerGarson_43_f.jpg,GreerGarson,43,43,Middle,Female
14014_GreerGarson_43_f.jpg,GreerGarson,43,43,Middle,Female
14015_GreerGarson_45_f.jpg,GreerGarson,45,45,Middle,Female
14016_GreerGarson_46_f.jpg,GreerGarson,46,46,Middle,Female
14017_GreerGarson_61_f.jpg,GreerGarson,61,61,Senior,Female
14018_GreerGarson_62_f.jpg,GreerGarson,62,62,Senior,Female
14019_GreerGarson_63_f.jpg,GreerGarson,63,63,Senior,Female
1401_SartreJeanPaul_42_m.jpg,SartreJeanPaul,42,42,Middle,Male
14020_GreerGarson_81_f.jpg,GreerGarson,81,81,Elderly,Female
14021_GreerGarson_48_f.jpg,GreerGarson,48,48,Middle,Female
14022_GreerGarson_28_f.jpg,GreerGarson,28,28,Adult,Female
14023_GreerGarson_49_f.jpg,GreerGarson,49,49,Middle,Female
14024_GreerGarson_41_f.jpg,GreerGarson,41,41,Middle,Female
14025_GreerGarson_30_f.jpg,GreerGarson,30,30,Adult,Female
14026_GreerGarson_58_f.jpg,GreerGarson,58,58,Senior,Female
14027_GreerGarson_33_f.jpg,GreerGarson,33,33,Adult,Female
14028_GreerGarson_54_f.jpg,GreerGarson,54,54,Middle,Female
14029_GreerGarson_58_f.jpg,GreerGarson,58,58,Senior,Female
1402_SartreJeanPaul_43_m.jpg,SartreJeanPaul,43,43,Middle,Male
14030_GreerGarson_45_f.jpg,GreerGarson,45,45,Middle,Female
14031_GreerGarson_50_f.jpg,GreerGarson,50,50,Middle,Female
14032_GreerGarson_39_f.jpg,GreerGarson,39,39,Middle,Female
14033_GreerGarson_56_f.jpg,GreerGarson,56,56,Senior,Female
14034_GreerGarson_40_f.jpg,GreerGarson,40,40,Middle,Female
1403_SartreJeanPaul_55_m.jpg,SartreJeanPaul,55,55,Middle,Male
1404_SartreJeanPaul_57_m.jpg,SartreJeanPaul,57,57,Senior,Male
1405_SartreJeanPaul_63_m.jpg,SartreJeanPaul,63,63,Senior,Male
14060_JudyHolliday_27_f.jpg,JudyHolliday,27,27,Adult,Female
14061_JudyHolliday_17_f.jpg,JudyHolliday,17,17,Juvenile,Female
14062_JudyHolliday_28_f.jpg,JudyHolliday,28,28,Adult,Female
14063_JudyHolliday_31_f.jpg,JudyHolliday,31,31,Adult,Female
14064_JudyHolliday_32_f.jpg,JudyHolliday,32,32,Adult,Female
14065_JudyHolliday_32_f.jpg,JudyHolliday,32,32,Adult,Female
14066_JudyHolliday_33_f.jpg,JudyHolliday,33,33,Adult,Female
14067_JudyHolliday_24_f.jpg,JudyHolliday,24,24,Adult,Female
14068_JudyHolliday_33_f.jpg,JudyHolliday,33,33,Adult,Female
14069_JudyHolliday_35_f.jpg,JudyHolliday,35,35,Adult,Female
1406_SartreJeanPaul_39_m.jpg,SartreJeanPaul,39,39,Middle,Male
14070_JudyHolliday_35_f.jpg,JudyHolliday,35,35,Adult,Female
14071_JudyHolliday_36_f.jpg,JudyHolliday,36,36,Middle,Female
14072_JudyHolliday_36_f.jpg,JudyHolliday,36,36,Middle,Female
14073_JudyHolliday_42_f.jpg,JudyHolliday,42,42,Middle,Female
14074_JudyHolliday_42_f.jpg,JudyHolliday,42,42,Middle,Female
14075_JudyHolliday_29_f.jpg,JudyHolliday,29,29,Adult,Female
14076_JudyHolliday_27_f.jpg,JudyHolliday,27,27,Adult,Female
14077_JudyHolliday_28_f.jpg,JudyHolliday,28,28,Adult,Female
14078_JudyHolliday_29_f.jpg,JudyHolliday,29,29,Adult,Female
14079_JudyHolliday_28_f.jpg,JudyHolliday,28,28,Adult,Female
14080_JudyHolliday_35_f.jpg,JudyHolliday,35,35,Adult,Female
14081_JudyHolliday_33_f.jpg,JudyHolliday,33,33,Adult,Female
140_PaulmcCartney_64_m.jpg,PaulmcCartney,64,64,Senior,Male
14111_SusannahYork_21_f.jpg,SusannahYork,21,21,Adult,Female
14112_SusannahYork_22_f.jpg,SusannahYork,22,22,Adult,Female
14113_SusannahYork_23_f.jpg,SusannahYork,23,23,Adult,Female
14114_SusannahYork_24_f.jpg,SusannahYork,24,24,Adult,Female
14115_SusannahYork_26_f.jpg,SusannahYork,26,26,Adult,Female
14116_SusannahYork_27_f.jpg,SusannahYork,27,27,Adult,Female
14117_SusannahYork_29_f.jpg,SusannahYork,29,29,Adult,Female
14118_SusannahYork_30_f.jpg,SusannahYork,30,30,Adult,Female
14119_SusannahYork_31_f.jpg,SusannahYork,31,31,Adult,Female
14120_SusannahYork_33_f.jpg,SusannahYork,33,33,Adult,Female
14121_SusannahYork_35_f.jpg,SusannahYork,35,35,Adult,Female
14122_SusannahYork_36_f.jpg,SusannahYork,36,36,Middle,Female
14123_SusannahYork_38_f.jpg,SusannahYork,38,38,Middle,Female
14124_SusannahYork_39_f.jpg,SusannahYork,39,39,Middle,Female
14125_SusannahYork_42_f.jpg,SusannahYork,42,42,Middle,Female
14126_SusannahYork_45_f.jpg,SusannahYork,45,45,Middle,Female
14127_SusannahYork_46_f.jpg,SusannahYork,46,46,Middle,Female
14128_SusannahYork_48_f.jpg,SusannahYork,48,48,Middle,Female
14129_SusannahYork_51_f.jpg,SusannahYork,51,51,Middle,Female
14130_SusannahYork_53_f.jpg,SusannahYork,53,53,Middle,Female
14131_SusannahYork_55_f.jpg,SusannahYork,55,55,Middle,Female
14132_SusannahYork_56_f.jpg,SusannahYork,56,56,Senior,Female
14133_SusannahYork_57_f.jpg,SusannahYork,57,57,Senior,Female
14134_SusannahYork_59_f.jpg,SusannahYork,59,59,Senior,Female
14135_SusannahYork_60_f.jpg,SusannahYork,60,60,Senior,Female
14136_SusannahYork_61_f.jpg,SusannahYork,61,61,Senior,Female
14137_SusannahYork_64_f.jpg,SusannahYork,64,64,Senior,Female
14138_SusannahYork_65_f.jpg,SusannahYork,65,65,Senior,Female
14139_SusannahYork_69_f.jpg,SusannahYork,69,69,Senior,Female
14140_SusannahYork_71_f.jpg,SusannahYork,71,71,Elderly,Female
14141_SusannahYork_41_f.jpg,SusannahYork,41,41,Middle,Female
14142_VivienLeigh_6_f.jpg,VivienLeigh,6,6,Child,Female
14143_VivienLeigh_42_f.jpg,VivienLeigh,42,42,Middle,Female
14144_VivienLeigh_24_f.jpg,VivienLeigh,24,24,Adult,Female
14145_VivienLeigh_24_f.jpg,VivienLeigh,24,24,Adult,Female
14146_VivienLeigh_22_f.jpg,VivienLeigh,22,22,Adult,Female
14147_VivienLeigh_27_f.jpg,VivienLeigh,27,27,Adult,Female
14148_VivienLeigh_28_f.jpg,VivienLeigh,28,28,Adult,Female
14149_VivienLeigh_28_f.jpg,VivienLeigh,28,28,Adult,Female
14150_VivienLeigh_32_f.jpg,VivienLeigh,32,32,Adult,Female
14151_VivienLeigh_35_f.jpg,VivienLeigh,35,35,Adult,Female
14152_VivienLeigh_38_f.jpg,VivienLeigh,38,38,Middle,Female
14153_VivienLeigh_47_f.jpg,VivienLeigh,47,47,Middle,Female
14154_VivienLeigh_25_f.jpg,VivienLeigh,25,25,Adult,Female
14155_VivienLeigh_35_f.jpg,VivienLeigh,35,35,Adult,Female
14156_VivienLeigh_27_f.jpg,VivienLeigh,27,27,Adult,Female
14157_EstherWilliams_18_f.jpg,EstherWilliams,18,18,Adult,Female
14158_EstherWilliams_21_f.jpg,EstherWilliams,21,21,Adult,Female
14159_EstherWilliams_23_f.jpg,EstherWilliams,23,23,Adult,Female
14160_EstherWilliams_24_f.jpg,EstherWilliams,24,24,Adult,Female
14161_EstherWilliams_25_f.jpg,EstherWilliams,25,25,Adult,Female
14162_EstherWilliams_26_f.jpg,EstherWilliams,26,26,Adult,Female
14163_EstherWilliams_30_f.jpg,EstherWilliams,30,30,Adult,Female
14164_EstherWilliams_32_f.jpg,EstherWilliams,32,32,Adult,Female
14165_EstherWilliams_41_f.jpg,EstherWilliams,41,41,Middle,Female
14166_EstherWilliams_43_f.jpg,EstherWilliams,43,43,Middle,Female
14167_EstherWilliams_46_f.jpg,EstherWilliams,46,46,Middle,Female
14168_EstherWilliams_59_f.jpg,EstherWilliams,59,59,Senior,Female
14169_EstherWilliams_63_f.jpg,EstherWilliams,63,63,Senior,Female
14170_EstherWilliams_77_f.jpg,EstherWilliams,77,77,Elderly,Female
14171_EstherWilliams_85_f.jpg,EstherWilliams,85,85,Elderly,Female
14172_EstherWilliams_33_f.jpg,EstherWilliams,33,33,Adult,Female
14173_EstherWilliams_35_f.jpg,EstherWilliams,35,35,Adult,Female
14174_EstherWilliams_36_f.jpg,EstherWilliams,36,36,Middle,Female
14175_EstherWilliams_38_f.jpg,EstherWilliams,38,38,Middle,Female
14176_EstherWilliams_70_f.jpg,EstherWilliams,70,70,Senior,Female
14177_EstherWilliams_73_f.jpg,EstherWilliams,73,73,Elderly,Female
14178_EstherWilliams_75_f.jpg,EstherWilliams,75,75,Elderly,Female
14179_EstherWilliams_76_f.jpg,EstherWilliams,76,76,Elderly,Female
14180_EstherWilliams_79_f.jpg,EstherWilliams,79,79,Elderly,Female
14181_EstherWilliams_83_f.jpg,EstherWilliams,83,83,Elderly,Female
14182_EstherWilliams_84_f.jpg,EstherWilliams,84,84,Elderly,Female
14183_GeraldinePage_56_f.jpg,GeraldinePage,56,56,Senior,Female
14184_GeraldinePage_40_f.jpg,GeraldinePage,40,40,Middle,Female
14185_GeraldinePage_53_f.jpg,GeraldinePage,53,53,Middle,Female
14186_GeraldinePage_38_f.jpg,GeraldinePage,38,38,Middle,Female
14187_GeraldinePage_37_f.jpg,GeraldinePage,37,37,Middle,Female
14188_GeraldinePage_39_f.jpg,GeraldinePage,39,39,Middle,Female
14189_GeraldinePage_39_f.jpg,GeraldinePage,39,39,Middle,Female
14190_GeraldinePage_36_f.jpg,GeraldinePage,36,36,Middle,Female
14191_GeraldinePage_27_f.jpg,GeraldinePage,27,27,Adult,Female
14192_GeraldinePage_46_f.jpg,GeraldinePage,46,46,Middle,Female
14193_GeraldinePage_43_f.jpg,GeraldinePage,43,43,Middle,Female
14194_GeraldinePage_61_f.jpg,GeraldinePage,61,61,Senior,Female
14195_GeraldinePage_60_f.jpg,GeraldinePage,60,60,Senior,Female
14196_GeraldinePage_26_f.jpg,GeraldinePage,26,26,Adult,Female
14197_GeraldinePage_29_f.jpg,GeraldinePage,29,29,Adult,Female
14198_GeraldinePage_36_f.jpg,GeraldinePage,36,36,Middle,Female
14199_GeraldinePage_37_f.jpg,GeraldinePage,37,37,Middle,Female
141_PaulmcCartney_67_m.jpg,PaulmcCartney,67,67,Senior,Male
14200_GeraldinePage_34_f.jpg,GeraldinePage,34,34,Adult,Female
14201_GeraldinePage_40_f.jpg,GeraldinePage,40,40,Middle,Female
14202_GeraldinePage_40_f.jpg,GeraldinePage,40,40,Middle,Female
14203_GeraldinePage_42_f.jpg,GeraldinePage,42,42,Middle,Female
14204_GeraldinePage_43_f.jpg,GeraldinePage,43,43,Middle,Female
14205_GeraldinePage_54_f.jpg,GeraldinePage,54,54,Middle,Female
14206_GeraldinePage_47_f.jpg,GeraldinePage,47,47,Middle,Female
14207_GeraldinePage_59_f.jpg,GeraldinePage,59,59,Senior,Female
14208_GeraldinePage_45_f.jpg,GeraldinePage,45,45,Middle,Female
14209_GeraldinePage_48_f.jpg,GeraldinePage,48,48,Middle,Female
14210_GeraldinePage_49_f.jpg,GeraldinePage,49,49,Middle,Female
14211_GeraldinePage_43_f.jpg,GeraldinePage,43,43,Middle,Female
14212_GeraldinePage_60_f.jpg,GeraldinePage,60,60,Senior,Female
14213_GeraldinePage_62_f.jpg,GeraldinePage,62,62,Senior,Female
14214_GeraldinePage_32_f.jpg,GeraldinePage,32,32,Adult,Female
14215_GeraldinePage_60_f.jpg,GeraldinePage,60,60,Senior,Female
14216_GeraldinePage_41_f.jpg,GeraldinePage,41,41,Middle,Female
14217_GeraldinePage_24_f.jpg,GeraldinePage,24,24,Adult,Female
14218_GeraldinePage_40_f.jpg,GeraldinePage,40,40,Middle,Female
14219_IngridBergman_29_f.jpg,IngridBergman,29,29,Adult,Female
14220_IngridBergman_25_f.jpg,IngridBergman,25,25,Adult,Female
14221_IngridBergman_19_f.jpg,IngridBergman,19,19,Adult,Female
14222_IngridBergman_21_f.jpg,IngridBergman,21,21,Adult,Female
14223_IngridBergman_23_f.jpg,IngridBergman,23,23,Adult,Female
14224_IngridBergman_24_f.jpg,IngridBergman,24,24,Adult,Female
14225_IngridBergman_28_f.jpg,IngridBergman,28,28,Adult,Female
14226_IngridBergman_43_f.jpg,IngridBergman,43,43,Middle,Female
14227_IngridBergman_46_f.jpg,IngridBergman,46,46,Middle,Female
14228_IngridBergman_57_f.jpg,IngridBergman,57,57,Senior,Female
14229_IngridBergman_27_f.jpg,IngridBergman,27,27,Adult,Female
14230_IngridBergman_29_f.jpg,IngridBergman,29,29,Adult,Female
14231_IngridBergman_30_f.jpg,IngridBergman,30,30,Adult,Female
14232_IngridBergman_31_f.jpg,IngridBergman,31,31,Adult,Female
14233_IngridBergman_33_f.jpg,IngridBergman,33,33,Adult,Female
14234_IngridBergman_36_f.jpg,IngridBergman,36,36,Middle,Female
14235_IngridBergman_40_f.jpg,IngridBergman,40,40,Middle,Female
14236_IngridBergman_45_f.jpg,IngridBergman,45,45,Middle,Female
14237_IngridBergman_55_f.jpg,IngridBergman,55,55,Middle,Female
14238_IngridBergman_63_f.jpg,IngridBergman,63,63,Senior,Female
14239_IngridBergman_67_f.jpg,IngridBergman,67,67,Senior,Female
14240_IngridBergman_14_f.jpg,IngridBergman,14,14,Juvenile,Female
14241_JanetGaynor_20_f.jpg,JanetGaynor,20,20,Adult,Female
14242_JanetGaynor_21_f.jpg,JanetGaynor,21,21,Adult,Female
14243_JanetGaynor_14_f.jpg,JanetGaynor,14,14,Juvenile,Female
14244_JanetGaynor_20_f.jpg,JanetGaynor,20,20,Adult,Female
14245_JanetGaynor_21_f.jpg,JanetGaynor,21,21,Adult,Female
14246_JanetGaynor_22_f.jpg,JanetGaynor,22,22,Adult,Female
14247_JanetGaynor_23_f.jpg,JanetGaynor,23,23,Adult,Female
14248_JanetGaynor_24_f.jpg,JanetGaynor,24,24,Adult,Female
14249_JanetGaynor_26_f.jpg,JanetGaynor,26,26,Adult,Female
14250_JanetGaynor_27_f.jpg,JanetGaynor,27,27,Adult,Female
14251_JanetGaynor_28_f.jpg,JanetGaynor,28,28,Adult,Female
14252_JanetGaynor_29_f.jpg,JanetGaynor,29,29,Adult,Female
14253_JanetGaynor_30_f.jpg,JanetGaynor,30,30,Adult,Female
14254_JanetGaynor_31_f.jpg,JanetGaynor,31,31,Adult,Female
14255_JanetGaynor_51_f.jpg,JanetGaynor,51,51,Middle,Female
14256_JanetGaynor_32_f.jpg,JanetGaynor,32,32,Adult,Female
14257_JanetGaynor_48_f.jpg,JanetGaynor,48,48,Middle,Female
14258_JanetGaynor_71_f.jpg,JanetGaynor,71,71,Elderly,Female
14259_JanetGaynor_74_f.jpg,JanetGaynor,74,74,Elderly,Female
14260_JanetGaynor_76_f.jpg,JanetGaynor,76,76,Elderly,Female
14261_JanetGaynor_24_f.jpg,JanetGaynor,24,24,Adult,Female
14262_JanetGaynor_23_f.jpg,JanetGaynor,23,23,Adult,Female
14263_JanetGaynor_30_f.jpg,JanetGaynor,30,30,Adult,Female
14264_JanetGaynor_31_f.jpg,JanetGaynor,31,31,Adult,Female
14265_JanetGaynor_25_f.jpg,JanetGaynor,25,25,Adult,Female
14266_JanetGaynor_47_f.jpg,JanetGaynor,47,47,Middle,Female
14267_JanetGaynor_72_f.jpg,JanetGaynor,72,72,Elderly,Female
142_PaulmcCartney_67_m.jpg,PaulmcCartney,67,67,Senior,Male
1430_FriedrichNietzsche_38_m.jpg,FriedrichNietzsche,38,38,Middle,Male
1431_FriedrichNietzsche_27_m.jpg,FriedrichNietzsche,27,27,Adult,Male
14326_KristinScottThomas_24_f.jpg,KristinScottThomas,24,24,Adult,Female
14327_KristinScottThomas_25_f.jpg,KristinScottThomas,25,25,Adult,Female
14328_KristinScottThomas_26_f.jpg,KristinScottThomas,26,26,Adult,Female
14329_KristinScottThomas_27_f.jpg,KristinScottThomas,27,27,Adult,Female
1432_FriedrichNietzsche_28_m.jpg,FriedrichNietzsche,28,28,Adult,Male
14330_KristinScottThomas_28_f.jpg,KristinScottThomas,28,28,Adult,Female
14331_KristinScottThomas_28_f.jpg,KristinScottThomas,28,28,Adult,Female
14332_KristinScottThomas_29_f.jpg,KristinScottThomas,29,29,Adult,Female
14333_KristinScottThomas_30_f.jpg,KristinScottThomas,30,30,Adult,Female
14334_KristinScottThomas_31_f.jpg,KristinScottThomas,31,31,Adult,Female
14335_KristinScottThomas_32_f.jpg,KristinScottThomas,32,32,Adult,Female
14336_KristinScottThomas_33_f.jpg,KristinScottThomas,33,33,Adult,Female
14337_KristinScottThomas_34_f.jpg,KristinScottThomas,34,34,Adult,Female
14338_KristinScottThomas_35_f.jpg,KristinScottThomas,35,35,Adult,Female
14339_KristinScottThomas_35_f.jpg,KristinScottThomas,35,35,Adult,Female
1433_FriedrichNietzsche_38_m.jpg,FriedrichNietzsche,38,38,Middle,Male
14340_KristinScottThomas_36_f.jpg,KristinScottThomas,36,36,Middle,Female
14341_KristinScottThomas_37_f.jpg,KristinScottThomas,37,37,Middle,Female
14342_KristinScottThomas_41_f.jpg,KristinScottThomas,41,41,Middle,Female
14343_KristinScottThomas_43_f.jpg,KristinScottThomas,43,43,Middle,Female
14344_KristinScottThomas_44_f.jpg,KristinScottThomas,44,44,Middle,Female
14345_KristinScottThomas_46_f.jpg,KristinScottThomas,46,46,Middle,Female
14346_KristinScottThomas_48_f.jpg,KristinScottThomas,48,48,Middle,Female
14347_KristinScottThomas_48_f.jpg,KristinScottThomas,48,48,Middle,Female
14348_KristinScottThomas_49_f.jpg,KristinScottThomas,49,49,Middle,Female
14349_KristinScottThomas_50_f.jpg,KristinScottThomas,50,50,Middle,Female
1434_FriedrichNietzsche_42_m.jpg,FriedrichNietzsche,42,42,Middle,Male
14350_KristinScottThomas_51_f.jpg,KristinScottThomas,51,51,Middle,Female
14351_KristinScottThomas_52_f.jpg,KristinScottThomas,52,52,Middle,Female
14352_KristinScottThomas_53_f.jpg,KristinScottThomas,53,53,Middle,Female
14353_KristinScottThomas_54_f.jpg,KristinScottThomas,54,54,Middle,Female
14354_LorettaYoung_18_f.jpg,LorettaYoung,18,18,Adult,Female
14355_LorettaYoung_13_f.jpg,LorettaYoung,13,13,Juvenile,Female
14356_LorettaYoung_15_f.jpg,LorettaYoung,15,15,Juvenile,Female
14357_LorettaYoung_16_f.jpg,LorettaYoung,16,16,Juvenile,Female
14358_LorettaYoung_17_f.jpg,LorettaYoung,17,17,Juvenile,Female
14359_LorettaYoung_18_f.jpg,LorettaYoung,18,18,Adult,Female
1435_FriedrichNietzsche_30_m.jpg,FriedrichNietzsche,30,30,Adult,Male
14360_LorettaYoung_22_f.jpg,LorettaYoung,22,22,Adult,Female
14361_LorettaYoung_23_f.jpg,LorettaYoung,23,23,Adult,Female
14362_LorettaYoung_24_f.jpg,LorettaYoung,24,24,Adult,Female
14363_LorettaYoung_25_f.jpg,LorettaYoung,25,25,Adult,Female
14364_LorettaYoung_26_f.jpg,LorettaYoung,26,26,Adult,Female
14365_LorettaYoung_27_f.jpg,LorettaYoung,27,27,Adult,Female
14366_LorettaYoung_28_f.jpg,LorettaYoung,28,28,Adult,Female
14367_LorettaYoung_29_f.jpg,LorettaYoung,29,29,Adult,Female
14368_LorettaYoung_31_f.jpg,LorettaYoung,31,31,Adult,Female
14369_LorettaYoung_32_f.jpg,LorettaYoung,32,32,Adult,Female
1436_FriedrichNietzsche_38_m.jpg,FriedrichNietzsche,38,38,Middle,Male
14370_LorettaYoung_33_f.jpg,LorettaYoung,33,33,Adult,Female
14371_LorettaYoung_34_f.jpg,LorettaYoung,34,34,Adult,Female
14372_LorettaYoung_37_f.jpg,LorettaYoung,37,37,Middle,Female
14373_LorettaYoung_38_f.jpg,LorettaYoung,38,38,Middle,Female
14374_LorettaYoung_39_f.jpg,LorettaYoung,39,39,Middle,Female
14375_LorettaYoung_40_f.jpg,LorettaYoung,40,40,Middle,Female
14376_LorettaYoung_47_f.jpg,LorettaYoung,47,47,Middle,Female
14377_LorettaYoung_48_f.jpg,LorettaYoung,48,48,Middle,Female
14378_LorettaYoung_49_f.jpg,LorettaYoung,49,49,Middle,Female
14379_LorettaYoung_65_f.jpg,LorettaYoung,65,65,Senior,Female
1437_FriedrichNietzsche_21_m.jpg,FriedrichNietzsche,21,21,Adult,Male
14380_LorettaYoung_75_f.jpg,LorettaYoung,75,75,Elderly,Female
14381_LorettaYoung_72_f.jpg,LorettaYoung,72,72,Elderly,Female
14382_LorettaYoung_17_f.jpg,LorettaYoung,17,17,Juvenile,Female
14383_LorettaYoung_16_f.jpg,LorettaYoung,16,16,Juvenile,Female
14384_LorettaYoung_18_f.jpg,LorettaYoung,18,18,Adult,Female
14385_LorettaYoung_40_f.jpg,LorettaYoung,40,40,Middle,Female
14386_LorettaYoung_43_f.jpg,LorettaYoung,43,43,Middle,Female
14387_MaryPickford_5_f.jpg,MaryPickford,5,5,Child,Female
14388_MaryPickford_20_f.jpg,MaryPickford,20,20,Adult,Female
14389_MaryPickford_21_f.jpg,MaryPickford,21,21,Adult,Female
1438_FriedrichNietzsche_24_m.jpg,FriedrichNietzsche,24,24,Adult,Male
14390_MaryPickford_22_f.jpg,MaryPickford,22,22,Adult,Female
14391_MaryPickford_25_f.jpg,MaryPickford,25,25,Adult,Female
14392_MaryPickford_27_f.jpg,MaryPickford,27,27,Adult,Female
14393_MaryPickford_27_f.jpg,MaryPickford,27,27,Adult,Female
14394_MaryPickford_28_f.jpg,MaryPickford,28,28,Adult,Female
14395_MaryPickford_29_f.jpg,MaryPickford,29,29,Adult,Female
14396_MaryPickford_30_f.jpg,MaryPickford,30,30,Adult,Female
14397_MaryPickford_33_f.jpg,MaryPickford,33,33,Adult,Female
14398_MaryPickford_42_f.jpg,MaryPickford,42,42,Middle,Female
14399_MaryPickford_34_f.jpg,MaryPickford,34,34,Adult,Female
1439_FriedrichNietzsche_54_m.jpg,FriedrichNietzsche,54,54,Middle,Male
143_PaulmcCartney_27_m.jpg,PaulmcCartney,27,27,Adult,Male
14400_MaryPickford_35_f.jpg,MaryPickford,35,35,Adult,Female
14401_MaryPickford_37_f.jpg,MaryPickford,37,37,Middle,Female
14402_MaryPickford_37_f.jpg,MaryPickford,37,37,Middle,Female
14403_MaryPickford_45_f.jpg,MaryPickford,45,45,Middle,Female
14404_MaryPickford_55_f.jpg,MaryPickford,55,55,Middle,Female
14405_MaryPickford_56_f.jpg,MaryPickford,56,56,Senior,Female
14406_MaryPickford_84_f.jpg,MaryPickford,84,84,Elderly,Female
14407_MaryPickford_58_f.jpg,MaryPickford,58,58,Senior,Female
14408_MaryPickford_60_f.jpg,MaryPickford,60,60,Senior,Female
14409_MaryPickford_17_f.jpg,MaryPickford,17,17,Juvenile,Female
1440_FriedrichNietzsche_20_m.jpg,FriedrichNietzsche,20,20,Adult,Male
14410_MaryPickford_54_f.jpg,MaryPickford,54,54,Middle,Female
14411_MaryPickford_33_f.jpg,MaryPickford,33,33,Adult,Female
14412_MaryPickford_37_f.jpg,MaryPickford,37,37,Middle,Female
14413_MaryPickford_27_f.jpg,MaryPickford,27,27,Adult,Female
14414_MaryPickford_29_f.jpg,MaryPickford,29,29,Adult,Female
14415_MaryPickford_30_f.jpg,MaryPickford,30,30,Adult,Female
14416_MaryPickford_24_f.jpg,MaryPickford,24,24,Adult,Female
14417_MaryPickford_26_f.jpg,MaryPickford,26,26,Adult,Female
14418_MaryPickford_23_f.jpg,MaryPickford,23,23,Adult,Female
14419_MaryPickford_25_f.jpg,MaryPickford,25,25,Adult,Female
1441_FriedrichNietzsche_17_m.jpg,FriedrichNietzsche,17,17,Juvenile,Male
14420_MaryPickford_24_f.jpg,MaryPickford,24,24,Adult,Female
14421_OliviadeHavilland_21_f.jpg,OliviadeHavilland,21,21,Adult,Female
14422_OliviadeHavilland_24_f.jpg,OliviadeHavilland,24,24,Adult,Female
14423_OliviadeHavilland_17_f.jpg,OliviadeHavilland,17,17,Juvenile,Female
14424_OliviadeHavilland_19_f.jpg,OliviadeHavilland,19,19,Adult,Female
14425_OliviadeHavilland_25_f.jpg,OliviadeHavilland,25,25,Adult,Female
14426_OliviadeHavilland_33_f.jpg,OliviadeHavilland,33,33,Adult,Female
14427_OliviadeHavilland_37_f.jpg,OliviadeHavilland,37,37,Middle,Female
14428_OliviadeHavilland_93_f.jpg,OliviadeHavilland,93,93,Elderly,Female
14429_OliviadeHavilland_94_f.jpg,OliviadeHavilland,94,94,Elderly,Female
1442_FriedrichNietzsche_38_m.jpg,FriedrichNietzsche,38,38,Middle,Male
14430_OliviadeHavilland_20_f.jpg,OliviadeHavilland,20,20,Adult,Female
14431_OliviadeHavilland_22_f.jpg,OliviadeHavilland,22,22,Adult,Female
14432_OliviadeHavilland_24_f.jpg,OliviadeHavilland,24,24,Adult,Female
14433_OliviadeHavilland_30_f.jpg,OliviadeHavilland,30,30,Adult,Female
14434_OliviadeHavilland_32_f.jpg,OliviadeHavilland,32,32,Adult,Female
14435_OliviadeHavilland_34_f.jpg,OliviadeHavilland,34,34,Adult,Female
14436_OliviadeHavilland_42_f.jpg,OliviadeHavilland,42,42,Middle,Female
14437_OliviadeHavilland_43_f.jpg,OliviadeHavilland,43,43,Middle,Female
14438_OliviadeHavilland_46_f.jpg,OliviadeHavilland,46,46,Middle,Female
14439_OliviadeHavilland_49_f.jpg,OliviadeHavilland,49,49,Middle,Female
1443_FriedrichNietzsche_42_m.jpg,FriedrichNietzsche,42,42,Middle,Male
14440_OliviadeHavilland_58_f.jpg,OliviadeHavilland,58,58,Senior,Female
14441_OliviadeHavilland_62_f.jpg,OliviadeHavilland,62,62,Senior,Female
14442_OliviadeHavilland_65_f.jpg,OliviadeHavilland,65,65,Senior,Female
14443_OliviadeHavilland_92_f.jpg,OliviadeHavilland,92,92,Elderly,Female
14444_PeggyAshcroft_22_f.jpg,PeggyAshcroft,22,22,Adult,Female
14445_PeggyAshcroft_22_f.jpg,PeggyAshcroft,22,22,Adult,Female
14446_PeggyAshcroft_23_f.jpg,PeggyAshcroft,23,23,Adult,Female
14447_PeggyAshcroft_24_f.jpg,PeggyAshcroft,24,24,Adult,Female
14448_PeggyAshcroft_25_f.jpg,PeggyAshcroft,25,25,Adult,Female
14449_PeggyAshcroft_26_f.jpg,PeggyAshcroft,26,26,Adult,Female
1444_FriedrichNietzsche_17_m.jpg,FriedrichNietzsche,17,17,Juvenile,Male
14450_PeggyAshcroft_27_f.jpg,PeggyAshcroft,27,27,Adult,Female
14451_PeggyAshcroft_28_f.jpg,PeggyAshcroft,28,28,Adult,Female
14452_PeggyAshcroft_30_f.jpg,PeggyAshcroft,30,30,Adult,Female
14453_PeggyAshcroft_32_f.jpg,PeggyAshcroft,32,32,Adult,Female
14454_PeggyAshcroft_35_f.jpg,PeggyAshcroft,35,35,Adult,Female
14455_PeggyAshcroft_38_f.jpg,PeggyAshcroft,38,38,Middle,Female
14456_PeggyAshcroft_43_f.jpg,PeggyAshcroft,43,43,Middle,Female
14457_PeggyAshcroft_44_f.jpg,PeggyAshcroft,44,44,Middle,Female
14458_PeggyAshcroft_45_f.jpg,PeggyAshcroft,45,45,Middle,Female
14459_PeggyAshcroft_47_f.jpg,PeggyAshcroft,47,47,Middle,Female
1445_FriedrichNietzsche_32_m.jpg,FriedrichNietzsche,32,32,Adult,Male
14460_PeggyAshcroft_52_f.jpg,PeggyAshcroft,52,52,Middle,Female
14461_PeggyAshcroft_54_f.jpg,PeggyAshcroft,54,54,Middle,Female
14462_PeggyAshcroft_55_f.jpg,PeggyAshcroft,55,55,Middle,Female
14463_PeggyAshcroft_57_f.jpg,PeggyAshcroft,57,57,Senior,Female
14464_PeggyAshcroft_61_f.jpg,PeggyAshcroft,61,61,Senior,Female
14465_PeggyAshcroft_62_f.jpg,PeggyAshcroft,62,62,Senior,Female
14466_PeggyAshcroft_63_f.jpg,PeggyAshcroft,63,63,Senior,Female
14467_PeggyAshcroft_65_f.jpg,PeggyAshcroft,65,65,Senior,Female
14468_PeggyAshcroft_67_f.jpg,PeggyAshcroft,67,67,Senior,Female
14469_PeggyAshcroft_68_f.jpg,PeggyAshcroft,68,68,Senior,Female
1446_FriedrichNietzsche_28_m.jpg,FriedrichNietzsche,28,28,Adult,Male
14470_PeggyAshcroft_70_f.jpg,PeggyAshcroft,70,70,Senior,Female
14471_PeggyAshcroft_72_f.jpg,PeggyAshcroft,72,72,Elderly,Female
14472_PeggyAshcroft_73_f.jpg,PeggyAshcroft,73,73,Elderly,Female
14473_PeggyAshcroft_74_f.jpg,PeggyAshcroft,74,74,Elderly,Female
14474_PeggyAshcroft_75_f.jpg,PeggyAshcroft,75,75,Elderly,Female
14475_PeggyAshcroft_76_f.jpg,PeggyAshcroft,76,76,Elderly,Female
14476_PeggyAshcroft_77_f.jpg,PeggyAshcroft,77,77,Elderly,Female
14477_PeggyAshcroft_77_f.jpg,PeggyAshcroft,77,77,Elderly,Female
14478_PeggyAshcroft_82_f.jpg,PeggyAshcroft,82,82,Elderly,Female
14479_PeggyAshcroft_33_f.jpg,PeggyAshcroft,33,33,Adult,Female
1447_FriedrichNietzsche_42_m.jpg,FriedrichNietzsche,42,42,Middle,Male
14480_PeggyAshcroft_41_f.jpg,PeggyAshcroft,41,41,Middle,Female
14481_PeggyAshcroft_44_f.jpg,PeggyAshcroft,44,44,Middle,Female
14482_PeggyAshcroft_56_f.jpg,PeggyAshcroft,56,56,Senior,Female
14483_PeggyAshcroft_81_f.jpg,PeggyAshcroft,81,81,Elderly,Female
1448_FriedrichNietzsche_17_m.jpg,FriedrichNietzsche,17,17,Juvenile,Male
1449_FriedrichNietzsche_32_m.jpg,FriedrichNietzsche,32,32,Adult,Male
144_PaulmcCartney_70_m.jpg,PaulmcCartney,70,70,Senior,Male
1450_RabindranathTagore_52_m.jpg,RabindranathTagore,52,52,Middle,Male
14514_AudreyHepburn_38_f.jpg,AudreyHepburn,38,38,Middle,Female
14515_AudreyHepburn_22_f.jpg,AudreyHepburn,22,22,Adult,Female
14516_AudreyHepburn_22_f.jpg,AudreyHepburn,22,22,Adult,Female
14517_AudreyHepburn_20_f.jpg,AudreyHepburn,20,20,Adult,Female
14518_AudreyHepburn_60_f.jpg,AudreyHepburn,60,60,Senior,Female
14519_AudreyHepburn_25_f.jpg,AudreyHepburn,25,25,Adult,Female
1451_RabindranathTagore_55_m.jpg,RabindranathTagore,55,55,Middle,Male
14520_AudreyHepburn_62_f.jpg,AudreyHepburn,62,62,Senior,Female
14521_AudreyHepburn_47_f.jpg,AudreyHepburn,47,47,Middle,Female
14522_AudreyHepburn_28_f.jpg,AudreyHepburn,28,28,Adult,Female
14523_AudreyHepburn_33_f.jpg,AudreyHepburn,33,33,Adult,Female
14524_AudreyHepburn_34_f.jpg,AudreyHepburn,34,34,Adult,Female
14525_AudreyHepburn_52_f.jpg,AudreyHepburn,52,52,Middle,Female
14526_AudreyHepburn_58_f.jpg,AudreyHepburn,58,58,Senior,Female
14527_AudreyHepburn_23_f.jpg,AudreyHepburn,23,23,Adult,Female
14528_AudreyHepburn_27_f.jpg,AudreyHepburn,27,27,Adult,Female
14529_AudreyHepburn_25_f.jpg,AudreyHepburn,25,25,Adult,Female
1452_RabindranathTagore_59_m.jpg,RabindranathTagore,59,59,Senior,Male
14530_AudreyHepburn_24_f.jpg,AudreyHepburn,24,24,Adult,Female
14531_AudreyHepburn_24_f.jpg,AudreyHepburn,24,24,Adult,Female
14532_AudreyHepburn_68_f.jpg,AudreyHepburn,68,68,Senior,Female
14533_AudreyHepburn_18_f.jpg,AudreyHepburn,18,18,Adult,Female
14534_AudreyHepburn_25_f.jpg,AudreyHepburn,25,25,Adult,Female
14535_AudreyHepburn_62_f.jpg,AudreyHepburn,62,62,Senior,Female
14536_AudreyHepburn_47_f.jpg,AudreyHepburn,47,47,Middle,Female
14537_AudreyHepburn_32_f.jpg,AudreyHepburn,32,32,Adult,Female
14538_AudreyHepburn_50_f.jpg,AudreyHepburn,50,50,Middle,Female
14539_AudreyHepburn_30_f.jpg,AudreyHepburn,30,30,Adult,Female
1453_RabindranathTagore_63_m.jpg,RabindranathTagore,63,63,Senior,Male
14540_AudreyHepburn_19_f.jpg,AudreyHepburn,19,19,Adult,Female
14541_AudreyHepburn_21_f.jpg,AudreyHepburn,21,21,Adult,Female
14542_AudreyHepburn_23_f.jpg,AudreyHepburn,23,23,Adult,Female
14543_AudreyHepburn_24_f.jpg,AudreyHepburn,24,24,Adult,Female
14544_AudreyHepburn_25_f.jpg,AudreyHepburn,25,25,Adult,Female
14545_AudreyHepburn_26_f.jpg,AudreyHepburn,26,26,Adult,Female
14546_AudreyHepburn_27_f.jpg,AudreyHepburn,27,27,Adult,Female
14547_AudreyHepburn_30_f.jpg,AudreyHepburn,30,30,Adult,Female
14548_AudreyHepburn_31_f.jpg,AudreyHepburn,31,31,Adult,Female
14549_AudreyHepburn_32_f.jpg,AudreyHepburn,32,32,Adult,Female
1454_RabindranathTagore_65_m.jpg,RabindranathTagore,65,65,Senior,Male
14550_AudreyHepburn_35_f.jpg,AudreyHepburn,35,35,Adult,Female
14551_AudreyHepburn_36_f.jpg,AudreyHepburn,36,36,Middle,Female
14552_AudreyHepburn_37_f.jpg,AudreyHepburn,37,37,Middle,Female
14553_AudreyHepburn_38_f.jpg,AudreyHepburn,38,38,Middle,Female
14554_AudreyHepburn_47_f.jpg,AudreyHepburn,47,47,Middle,Female
14555_AudreyHepburn_49_f.jpg,AudreyHepburn,49,49,Middle,Female
14556_BeverlyRoberts_18_f.jpg,BeverlyRoberts,18,18,Adult,Female
14557_BeverlyRoberts_19_f.jpg,BeverlyRoberts,19,19,Adult,Female
14558_BeverlyRoberts_21_f.jpg,BeverlyRoberts,21,21,Adult,Female
14559_BeverlyRoberts_22_f.jpg,BeverlyRoberts,22,22,Adult,Female
1455_RabindranathTagore_69_m.jpg,RabindranathTagore,69,69,Senior,Male
14560_BeverlyRoberts_23_f.jpg,BeverlyRoberts,23,23,Adult,Female
14561_BeverlyRoberts_24_f.jpg,BeverlyRoberts,24,24,Adult,Female
14562_BeverlyRoberts_25_f.jpg,BeverlyRoberts,25,25,Adult,Female
14563_BeverlyRoberts_26_f.jpg,BeverlyRoberts,26,26,Adult,Female
14564_BeverlyRoberts_30_f.jpg,BeverlyRoberts,30,30,Adult,Female
14565_BeverlyRoberts_31_f.jpg,BeverlyRoberts,31,31,Adult,Female
14566_BeverlyRoberts_32_f.jpg,BeverlyRoberts,32,32,Adult,Female
14567_BeverlyRoberts_33_f.jpg,BeverlyRoberts,33,33,Adult,Female
14568_BeverlyRoberts_34_f.jpg,BeverlyRoberts,34,34,Adult,Female
14569_BeverlyRoberts_35_f.jpg,BeverlyRoberts,35,35,Adult,Female
1456_RabindranathTagore_70_m.jpg,RabindranathTagore,70,70,Senior,Male
14570_BeverlyRoberts_36_f.jpg,BeverlyRoberts,36,36,Middle,Female
14571_BeverlyRoberts_93_f.jpg,BeverlyRoberts,93,93,Elderly,Female
1457_RabindranathTagore_63_m.jpg,RabindranathTagore,63,63,Senior,Male
1458_RabindranathTagore_73_m.jpg,RabindranathTagore,73,73,Elderly,Male
1459_RabindranathTagore_20_m.jpg,RabindranathTagore,20,20,Adult,Male
145_PaulmcCartney_22_m.jpg,PaulmcCartney,22,22,Adult,Male
14602_YvonneDeCarlo_19_f.jpg,YvonneDeCarlo,19,19,Adult,Female
14603_YvonneDeCarlo_21_f.jpg,YvonneDeCarlo,21,21,Adult,Female
14604_YvonneDeCarlo_26_f.jpg,YvonneDeCarlo,26,26,Adult,Female
14605_YvonneDeCarlo_27_f.jpg,YvonneDeCarlo,27,27,Adult,Female
14606_YvonneDeCarlo_32_f.jpg,YvonneDeCarlo,32,32,Adult,Female
14607_YvonneDeCarlo_34_f.jpg,YvonneDeCarlo,34,34,Adult,Female
14608_YvonneDeCarlo_35_f.jpg,YvonneDeCarlo,35,35,Adult,Female
14609_YvonneDeCarlo_36_f.jpg,YvonneDeCarlo,36,36,Middle,Female
1460_RabindranathTagore_74_m.jpg,RabindranathTagore,74,74,Elderly,Male
14610_YvonneDeCarlo_38_f.jpg,YvonneDeCarlo,38,38,Middle,Female
14611_YvonneDeCarlo_40_f.jpg,YvonneDeCarlo,40,40,Middle,Female
14612_YvonneDeCarlo_46_f.jpg,YvonneDeCarlo,46,46,Middle,Female
14613_YvonneDeCarlo_47_f.jpg,YvonneDeCarlo,47,47,Middle,Female
14614_YvonneDeCarlo_48_f.jpg,YvonneDeCarlo,48,48,Middle,Female
14615_YvonneDeCarlo_50_f.jpg,YvonneDeCarlo,50,50,Middle,Female
14616_YvonneDeCarlo_52_f.jpg,YvonneDeCarlo,52,52,Middle,Female
14617_YvonneDeCarlo_54_f.jpg,YvonneDeCarlo,54,54,Middle,Female
14618_YvonneDeCarlo_56_f.jpg,YvonneDeCarlo,56,56,Senior,Female
14619_YvonneDeCarlo_57_f.jpg,YvonneDeCarlo,57,57,Senior,Female
1461_RabindranathTagore_19_m.jpg,RabindranathTagore,19,19,Adult,Male
14620_YvonneDeCarlo_60_f.jpg,YvonneDeCarlo,60,60,Senior,Female
14621_YvonneDeCarlo_64_f.jpg,YvonneDeCarlo,64,64,Senior,Female
14622_YvonneDeCarlo_66_f.jpg,YvonneDeCarlo,66,66,Senior,Female
14623_YvonneDeCarlo_68_f.jpg,YvonneDeCarlo,68,68,Senior,Female
14624_YvonneDeCarlo_72_f.jpg,YvonneDeCarlo,72,72,Elderly,Female
14625_YvonneDeCarlo_78_f.jpg,YvonneDeCarlo,78,78,Elderly,Female
14626_BarbaraStanwyck_28_f.jpg,BarbaraStanwyck,28,28,Adult,Female
14627_BarbaraStanwyck_17_f.jpg,BarbaraStanwyck,17,17,Juvenile,Female
14628_BarbaraStanwyck_18_f.jpg,BarbaraStanwyck,18,18,Adult,Female
14629_BarbaraStanwyck_21_f.jpg,BarbaraStanwyck,21,21,Adult,Female
1462_RabindranathTagore_74_m.jpg,RabindranathTagore,74,74,Elderly,Male
14630_BarbaraStanwyck_25_f.jpg,BarbaraStanwyck,25,25,Adult,Female
14631_BarbaraStanwyck_23_f.jpg,BarbaraStanwyck,23,23,Adult,Female
14632_BarbaraStanwyck_24_f.jpg,BarbaraStanwyck,24,24,Adult,Female
14633_BarbaraStanwyck_26_f.jpg,BarbaraStanwyck,26,26,Adult,Female
14634_BarbaraStanwyck_20_f.jpg,BarbaraStanwyck,20,20,Adult,Female
14635_BarbaraStanwyck_25_f.jpg,BarbaraStanwyck,25,25,Adult,Female
14636_BarbaraStanwyck_30_f.jpg,BarbaraStanwyck,30,30,Adult,Female
14637_BarbaraStanwyck_32_f.jpg,BarbaraStanwyck,32,32,Adult,Female
14638_BarbaraStanwyck_44_f.jpg,BarbaraStanwyck,44,44,Middle,Female
14639_BarbaraStanwyck_39_f.jpg,BarbaraStanwyck,39,39,Middle,Female
1463_RabindranathTagore_76_m.jpg,RabindranathTagore,76,76,Elderly,Male
14640_BarbaraStanwyck_61_f.jpg,BarbaraStanwyck,61,61,Senior,Female
14641_BarbaraStanwyck_30_f.jpg,BarbaraStanwyck,30,30,Adult,Female
14642_BarbaraStanwyck_33_f.jpg,BarbaraStanwyck,33,33,Adult,Female
14643_BarbaraStanwyck_35_f.jpg,BarbaraStanwyck,35,35,Adult,Female
14644_BarbaraStanwyck_36_f.jpg,BarbaraStanwyck,36,36,Middle,Female
14645_BarbaraStanwyck_37_f.jpg,BarbaraStanwyck,37,37,Middle,Female
14646_BarbaraStanwyck_38_f.jpg,BarbaraStanwyck,38,38,Middle,Female
14647_BarbaraStanwyck_40_f.jpg,BarbaraStanwyck,40,40,Middle,Female
14648_BarbaraStanwyck_41_f.jpg,BarbaraStanwyck,41,41,Middle,Female
14649_BarbaraStanwyck_45_f.jpg,BarbaraStanwyck,45,45,Middle,Female
1464_RabindranathTagore_44_m.jpg,RabindranathTagore,44,44,Middle,Male
14650_BarbaraStanwyck_46_f.jpg,BarbaraStanwyck,46,46,Middle,Female
14651_BarbaraStanwyck_48_f.jpg,BarbaraStanwyck,48,48,Middle,Female
14652_BarbaraStanwyck_49_f.jpg,BarbaraStanwyck,49,49,Middle,Female
14653_BarbaraStanwyck_50_f.jpg,BarbaraStanwyck,50,50,Middle,Female
14654_BarbaraStanwyck_57_f.jpg,BarbaraStanwyck,57,57,Senior,Female
14655_BarbaraStanwyck_61_f.jpg,BarbaraStanwyck,61,61,Senior,Female
14656_BarbaraStanwyck_59_f.jpg,BarbaraStanwyck,59,59,Senior,Female
14657_BarbaraStanwyck_74_f.jpg,BarbaraStanwyck,74,74,Elderly,Female
14658_BarbaraStanwyck_70_f.jpg,BarbaraStanwyck,70,70,Senior,Female
14659_BarbaraStanwyck_60_f.jpg,BarbaraStanwyck,60,60,Senior,Female
1465_RabindranathTagore_51_m.jpg,RabindranathTagore,51,51,Middle,Male
14660_BarbaraStanwyck_62_f.jpg,BarbaraStanwyck,62,62,Senior,Female
14661_ClaudetteColbert_31_f.jpg,ClaudetteColbert,31,31,Adult,Female
14662_ClaudetteColbert_72_f.jpg,ClaudetteColbert,72,72,Elderly,Female
14663_ClaudetteColbert_24_f.jpg,ClaudetteColbert,24,24,Adult,Female
14664_ClaudetteColbert_25_f.jpg,ClaudetteColbert,25,25,Adult,Female
14665_ClaudetteColbert_28_f.jpg,ClaudetteColbert,28,28,Adult,Female
14666_ClaudetteColbert_29_f.jpg,ClaudetteColbert,29,29,Adult,Female
14667_ClaudetteColbert_31_f.jpg,ClaudetteColbert,31,31,Adult,Female
14668_ClaudetteColbert_32_f.jpg,ClaudetteColbert,32,32,Adult,Female
14669_ClaudetteColbert_36_f.jpg,ClaudetteColbert,36,36,Middle,Female
1466_RabindranathTagore_79_m.jpg,RabindranathTagore,79,79,Elderly,Male
14670_ClaudetteColbert_37_f.jpg,ClaudetteColbert,37,37,Middle,Female
14671_ClaudetteColbert_40_f.jpg,ClaudetteColbert,40,40,Middle,Female
14672_ClaudetteColbert_41_f.jpg,ClaudetteColbert,41,41,Middle,Female
14673_ClaudetteColbert_42_f.jpg,ClaudetteColbert,42,42,Middle,Female
14674_ClaudetteColbert_27_f.jpg,ClaudetteColbert,27,27,Adult,Female
14675_ClaudetteColbert_39_f.jpg,ClaudetteColbert,39,39,Middle,Female
14676_ClaudetteColbert_53_f.jpg,ClaudetteColbert,53,53,Middle,Female
14677_ClaudetteColbert_56_f.jpg,ClaudetteColbert,56,56,Senior,Female
14678_ClaudetteColbert_58_f.jpg,ClaudetteColbert,58,58,Senior,Female
14679_ClaudetteColbert_81_f.jpg,ClaudetteColbert,81,81,Elderly,Female
1467_RabindranathTagore_12_m.jpg,RabindranathTagore,12,12,Child,Male
14680_ClaudetteColbert_78_f.jpg,ClaudetteColbert,78,78,Elderly,Female
14681_ClaudetteColbert_33_f.jpg,ClaudetteColbert,33,33,Adult,Female
14682_ClaudetteColbert_42_f.jpg,ClaudetteColbert,42,42,Middle,Female
14683_ClaudetteColbert_44_f.jpg,ClaudetteColbert,44,44,Middle,Female
14684_ClaudetteColbert_52_f.jpg,ClaudetteColbert,52,52,Middle,Female
14685_ClaudetteColbert_47_f.jpg,ClaudetteColbert,47,47,Middle,Female
14686_ClaudetteColbert_48_f.jpg,ClaudetteColbert,48,48,Middle,Female
14687_ClaudetteColbert_50_f.jpg,ClaudetteColbert,50,50,Middle,Female
14688_ClaudetteColbert_32_f.jpg,ClaudetteColbert,32,32,Adult,Female
14689_ClaudetteColbert_84_f.jpg,ClaudetteColbert,84,84,Elderly,Female
1468_RabindranathTagore_25_m.jpg,RabindranathTagore,25,25,Adult,Male
14690_ClaudetteColbert_28_f.jpg,ClaudetteColbert,28,28,Adult,Female
14691_ClaudetteColbert_34_f.jpg,ClaudetteColbert,34,34,Adult,Female
14692_ClaudetteColbert_40_f.jpg,ClaudetteColbert,40,40,Middle,Female
1469_RabindranathTagore_22_m.jpg,RabindranathTagore,22,22,Adult,Male
146_PaulmcCartney_20_m.jpg,PaulmcCartney,20,20,Adult,Male
1470_RabindranathTagore_62_m.jpg,RabindranathTagore,62,62,Senior,Male
14712_MarleneDietrich_28_f.jpg,MarleneDietrich,28,28,Adult,Female
14713_MarleneDietrich_29_f.jpg,MarleneDietrich,29,29,Adult,Female
14714_MarleneDietrich_30_f.jpg,MarleneDietrich,30,30,Adult,Female
14715_MarleneDietrich_31_f.jpg,MarleneDietrich,31,31,Adult,Female
14716_MarleneDietrich_32_f.jpg,MarleneDietrich,32,32,Adult,Female
14717_MarleneDietrich_33_f.jpg,MarleneDietrich,33,33,Adult,Female
14718_MarleneDietrich_34_f.jpg,MarleneDietrich,34,34,Adult,Female
14719_MarleneDietrich_35_f.jpg,MarleneDietrich,35,35,Adult,Female
1471_RabindranathTagore_45_m.jpg,RabindranathTagore,45,45,Middle,Male
14720_MarleneDietrich_36_f.jpg,MarleneDietrich,36,36,Middle,Female
14721_MarleneDietrich_36_f.jpg,MarleneDietrich,36,36,Middle,Female
14722_MarleneDietrich_37_f.jpg,MarleneDietrich,37,37,Middle,Female
14723_MarleneDietrich_39_f.jpg,MarleneDietrich,39,39,Middle,Female
14724_MarleneDietrich_40_f.jpg,MarleneDietrich,40,40,Middle,Female
14725_MarleneDietrich_41_f.jpg,MarleneDietrich,41,41,Middle,Female
14726_MarleneDietrich_43_f.jpg,MarleneDietrich,43,43,Middle,Female
14727_MarleneDietrich_43_f.jpg,MarleneDietrich,43,43,Middle,Female
14728_MarleneDietrich_44_f.jpg,MarleneDietrich,44,44,Middle,Female
14729_MarleneDietrich_46_f.jpg,MarleneDietrich,46,46,Middle,Female
1472_RabindranathTagore_62_m.jpg,RabindranathTagore,62,62,Senior,Male
14730_MarleneDietrich_47_f.jpg,MarleneDietrich,47,47,Middle,Female
14731_MarleneDietrich_49_f.jpg,MarleneDietrich,49,49,Middle,Female
14732_MarleneDietrich_49_f.jpg,MarleneDietrich,49,49,Middle,Female
14733_MarleneDietrich_51_f.jpg,MarleneDietrich,51,51,Middle,Female
14734_MarleneDietrich_52_f.jpg,MarleneDietrich,52,52,Middle,Female
14735_MarleneDietrich_54_f.jpg,MarleneDietrich,54,54,Middle,Female
14736_MarleneDietrich_55_f.jpg,MarleneDietrich,55,55,Middle,Female
14737_MarleneDietrich_56_f.jpg,MarleneDietrich,56,56,Senior,Female
14738_MarleneDietrich_56_f.jpg,MarleneDietrich,56,56,Senior,Female
14739_MarleneDietrich_58_f.jpg,MarleneDietrich,58,58,Senior,Female
1473_RabindranathTagore_65_m.jpg,RabindranathTagore,65,65,Senior,Male
14740_MarleneDietrich_58_f.jpg,MarleneDietrich,58,58,Senior,Female
14741_MarleneDietrich_62_f.jpg,MarleneDietrich,62,62,Senior,Female
14742_MarleneDietrich_63_f.jpg,MarleneDietrich,63,63,Senior,Female
14743_MarleneDietrich_66_f.jpg,MarleneDietrich,66,66,Senior,Female
14744_MarleneDietrich_67_f.jpg,MarleneDietrich,67,67,Senior,Female
14745_MarleneDietrich_69_f.jpg,MarleneDietrich,69,69,Senior,Female
14746_MarleneDietrich_70_f.jpg,MarleneDietrich,70,70,Senior,Female
14747_MarleneDietrich_71_f.jpg,MarleneDietrich,71,71,Elderly,Female
14748_MarleneDietrich_72_f.jpg,MarleneDietrich,72,72,Elderly,Female
14749_MarleneDietrich_73_f.jpg,MarleneDietrich,73,73,Elderly,Female
1474_RabindranathTagore_67_m.jpg,RabindranathTagore,67,67,Senior,Male
14750_MarleneDietrich_74_f.jpg,MarleneDietrich,74,74,Elderly,Female
1475_CarlMarx_55_m.jpg,CarlMarx,55,55,Middle,Male
1476_CarlMarx_50_m.jpg,CarlMarx,50,50,Middle,Male
1477_CarlMarx_58_m.jpg,CarlMarx,58,58,Senior,Male
14785_SilvanaMangano_15_f.jpg,SilvanaMangano,15,15,Juvenile,Female
14786_SilvanaMangano_16_f.jpg,SilvanaMangano,16,16,Juvenile,Female
14787_SilvanaMangano_17_f.jpg,SilvanaMangano,17,17,Juvenile,Female
14788_SilvanaMangano_18_f.jpg,SilvanaMangano,18,18,Adult,Female
14789_SilvanaMangano_20_f.jpg,SilvanaMangano,20,20,Adult,Female
1478_CarlMarx_50_m.jpg,CarlMarx,50,50,Middle,Male
14790_SilvanaMangano_23_f.jpg,SilvanaMangano,23,23,Adult,Female
14791_SilvanaMangano_21_f.jpg,SilvanaMangano,21,21,Adult,Female
14792_SilvanaMangano_22_f.jpg,SilvanaMangano,22,22,Adult,Female
14793_SilvanaMangano_24_f.jpg,SilvanaMangano,24,24,Adult,Female
14794_SilvanaMangano_25_f.jpg,SilvanaMangano,25,25,Adult,Female
14795_SilvanaMangano_26_f.jpg,SilvanaMangano,26,26,Adult,Female
14796_SilvanaMangano_27_f.jpg,SilvanaMangano,27,27,Adult,Female
14797_SilvanaMangano_28_f.jpg,SilvanaMangano,28,28,Adult,Female
14798_SilvanaMangano_30_f.jpg,SilvanaMangano,30,30,Adult,Female
14799_SilvanaMangano_31_f.jpg,SilvanaMangano,31,31,Adult,Female
1479_CarlMarx_58_m.jpg,CarlMarx,58,58,Senior,Male
147_PaulmcCartney_43_m.jpg,PaulmcCartney,43,43,Middle,Male
14800_SilvanaMangano_32_f.jpg,SilvanaMangano,32,32,Adult,Female
14801_SilvanaMangano_33_f.jpg,SilvanaMangano,33,33,Adult,Female
14802_SilvanaMangano_35_f.jpg,SilvanaMangano,35,35,Adult,Female
14803_SilvanaMangano_36_f.jpg,SilvanaMangano,36,36,Middle,Female
14804_SilvanaMangano_37_f.jpg,SilvanaMangano,37,37,Middle,Female
14805_SilvanaMangano_37_f.jpg,SilvanaMangano,37,37,Middle,Female
14806_SilvanaMangano_38_f.jpg,SilvanaMangano,38,38,Middle,Female
14807_SilvanaMangano_39_f.jpg,SilvanaMangano,39,39,Middle,Female
14808_SilvanaMangano_40_f.jpg,SilvanaMangano,40,40,Middle,Female
14809_SilvanaMangano_41_f.jpg,SilvanaMangano,41,41,Middle,Female
1480_CarlMarx_30_m.jpg,CarlMarx,30,30,Adult,Male
14810_SilvanaMangano_42_f.jpg,SilvanaMangano,42,42,Middle,Female
14811_SilvanaMangano_43_f.jpg,SilvanaMangano,43,43,Middle,Female
14812_SilvanaMangano_44_f.jpg,SilvanaMangano,44,44,Middle,Female
14813_SilvanaMangano_45_f.jpg,SilvanaMangano,45,45,Middle,Female
14814_SilvanaMangano_48_f.jpg,SilvanaMangano,48,48,Middle,Female
14815_SilvanaMangano_54_f.jpg,SilvanaMangano,54,54,Middle,Female
14816_SilvanaMangano_57_f.jpg,SilvanaMangano,57,57,Senior,Female
1481_CarlMarx_45_m.jpg,CarlMarx,45,45,Middle,Male
1482_CarlMarx_40_m.jpg,CarlMarx,40,40,Middle,Male
1483_CarlMarx_50_m.jpg,CarlMarx,50,50,Middle,Male
1484_CarlMarx_58_m.jpg,CarlMarx,58,58,Senior,Male
1485_CarlMarx_55_m.jpg,CarlMarx,55,55,Middle,Male
1486_CarlMarx_62_m.jpg,CarlMarx,62,62,Senior,Male
1487_CarlMarx_60_m.jpg,CarlMarx,60,60,Senior,Male
148_PaulmcCartney_17_m.jpg,PaulmcCartney,17,17,Juvenile,Male
14924_MerkouriMelina_48_f.jpg,MerkouriMelina,48,48,Middle,Female
14925_MerkouriMelina_55_f.jpg,MerkouriMelina,55,55,Middle,Female
14926_MerkouriMelina_42_f.jpg,MerkouriMelina,42,42,Middle,Female
14927_MerkouriMelina_38_f.jpg,MerkouriMelina,38,38,Middle,Female
14928_MerkouriMelina_72_f.jpg,MerkouriMelina,72,72,Elderly,Female
14929_MerkouriMelina_73_f.jpg,MerkouriMelina,73,73,Elderly,Female
14930_MerkouriMelina_68_f.jpg,MerkouriMelina,68,68,Senior,Female
14931_MerkouriMelina_62_f.jpg,MerkouriMelina,62,62,Senior,Female
14932_MerkouriMelina_50_f.jpg,MerkouriMelina,50,50,Middle,Female
14933_MerkouriMelina_43_f.jpg,MerkouriMelina,43,43,Middle,Female
14934_MerkouriMelina_42_f.jpg,MerkouriMelina,42,42,Middle,Female
14935_MerkouriMelina_50_f.jpg,MerkouriMelina,50,50,Middle,Female
14936_MerkouriMelina_40_f.jpg,MerkouriMelina,40,40,Middle,Female
14937_MerkouriMelina_68_f.jpg,MerkouriMelina,68,68,Senior,Female
14938_MerkouriMelina_38_f.jpg,MerkouriMelina,38,38,Middle,Female
14939_MerkouriMelina_47_f.jpg,MerkouriMelina,47,47,Middle,Female
14940_MerkouriMelina_43_f.jpg,MerkouriMelina,43,43,Middle,Female
14941_AmandaBlake_21_f.jpg,AmandaBlake,21,21,Adult,Female
14942_AmandaBlake_22_f.jpg,AmandaBlake,22,22,Adult,Female
14943_AmandaBlake_23_f.jpg,AmandaBlake,23,23,Adult,Female
14944_AmandaBlake_24_f.jpg,AmandaBlake,24,24,Adult,Female
14945_AmandaBlake_25_f.jpg,AmandaBlake,25,25,Adult,Female
14946_AmandaBlake_26_f.jpg,AmandaBlake,26,26,Adult,Female
14947_AmandaBlake_27_f.jpg,AmandaBlake,27,27,Adult,Female
14948_AmandaBlake_28_f.jpg,AmandaBlake,28,28,Adult,Female
14949_AmandaBlake_29_f.jpg,AmandaBlake,29,29,Adult,Female
14950_AmandaBlake_36_f.jpg,AmandaBlake,36,36,Middle,Female
14951_AmandaBlake_41_f.jpg,AmandaBlake,41,41,Middle,Female
14952_AmandaBlake_43_f.jpg,AmandaBlake,43,43,Middle,Female
14953_AmandaBlake_45_f.jpg,AmandaBlake,45,45,Middle,Female
14954_AmandaBlake_46_f.jpg,AmandaBlake,46,46,Middle,Female
14955_AmandaBlake_30_f.jpg,AmandaBlake,30,30,Adult,Female
14956_AmandaBlake_31_f.jpg,AmandaBlake,31,31,Adult,Female
14957_AmandaBlake_32_f.jpg,AmandaBlake,32,32,Adult,Female
14958_AmandaBlake_33_f.jpg,AmandaBlake,33,33,Adult,Female
14959_AmandaBlake_34_f.jpg,AmandaBlake,34,34,Adult,Female
14960_AmandaBlake_35_f.jpg,AmandaBlake,35,35,Adult,Female
14961_AmandaBlake_37_f.jpg,AmandaBlake,37,37,Middle,Female
14962_AmandaBlake_38_f.jpg,AmandaBlake,38,38,Middle,Female
14963_AmandaBlake_39_f.jpg,AmandaBlake,39,39,Middle,Female
14964_AmandaBlake_40_f.jpg,AmandaBlake,40,40,Middle,Female
14965_AmandaBlake_47_f.jpg,AmandaBlake,47,47,Middle,Female
14966_AmandaBlake_50_f.jpg,AmandaBlake,50,50,Middle,Female
14967_AmandaBlake_51_f.jpg,AmandaBlake,51,51,Middle,Female
14968_AmandaBlake_55_f.jpg,AmandaBlake,55,55,Middle,Female
14969_AmandaBlake_56_f.jpg,AmandaBlake,56,56,Senior,Female
14970_AmandaBlake_57_f.jpg,AmandaBlake,57,57,Senior,Female
14971_AmandaBlake_58_f.jpg,AmandaBlake,58,58,Senior,Female
14972_AmandaBlake_60_f.jpg,AmandaBlake,60,60,Senior,Female
14973_AnnJillian_10_f.jpg,AnnJillian,10,10,Child,Female
14974_AnnJillian_11_f.jpg,AnnJillian,11,11,Child,Female
14975_AnnJillian_12_f.jpg,AnnJillian,12,12,Child,Female
14976_AnnJillian_13_f.jpg,AnnJillian,13,13,Juvenile,Female
14977_AnnJillian_21_f.jpg,AnnJillian,21,21,Adult,Female
14978_AnnJillian_24_f.jpg,AnnJillian,24,24,Adult,Female
14979_AnnJillian_27_f.jpg,AnnJillian,27,27,Adult,Female
14980_AnnJillian_29_f.jpg,AnnJillian,29,29,Adult,Female
14981_AnnJillian_30_f.jpg,AnnJillian,30,30,Adult,Female
14982_AnnJillian_31_f.jpg,AnnJillian,31,31,Adult,Female
14983_AnnJillian_32_f.jpg,AnnJillian,32,32,Adult,Female
14984_AnnJillian_34_f.jpg,AnnJillian,34,34,Adult,Female
14985_AnnJillian_35_f.jpg,AnnJillian,35,35,Adult,Female
14986_AnnJillian_36_f.jpg,AnnJillian,36,36,Middle,Female
14987_AnnJillian_37_f.jpg,AnnJillian,37,37,Middle,Female
14988_AnnJillian_38_f.jpg,AnnJillian,38,38,Middle,Female
14989_AnnJillian_40_f.jpg,AnnJillian,40,40,Middle,Female
14990_AnnJillian_41_f.jpg,AnnJillian,41,41,Middle,Female
14991_AnnJillian_42_f.jpg,AnnJillian,42,42,Middle,Female
14992_AnnJillian_43_f.jpg,AnnJillian,43,43,Middle,Female
14993_AnnJillian_44_f.jpg,AnnJillian,44,44,Middle,Female
14994_AnnJillian_46_f.jpg,AnnJillian,46,46,Middle,Female
14995_AnnJillian_47_f.jpg,AnnJillian,47,47,Middle,Female
14996_AnnJillian_49_f.jpg,AnnJillian,49,49,Middle,Female
14997_AnnJillian_54_f.jpg,AnnJillian,54,54,Middle,Female
14998_AnnJillian_57_f.jpg,AnnJillian,57,57,Senior,Female
14999_AnnJillian_62_f.jpg,AnnJillian,62,62,Senior,Female
149_PaulmcCartney_17_m.jpg,PaulmcCartney,17,17,Juvenile,Male
15000_AnnJillian_64_f.jpg,AnnJillian,64,64,Senior,Female
15001_AnnMiller_15_f.jpg,AnnMiller,15,15,Juvenile,Female
15002_AnnMiller_16_f.jpg,AnnMiller,16,16,Juvenile,Female
15003_AnnMiller_17_f.jpg,AnnMiller,17,17,Juvenile,Female
15004_AnnMiller_18_f.jpg,AnnMiller,18,18,Adult,Female
15005_AnnMiller_19_f.jpg,AnnMiller,19,19,Adult,Female
15006_AnnMiller_20_f.jpg,AnnMiller,20,20,Adult,Female
15007_AnnMiller_21_f.jpg,AnnMiller,21,21,Adult,Female
15008_AnnMiller_22_f.jpg,AnnMiller,22,22,Adult,Female
15009_AnnMiller_23_f.jpg,AnnMiller,23,23,Adult,Female
15010_AnnMiller_24_f.jpg,AnnMiller,24,24,Adult,Female
15011_AnnMiller_25_f.jpg,AnnMiller,25,25,Adult,Female
15012_AnnMiller_26_f.jpg,AnnMiller,26,26,Adult,Female
15013_AnnMiller_27_f.jpg,AnnMiller,27,27,Adult,Female
15014_AnnMiller_28_f.jpg,AnnMiller,28,28,Adult,Female
15015_AnnMiller_30_f.jpg,AnnMiller,30,30,Adult,Female
15016_AnnMiller_31_f.jpg,AnnMiller,31,31,Adult,Female
15017_AnnMiller_32_f.jpg,AnnMiller,32,32,Adult,Female
15018_AnnMiller_33_f.jpg,AnnMiller,33,33,Adult,Female
15019_AnnMiller_35_f.jpg,AnnMiller,35,35,Adult,Female
15020_AnnMiller_37_f.jpg,AnnMiller,37,37,Middle,Female
15021_AnnMiller_40_f.jpg,AnnMiller,40,40,Middle,Female
15022_AnnMiller_42_f.jpg,AnnMiller,42,42,Middle,Female
15023_AnnMiller_45_f.jpg,AnnMiller,45,45,Middle,Female
15024_AnnMiller_49_f.jpg,AnnMiller,49,49,Middle,Female
15025_AnnMiller_50_f.jpg,AnnMiller,50,50,Middle,Female
15026_AnnMiller_51_f.jpg,AnnMiller,51,51,Middle,Female
15027_AnnMiller_53_f.jpg,AnnMiller,53,53,Middle,Female
15028_AnnMiller_55_f.jpg,AnnMiller,55,55,Middle,Female
15029_AnnMiller_57_f.jpg,AnnMiller,57,57,Senior,Female
15030_AnnMiller_58_f.jpg,AnnMiller,58,58,Senior,Female
15031_AnnMiller_59_f.jpg,AnnMiller,59,59,Senior,Female
15032_AnnMiller_60_f.jpg,AnnMiller,60,60,Senior,Female
15033_AnnMiller_61_f.jpg,AnnMiller,61,61,Senior,Female
15034_AnnMiller_64_f.jpg,AnnMiller,64,64,Senior,Female
15035_AnnMiller_69_f.jpg,AnnMiller,69,69,Senior,Female
15036_AnnMiller_72_f.jpg,AnnMiller,72,72,Elderly,Female
15037_AnnMiller_75_f.jpg,AnnMiller,75,75,Elderly,Female
15038_AnnMiller_77_f.jpg,AnnMiller,77,77,Elderly,Female
15039_AnnMiller_78_f.jpg,AnnMiller,78,78,Elderly,Female
15040_AnnMiller_79_f.jpg,AnnMiller,79,79,Elderly,Female
15041_AnnMiller_80_f.jpg,AnnMiller,80,80,Elderly,Female
150_PaulmcCartney_20_m.jpg,PaulmcCartney,20,20,Adult,Male
15144_ConnieBooth_24_f.jpg,ConnieBooth,24,24,Adult,Female
15145_ConnieBooth_25_f.jpg,ConnieBooth,25,25,Adult,Female
15146_ConnieBooth_26_f.jpg,ConnieBooth,26,26,Adult,Female
15147_ConnieBooth_27_f.jpg,ConnieBooth,27,27,Adult,Female
15148_ConnieBooth_28_f.jpg,ConnieBooth,28,28,Adult,Female
15149_ConnieBooth_30_f.jpg,ConnieBooth,30,30,Adult,Female
15150_ConnieBooth_31_f.jpg,ConnieBooth,31,31,Adult,Female
15151_ConnieBooth_32_f.jpg,ConnieBooth,32,32,Adult,Female
15152_ConnieBooth_35_f.jpg,ConnieBooth,35,35,Adult,Female
15153_ConnieBooth_36_f.jpg,ConnieBooth,36,36,Middle,Female
15154_ConnieBooth_37_f.jpg,ConnieBooth,37,37,Middle,Female
15155_ConnieBooth_38_f.jpg,ConnieBooth,38,38,Middle,Female
15156_ConnieBooth_39_f.jpg,ConnieBooth,39,39,Middle,Female
15157_ConnieBooth_40_f.jpg,ConnieBooth,40,40,Middle,Female
15158_ConnieBooth_41_f.jpg,ConnieBooth,41,41,Middle,Female
15159_ConnieBooth_42_f.jpg,ConnieBooth,42,42,Middle,Female
15160_ConnieBooth_43_f.jpg,ConnieBooth,43,43,Middle,Female
15161_ConnieBooth_44_f.jpg,ConnieBooth,44,44,Middle,Female
15162_ConnieBooth_45_f.jpg,ConnieBooth,45,45,Middle,Female
15163_ConnieBooth_46_f.jpg,ConnieBooth,46,46,Middle,Female
15164_ConnieBooth_47_f.jpg,ConnieBooth,47,47,Middle,Female
15165_ConnieBooth_48_f.jpg,ConnieBooth,48,48,Middle,Female
15166_ConnieBooth_49_f.jpg,ConnieBooth,49,49,Middle,Female
15167_ConnieBooth_52_f.jpg,ConnieBooth,52,52,Middle,Female
15168_ConnieBooth_56_f.jpg,ConnieBooth,56,56,Senior,Female
15169_ConnieBooth_58_f.jpg,ConnieBooth,58,58,Senior,Female
15170_ConnieBooth_60_f.jpg,ConnieBooth,60,60,Senior,Female
15171_ConnieBooth_62_f.jpg,ConnieBooth,62,62,Senior,Female
15172_ConnieBooth_63_f.jpg,ConnieBooth,63,63,Senior,Female
15173_ConnieBooth_64_f.jpg,ConnieBooth,64,64,Senior,Female
15174_ConnieBooth_65_f.jpg,ConnieBooth,65,65,Senior,Female
15175_ConnieBooth_66_f.jpg,ConnieBooth,66,66,Senior,Female
15176_ConnieBooth_70_f.jpg,ConnieBooth,70,70,Senior,Female
15177_ConnieBooth_71_f.jpg,ConnieBooth,71,71,Elderly,Female
15178_CydCharisse_27_f.jpg,CydCharisse,27,27,Adult,Female
15179_CydCharisse_30_f.jpg,CydCharisse,30,30,Adult,Female
15180_CydCharisse_32_f.jpg,CydCharisse,32,32,Adult,Female
15181_CydCharisse_33_f.jpg,CydCharisse,33,33,Adult,Female
15182_CydCharisse_34_f.jpg,CydCharisse,34,34,Adult,Female
15183_CydCharisse_35_f.jpg,CydCharisse,35,35,Adult,Female
15184_CydCharisse_36_f.jpg,CydCharisse,36,36,Middle,Female
15185_CydCharisse_38_f.jpg,CydCharisse,38,38,Middle,Female
15186_CydCharisse_31_f.jpg,CydCharisse,31,31,Adult,Female
15187_CydCharisse_40_f.jpg,CydCharisse,40,40,Middle,Female
15188_CydCharisse_41_f.jpg,CydCharisse,41,41,Middle,Female
15189_CydCharisse_43_f.jpg,CydCharisse,43,43,Middle,Female
15190_CydCharisse_44_f.jpg,CydCharisse,44,44,Middle,Female
15191_CydCharisse_46_f.jpg,CydCharisse,46,46,Middle,Female
15192_CydCharisse_48_f.jpg,CydCharisse,48,48,Middle,Female
15193_CydCharisse_51_f.jpg,CydCharisse,51,51,Middle,Female
15194_CydCharisse_53_f.jpg,CydCharisse,53,53,Middle,Female
15195_CydCharisse_60_f.jpg,CydCharisse,60,60,Senior,Female
15196_CydCharisse_63_f.jpg,CydCharisse,63,63,Senior,Female
15197_CydCharisse_65_f.jpg,CydCharisse,65,65,Senior,Female
15198_CydCharisse_67_f.jpg,CydCharisse,67,67,Senior,Female
15199_CydCharisse_68_f.jpg,CydCharisse,68,68,Senior,Female
151_PaulmcCartney_21_m.jpg,PaulmcCartney,21,21,Adult,Male
15200_CydCharisse_70_f.jpg,CydCharisse,70,70,Senior,Female
15201_CydCharisse_72_f.jpg,CydCharisse,72,72,Elderly,Female
15202_CydCharisse_73_f.jpg,CydCharisse,73,73,Elderly,Female
15203_CydCharisse_75_f.jpg,CydCharisse,75,75,Elderly,Female
15204_CydCharisse_77_f.jpg,CydCharisse,77,77,Elderly,Female
15205_CydCharisse_78_f.jpg,CydCharisse,78,78,Elderly,Female
15206_CydCharisse_79_f.jpg,CydCharisse,79,79,Elderly,Female
15207_CydCharisse_80_f.jpg,CydCharisse,80,80,Elderly,Female
15208_CydCharisse_81_f.jpg,CydCharisse,81,81,Elderly,Female
15209_CydCharisse_82_f.jpg,CydCharisse,82,82,Elderly,Female
15210_CydCharisse_83_f.jpg,CydCharisse,83,83,Elderly,Female
15211_CydCharisse_83_f.jpg,CydCharisse,83,83,Elderly,Female
15212_CydCharisse_84_f.jpg,CydCharisse,84,84,Elderly,Female
15213_CydCharisse_85_f.jpg,CydCharisse,85,85,Elderly,Female
15214_DebraPaget_15_f.jpg,DebraPaget,15,15,Juvenile,Female
15215_DebraPaget_16_f.jpg,DebraPaget,16,16,Juvenile,Female
15216_DebraPaget_17_f.jpg,DebraPaget,17,17,Juvenile,Female
15217_DebraPaget_17_f.jpg,DebraPaget,17,17,Juvenile,Female
15218_DebraPaget_18_f.jpg,DebraPaget,18,18,Adult,Female
15219_DebraPaget_19_f.jpg,DebraPaget,19,19,Adult,Female
15220_DebraPaget_20_f.jpg,DebraPaget,20,20,Adult,Female
15221_DebraPaget_20_f.jpg,DebraPaget,20,20,Adult,Female
15222_DebraPaget_21_f.jpg,DebraPaget,21,21,Adult,Female
15223_DebraPaget_22_f.jpg,DebraPaget,22,22,Adult,Female
15224_DebraPaget_23_f.jpg,DebraPaget,23,23,Adult,Female
15225_DebraPaget_24_f.jpg,DebraPaget,24,24,Adult,Female
15226_DebraPaget_25_f.jpg,DebraPaget,25,25,Adult,Female
15227_DebraPaget_26_f.jpg,DebraPaget,26,26,Adult,Female
15228_DebraPaget_27_f.jpg,DebraPaget,27,27,Adult,Female
15229_DebraPaget_27_f.jpg,DebraPaget,27,27,Adult,Female
15230_DebraPaget_28_f.jpg,DebraPaget,28,28,Adult,Female
15231_DebraPaget_29_f.jpg,DebraPaget,29,29,Adult,Female
15232_DebraPaget_30_f.jpg,DebraPaget,30,30,Adult,Female
15233_DebraPaget_31_f.jpg,DebraPaget,31,31,Adult,Female
15234_DebraPaget_32_f.jpg,DebraPaget,32,32,Adult,Female
15235_DebraPaget_34_f.jpg,DebraPaget,34,34,Adult,Female
15236_DebraPaget_35_f.jpg,DebraPaget,35,35,Adult,Female
15237_DebraPaget_37_f.jpg,DebraPaget,37,37,Middle,Female
15238_DebraPaget_40_f.jpg,DebraPaget,40,40,Middle,Female
15239_DebraPaget_42_f.jpg,DebraPaget,42,42,Middle,Female
15240_DebraPaget_55_f.jpg,DebraPaget,55,55,Middle,Female
15241_DebraPaget_70_f.jpg,DebraPaget,70,70,Senior,Female
15242_DebraPaget_73_f.jpg,DebraPaget,73,73,Elderly,Female
15243_DebraPaget_75_f.jpg,DebraPaget,75,75,Elderly,Female
15244_DebraPaget_78_f.jpg,DebraPaget,78,78,Elderly,Female
15245_DebraPaget_79_f.jpg,DebraPaget,79,79,Elderly,Female
15246_DebraPaget_81_f.jpg,DebraPaget,81,81,Elderly,Female
15247_DyanCannon_20_f.jpg,DyanCannon,20,20,Adult,Female
15248_DyanCannon_22_f.jpg,DyanCannon,22,22,Adult,Female
15249_DyanCannon_25_f.jpg,DyanCannon,25,25,Adult,Female
1524_Bono_3_m.jpg,Bono,3,3,Child,Male
15250_DyanCannon_26_f.jpg,DyanCannon,26,26,Adult,Female
15251_DyanCannon_29_f.jpg,DyanCannon,29,29,Adult,Female
15252_DyanCannon_30_f.jpg,DyanCannon,30,30,Adult,Female
15253_DyanCannon_31_f.jpg,DyanCannon,31,31,Adult,Female
15254_DyanCannon_32_f.jpg,DyanCannon,32,32,Adult,Female
15255_DyanCannon_33_f.jpg,DyanCannon,33,33,Adult,Female
15256_DyanCannon_34_f.jpg,DyanCannon,34,34,Adult,Female
15257_DyanCannon_35_f.jpg,DyanCannon,35,35,Adult,Female
15258_DyanCannon_36_f.jpg,DyanCannon,36,36,Middle,Female
15259_DyanCannon_38_f.jpg,DyanCannon,38,38,Middle,Female
1525_Bono_18_m.jpg,Bono,18,18,Adult,Male
15260_DyanCannon_40_f.jpg,DyanCannon,40,40,Middle,Female
15261_DyanCannon_41_f.jpg,DyanCannon,41,41,Middle,Female
15262_DyanCannon_42_f.jpg,DyanCannon,42,42,Middle,Female
15263_DyanCannon_43_f.jpg,DyanCannon,43,43,Middle,Female
15264_DyanCannon_44_f.jpg,DyanCannon,44,44,Middle,Female
15265_DyanCannon_45_f.jpg,DyanCannon,45,45,Middle,Female
15266_DyanCannon_46_f.jpg,DyanCannon,46,46,Middle,Female
15267_DyanCannon_48_f.jpg,DyanCannon,48,48,Middle,Female
15268_DyanCannon_51_f.jpg,DyanCannon,51,51,Middle,Female
15269_DyanCannon_53_f.jpg,DyanCannon,53,53,Middle,Female
1526_Bono_20_m.jpg,Bono,20,20,Adult,Male
15270_DyanCannon_55_f.jpg,DyanCannon,55,55,Middle,Female
15271_DyanCannon_58_f.jpg,DyanCannon,58,58,Senior,Female
15272_DyanCannon_63_f.jpg,DyanCannon,63,63,Senior,Female
15273_DyanCannon_64_f.jpg,DyanCannon,64,64,Senior,Female
15274_DyanCannon_65_f.jpg,DyanCannon,65,65,Senior,Female
15275_DyanCannon_66_f.jpg,DyanCannon,66,66,Senior,Female
15276_DyanCannon_67_f.jpg,DyanCannon,67,67,Senior,Female
15277_DyanCannon_68_f.jpg,DyanCannon,68,68,Senior,Female
15278_DyanCannon_69_f.jpg,DyanCannon,69,69,Senior,Female
15279_DyanCannon_70_f.jpg,DyanCannon,70,70,Senior,Female
1527_Bono_21_m.jpg,Bono,21,21,Adult,Male
15280_DyanCannon_71_f.jpg,DyanCannon,71,71,Elderly,Female
15281_DyanCannon_72_f.jpg,DyanCannon,72,72,Elderly,Female
15282_DyanCannon_73_f.jpg,DyanCannon,73,73,Elderly,Female
15283_DyanCannon_75_f.jpg,DyanCannon,75,75,Elderly,Female
15284_DyanCannon_76_f.jpg,DyanCannon,76,76,Elderly,Female
15285_DyanCannon_77_f.jpg,DyanCannon,77,77,Elderly,Female
15286_DyanCannon_78_f.jpg,DyanCannon,78,78,Elderly,Female
15287_DyanCannon_28_f.jpg,DyanCannon,28,28,Adult,Female
15288_DyanCannon_31_f.jpg,DyanCannon,31,31,Adult,Female
15289_DyanCannon_32_f.jpg,DyanCannon,32,32,Adult,Female
1528_Bono_22_m.jpg,Bono,22,22,Adult,Male
15290_DyanCannon_34_f.jpg,DyanCannon,34,34,Adult,Female
15291_DyanCannon_40_f.jpg,DyanCannon,40,40,Middle,Female
15292_DyanCannon_43_f.jpg,DyanCannon,43,43,Middle,Female
15293_DyanCannon_45_f.jpg,DyanCannon,45,45,Middle,Female
15294_EdwigeFenech_20_f.jpg,EdwigeFenech,20,20,Adult,Female
15295_EdwigeFenech_21_f.jpg,EdwigeFenech,21,21,Adult,Female
15296_EdwigeFenech_22_f.jpg,EdwigeFenech,22,22,Adult,Female
15297_EdwigeFenech_23_f.jpg,EdwigeFenech,23,23,Adult,Female
15298_EdwigeFenech_25_f.jpg,EdwigeFenech,25,25,Adult,Female
15299_EdwigeFenech_27_f.jpg,EdwigeFenech,27,27,Adult,Female
1529_Bono_23_m.jpg,Bono,23,23,Adult,Male
152_PaulmcCartney_26_m.jpg,PaulmcCartney,26,26,Adult,Male
15300_EdwigeFenech_28_f.jpg,EdwigeFenech,28,28,Adult,Female
15301_EdwigeFenech_29_f.jpg,EdwigeFenech,29,29,Adult,Female
15302_EdwigeFenech_30_f.jpg,EdwigeFenech,30,30,Adult,Female
15303_EdwigeFenech_31_f.jpg,EdwigeFenech,31,31,Adult,Female
15304_EdwigeFenech_32_f.jpg,EdwigeFenech,32,32,Adult,Female
15305_EdwigeFenech_33_f.jpg,EdwigeFenech,33,33,Adult,Female
15306_EdwigeFenech_34_f.jpg,EdwigeFenech,34,34,Adult,Female
15307_EdwigeFenech_35_f.jpg,EdwigeFenech,35,35,Adult,Female
15308_EdwigeFenech_36_f.jpg,EdwigeFenech,36,36,Middle,Female
15309_EdwigeFenech_38_f.jpg,EdwigeFenech,38,38,Middle,Female
1530_Bono_24_m.jpg,Bono,24,24,Adult,Male
15310_EdwigeFenech_39_f.jpg,EdwigeFenech,39,39,Middle,Female
15311_EdwigeFenech_40_f.jpg,EdwigeFenech,40,40,Middle,Female
15312_EdwigeFenech_41_f.jpg,EdwigeFenech,41,41,Middle,Female
15313_EdwigeFenech_42_f.jpg,EdwigeFenech,42,42,Middle,Female
15314_EdwigeFenech_44_f.jpg,EdwigeFenech,44,44,Middle,Female
15315_EdwigeFenech_46_f.jpg,EdwigeFenech,46,46,Middle,Female
15316_EdwigeFenech_47_f.jpg,EdwigeFenech,47,47,Middle,Female
15317_EdwigeFenech_48_f.jpg,EdwigeFenech,48,48,Middle,Female
15318_EdwigeFenech_49_f.jpg,EdwigeFenech,49,49,Middle,Female
15319_EdwigeFenech_51_f.jpg,EdwigeFenech,51,51,Middle,Female
1531_Bono_25_m.jpg,Bono,25,25,Adult,Male
15320_EdwigeFenech_53_f.jpg,EdwigeFenech,53,53,Middle,Female
15321_EdwigeFenech_54_f.jpg,EdwigeFenech,54,54,Middle,Female
15322_EdwigeFenech_56_f.jpg,EdwigeFenech,56,56,Senior,Female
15323_EdwigeFenech_57_f.jpg,EdwigeFenech,57,57,Senior,Female
15324_EdwigeFenech_58_f.jpg,EdwigeFenech,58,58,Senior,Female
15325_EdwigeFenech_59_f.jpg,EdwigeFenech,59,59,Senior,Female
15326_EdwigeFenech_60_f.jpg,EdwigeFenech,60,60,Senior,Female
15327_EdwigeFenech_61_f.jpg,EdwigeFenech,61,61,Senior,Female
15328_EdwigeFenech_61_f.jpg,EdwigeFenech,61,61,Senior,Female
15329_EdwigeFenech_62_f.jpg,EdwigeFenech,62,62,Senior,Female
1532_Bono_26_m.jpg,Bono,26,26,Adult,Male
15330_EdwigeFenech_63_f.jpg,EdwigeFenech,63,63,Senior,Female
15331_EdwigeFenech_64_f.jpg,EdwigeFenech,64,64,Senior,Female
15332_ErinGray_22_f.jpg,ErinGray,22,22,Adult,Female
15333_ErinGray_23_f.jpg,ErinGray,23,23,Adult,Female
15334_ErinGray_24_f.jpg,ErinGray,24,24,Adult,Female
15335_ErinGray_25_f.jpg,ErinGray,25,25,Adult,Female
15336_ErinGray_26_f.jpg,ErinGray,26,26,Adult,Female
15337_ErinGray_27_f.jpg,ErinGray,27,27,Adult,Female
15338_ErinGray_28_f.jpg,ErinGray,28,28,Adult,Female
15339_ErinGray_29_f.jpg,ErinGray,29,29,Adult,Female
1533_Bono_27_m.jpg,Bono,27,27,Adult,Male
15340_ErinGray_31_f.jpg,ErinGray,31,31,Adult,Female
15341_ErinGray_32_f.jpg,ErinGray,32,32,Adult,Female
15342_ErinGray_33_f.jpg,ErinGray,33,33,Adult,Female
15343_ErinGray_34_f.jpg,ErinGray,34,34,Adult,Female
15344_ErinGray_35_f.jpg,ErinGray,35,35,Adult,Female
15345_ErinGray_36_f.jpg,ErinGray,36,36,Middle,Female
15346_ErinGray_37_f.jpg,ErinGray,37,37,Middle,Female
15347_ErinGray_38_f.jpg,ErinGray,38,38,Middle,Female
15348_ErinGray_39_f.jpg,ErinGray,39,39,Middle,Female
15349_ErinGray_41_f.jpg,ErinGray,41,41,Middle,Female
1534_Bono_28_m.jpg,Bono,28,28,Adult,Male
15350_ErinGray_43_f.jpg,ErinGray,43,43,Middle,Female
15351_ErinGray_45_f.jpg,ErinGray,45,45,Middle,Female
15352_ErinGray_46_f.jpg,ErinGray,46,46,Middle,Female
15353_ErinGray_48_f.jpg,ErinGray,48,48,Middle,Female
15354_ErinGray_50_f.jpg,ErinGray,50,50,Middle,Female
15355_ErinGray_51_f.jpg,ErinGray,51,51,Middle,Female
15356_ErinGray_52_f.jpg,ErinGray,52,52,Middle,Female
15357_ErinGray_53_f.jpg,ErinGray,53,53,Middle,Female
15358_ErinGray_54_f.jpg,ErinGray,54,54,Middle,Female
15359_ErinGray_55_f.jpg,ErinGray,55,55,Middle,Female
1535_Bono_30_m.jpg,Bono,30,30,Adult,Male
15360_ErinGray_56_f.jpg,ErinGray,56,56,Senior,Female
15361_ErinGray_57_f.jpg,ErinGray,57,57,Senior,Female
15362_ErinGray_58_f.jpg,ErinGray,58,58,Senior,Female
15363_ErinGray_60_f.jpg,ErinGray,60,60,Senior,Female
15364_ErinGray_61_f.jpg,ErinGray,61,61,Senior,Female
15365_ErinGray_62_f.jpg,ErinGray,62,62,Senior,Female
15366_ErinGray_63_f.jpg,ErinGray,63,63,Senior,Female
15367_ErinGray_64_f.jpg,ErinGray,64,64,Senior,Female
15368_ErinGray_65_f.jpg,ErinGray,65,65,Senior,Female
15369_JanePowell_14_f.jpg,JanePowell,14,14,Juvenile,Female
1536_Bono_32_m.jpg,Bono,32,32,Adult,Male
15370_JanePowell_15_f.jpg,JanePowell,15,15,Juvenile,Female
15371_JanePowell_16_f.jpg,JanePowell,16,16,Juvenile,Female
15372_JanePowell_17_f.jpg,JanePowell,17,17,Juvenile,Female
15373_JanePowell_18_f.jpg,JanePowell,18,18,Adult,Female
15374_JanePowell_19_f.jpg,JanePowell,19,19,Adult,Female
15375_JanePowell_21_f.jpg,JanePowell,21,21,Adult,Female
15376_JanePowell_22_f.jpg,JanePowell,22,22,Adult,Female
15377_JanePowell_23_f.jpg,JanePowell,23,23,Adult,Female
15378_JanePowell_24_f.jpg,JanePowell,24,24,Adult,Female
15379_JanePowell_25_f.jpg,JanePowell,25,25,Adult,Female
1537_Bono_33_m.jpg,Bono,33,33,Adult,Male
15380_JanePowell_26_f.jpg,JanePowell,26,26,Adult,Female
15381_JanePowell_27_f.jpg,JanePowell,27,27,Adult,Female
15382_JanePowell_28_f.jpg,JanePowell,28,28,Adult,Female
15383_JanePowell_29_f.jpg,JanePowell,29,29,Adult,Female
15384_JanePowell_30_f.jpg,JanePowell,30,30,Adult,Female
15385_JanePowell_31_f.jpg,JanePowell,31,31,Adult,Female
15386_JanePowell_32_f.jpg,JanePowell,32,32,Adult,Female
15387_JanePowell_36_f.jpg,JanePowell,36,36,Middle,Female
15388_JanePowell_38_f.jpg,JanePowell,38,38,Middle,Female
15389_JanePowell_39_f.jpg,JanePowell,39,39,Middle,Female
1538_Bono_34_m.jpg,Bono,34,34,Adult,Male
15390_JanePowell_41_f.jpg,JanePowell,41,41,Middle,Female
15391_JanePowell_43_f.jpg,JanePowell,43,43,Middle,Female
15392_JanePowell_45_f.jpg,JanePowell,45,45,Middle,Female
15393_JanePowell_48_f.jpg,JanePowell,48,48,Middle,Female
15394_JanePowell_49_f.jpg,JanePowell,49,49,Middle,Female
15395_JanePowell_51_f.jpg,JanePowell,51,51,Middle,Female
15396_JanePowell_52_f.jpg,JanePowell,52,52,Middle,Female
15397_JanePowell_54_f.jpg,JanePowell,54,54,Middle,Female
15398_JanePowell_55_f.jpg,JanePowell,55,55,Middle,Female
15399_JanePowell_56_f.jpg,JanePowell,56,56,Senior,Female
1539_Bono_35_m.jpg,Bono,35,35,Adult,Male
153_PaulmcCartney_22_m.jpg,PaulmcCartney,22,22,Adult,Male
15400_JanePowell_58_f.jpg,JanePowell,58,58,Senior,Female
15401_JanePowell_59_f.jpg,JanePowell,59,59,Senior,Female
15402_JanePowell_60_f.jpg,JanePowell,60,60,Senior,Female
15403_JanePowell_61_f.jpg,JanePowell,61,61,Senior,Female
15404_JanePowell_62_f.jpg,JanePowell,62,62,Senior,Female
15405_JanePowell_63_f.jpg,JanePowell,63,63,Senior,Female
15406_JanePowell_64_f.jpg,JanePowell,64,64,Senior,Female
15407_JanePowell_65_f.jpg,JanePowell,65,65,Senior,Female
15408_JanePowell_68_f.jpg,JanePowell,68,68,Senior,Female
15409_JanePowell_71_f.jpg,JanePowell,71,71,Elderly,Female
1540_Bono_37_m.jpg,Bono,37,37,Middle,Male
15410_JanePowell_73_f.jpg,JanePowell,73,73,Elderly,Female
15411_JanePowell_74_f.jpg,JanePowell,74,74,Elderly,Female
15412_JanePowell_75_f.jpg,JanePowell,75,75,Elderly,Female
15413_JanePowell_76_f.jpg,JanePowell,76,76,Elderly,Female
15414_JanePowell_77_f.jpg,JanePowell,77,77,Elderly,Female
15415_JanePowell_78_f.jpg,JanePowell,78,78,Elderly,Female
15416_JanePowell_79_f.jpg,JanePowell,79,79,Elderly,Female
15417_JanePowell_80_f.jpg,JanePowell,80,80,Elderly,Female
15418_JanePowell_81_f.jpg,JanePowell,81,81,Elderly,Female
15419_JanePowell_84_f.jpg,JanePowell,84,84,Elderly,Female
1541_Bono_38_m.jpg,Bono,38,38,Middle,Male
15420_JanePowell_86_f.jpg,JanePowell,86,86,Elderly,Female
15421_JanetEllis_7_f.jpg,JanetEllis,7,7,Child,Female
15422_JanetEllis_20_f.jpg,JanetEllis,20,20,Adult,Female
15423_JanetEllis_21_f.jpg,JanetEllis,21,21,Adult,Female
15424_JanetEllis_22_f.jpg,JanetEllis,22,22,Adult,Female
15425_JanetEllis_23_f.jpg,JanetEllis,23,23,Adult,Female
15426_JanetEllis_24_f.jpg,JanetEllis,24,24,Adult,Female
15427_JanetEllis_25_f.jpg,JanetEllis,25,25,Adult,Female
15428_JanetEllis_26_f.jpg,JanetEllis,26,26,Adult,Female
15429_JanetEllis_26_f.jpg,JanetEllis,26,26,Adult,Female
1542_Bono_39_m.jpg,Bono,39,39,Middle,Male
15430_JanetEllis_27_f.jpg,JanetEllis,27,27,Adult,Female
15431_JanetEllis_27_f.jpg,JanetEllis,27,27,Adult,Female
15432_JanetEllis_28_f.jpg,JanetEllis,28,28,Adult,Female
15433_JanetEllis_29_f.jpg,JanetEllis,29,29,Adult,Female
15434_JanetEllis_30_f.jpg,JanetEllis,30,30,Adult,Female
15435_JanetEllis_31_f.jpg,JanetEllis,31,31,Adult,Female
15436_JanetEllis_32_f.jpg,JanetEllis,32,32,Adult,Female
15437_JanetEllis_33_f.jpg,JanetEllis,33,33,Adult,Female
15438_JanetEllis_34_f.jpg,JanetEllis,34,34,Adult,Female
15439_JanetEllis_35_f.jpg,JanetEllis,35,35,Adult,Female
1543_Bono_40_m.jpg,Bono,40,40,Middle,Male
15440_JanetEllis_36_f.jpg,JanetEllis,36,36,Middle,Female
15441_JanetEllis_37_f.jpg,JanetEllis,37,37,Middle,Female
15442_JanetEllis_39_f.jpg,JanetEllis,39,39,Middle,Female
15443_JanetEllis_43_f.jpg,JanetEllis,43,43,Middle,Female
15444_JanetEllis_46_f.jpg,JanetEllis,46,46,Middle,Female
15445_JanetEllis_48_f.jpg,JanetEllis,48,48,Middle,Female
15446_JanetEllis_49_f.jpg,JanetEllis,49,49,Middle,Female
15447_JanetEllis_50_f.jpg,JanetEllis,50,50,Middle,Female
15448_JanetEllis_51_f.jpg,JanetEllis,51,51,Middle,Female
15449_JanetEllis_52_f.jpg,JanetEllis,52,52,Middle,Female
1544_Bono_41_m.jpg,Bono,41,41,Middle,Male
15450_JanetEllis_53_f.jpg,JanetEllis,53,53,Middle,Female
15451_JanetEllis_54_f.jpg,JanetEllis,54,54,Middle,Female
15452_JanetEllis_55_f.jpg,JanetEllis,55,55,Middle,Female
15453_JanetEllis_56_f.jpg,JanetEllis,56,56,Senior,Female
15454_JanetEllis_57_f.jpg,JanetEllis,57,57,Senior,Female
15455_JanetEllis_58_f.jpg,JanetEllis,58,58,Senior,Female
15456_JanetEllis_59_f.jpg,JanetEllis,59,59,Senior,Female
15457_JanetEllis_60_f.jpg,JanetEllis,60,60,Senior,Female
15458_JeanetteMacDonald_19_f.jpg,JeanetteMacDonald,19,19,Adult,Female
15459_JeanetteMacDonald_20_f.jpg,JeanetteMacDonald,20,20,Adult,Female
1545_Bono_42_m.jpg,Bono,42,42,Middle,Male
15460_JeanetteMacDonald_21_f.jpg,JeanetteMacDonald,21,21,Adult,Female
15461_JeanetteMacDonald_27_f.jpg,JeanetteMacDonald,27,27,Adult,Female
15462_JeanetteMacDonald_26_f.jpg,JeanetteMacDonald,26,26,Adult,Female
15463_JeanetteMacDonald_27_f.jpg,JeanetteMacDonald,27,27,Adult,Female
15464_JeanetteMacDonald_28_f.jpg,JeanetteMacDonald,28,28,Adult,Female
15465_JeanetteMacDonald_29_f.jpg,JeanetteMacDonald,29,29,Adult,Female
15466_JeanetteMacDonald_30_f.jpg,JeanetteMacDonald,30,30,Adult,Female
15467_JeanetteMacDonald_31_f.jpg,JeanetteMacDonald,31,31,Adult,Female
15468_JeanetteMacDonald_32_f.jpg,JeanetteMacDonald,32,32,Adult,Female
15469_JeanetteMacDonald_33_f.jpg,JeanetteMacDonald,33,33,Adult,Female
1546_Bono_43_m.jpg,Bono,43,43,Middle,Male
15470_JeanetteMacDonald_34_f.jpg,JeanetteMacDonald,34,34,Adult,Female
15471_JeanetteMacDonald_31_f.jpg,JeanetteMacDonald,31,31,Adult,Female
15472_JeanetteMacDonald_32_f.jpg,JeanetteMacDonald,32,32,Adult,Female
15473_JeanetteMacDonald_33_f.jpg,JeanetteMacDonald,33,33,Adult,Female
15474_JeanetteMacDonald_34_f.jpg,JeanetteMacDonald,34,34,Adult,Female
15475_JeanetteMacDonald_35_f.jpg,JeanetteMacDonald,35,35,Adult,Female
15476_JeanetteMacDonald_36_f.jpg,JeanetteMacDonald,36,36,Middle,Female
15477_JeanetteMacDonald_37_f.jpg,JeanetteMacDonald,37,37,Middle,Female
15478_JeanetteMacDonald_39_f.jpg,JeanetteMacDonald,39,39,Middle,Female
15479_JeanetteMacDonald_39_f.jpg,JeanetteMacDonald,39,39,Middle,Female
1547_Bono_44_m.jpg,Bono,44,44,Middle,Male
15480_JeanetteMacDonald_40_f.jpg,JeanetteMacDonald,40,40,Middle,Female
15481_JeanetteMacDonald_41_f.jpg,JeanetteMacDonald,41,41,Middle,Female
15482_JeanetteMacDonald_42_f.jpg,JeanetteMacDonald,42,42,Middle,Female
15483_JeanetteMacDonald_43_f.jpg,JeanetteMacDonald,43,43,Middle,Female
15484_JeanetteMacDonald_44_f.jpg,JeanetteMacDonald,44,44,Middle,Female
15485_JeanetteMacDonald_45_f.jpg,JeanetteMacDonald,45,45,Middle,Female
15486_JeanetteMacDonald_46_f.jpg,JeanetteMacDonald,46,46,Middle,Female
15487_JeanetteMacDonald_47_f.jpg,JeanetteMacDonald,47,47,Middle,Female
15488_JeanetteMacDonald_49_f.jpg,JeanetteMacDonald,49,49,Middle,Female
15489_JeanetteMacDonald_51_f.jpg,JeanetteMacDonald,51,51,Middle,Female
1548_Bono_45_m.jpg,Bono,45,45,Middle,Male
15490_JeanetteMacDonald_52_f.jpg,JeanetteMacDonald,52,52,Middle,Female
15491_JeanetteMacDonald_56_f.jpg,JeanetteMacDonald,56,56,Senior,Female
15492_JeanetteMacDonald_57_f.jpg,JeanetteMacDonald,57,57,Senior,Female
15493_JeanetteMacDonald_59_f.jpg,JeanetteMacDonald,59,59,Senior,Female
15494_JeanetteMacDonald_60_f.jpg,JeanetteMacDonald,60,60,Senior,Female
15495_JeanetteMacDonald_35_f.jpg,JeanetteMacDonald,35,35,Adult,Female
15496_JeanetteMacDonald_37_f.jpg,JeanetteMacDonald,37,37,Middle,Female
15497_JeanetteMacDonald_38_f.jpg,JeanetteMacDonald,38,38,Middle,Female
15498_JeanetteMacDonald_39_f.jpg,JeanetteMacDonald,39,39,Middle,Female
15499_JeanetteMacDonald_40_f.jpg,JeanetteMacDonald,40,40,Middle,Female
1549_Bono_46_m.jpg,Bono,46,46,Middle,Male
154_PaulmcCartney_26_m.jpg,PaulmcCartney,26,26,Adult,Male
15500_JeanetteMacDonald_41_f.jpg,JeanetteMacDonald,41,41,Middle,Female
15501_JeanetteMacDonald_42_f.jpg,JeanetteMacDonald,42,42,Middle,Female
15502_JeanetteMacDonald_43_f.jpg,JeanetteMacDonald,43,43,Middle,Female
15503_JeanetteMacDonald_44_f.jpg,JeanetteMacDonald,44,44,Middle,Female
15504_JeanetteMacDonald_45_f.jpg,JeanetteMacDonald,45,45,Middle,Female
15505_JeanetteMacDonald_47_f.jpg,JeanetteMacDonald,47,47,Middle,Female
15506_JeanetteMacDonald_48_f.jpg,JeanetteMacDonald,48,48,Middle,Female
15507_JeanetteMacDonald_49_f.jpg,JeanetteMacDonald,49,49,Middle,Female
15508_JeanetteMacDonald_51_f.jpg,JeanetteMacDonald,51,51,Middle,Female
15509_JeanetteMacDonald_52_f.jpg,JeanetteMacDonald,52,52,Middle,Female
1550_Bono_47_m.jpg,Bono,47,47,Middle,Male
15510_JeanetteMacDonald_54_f.jpg,JeanetteMacDonald,54,54,Middle,Female
15511_JeanetteMacDonald_55_f.jpg,JeanetteMacDonald,55,55,Middle,Female
15512_JeanetteMacDonald_56_f.jpg,JeanetteMacDonald,56,56,Senior,Female
15513_JeanetteMacDonald_58_f.jpg,JeanetteMacDonald,58,58,Senior,Female
15514_JeanetteMacDonald_59_f.jpg,JeanetteMacDonald,59,59,Senior,Female
15515_JeanetteMacDonald_60_f.jpg,JeanetteMacDonald,60,60,Senior,Female
15516_JeanetteMacDonald_61_f.jpg,JeanetteMacDonald,61,61,Senior,Female
1551_Bono_48_m.jpg,Bono,48,48,Middle,Male
1552_Bono_49_m.jpg,Bono,49,49,Middle,Male
1553_Bono_50_m.jpg,Bono,50,50,Middle,Male
15549_JulieHagerty_21_f.jpg,JulieHagerty,21,21,Adult,Female
1554_Bono_51_m.jpg,Bono,51,51,Middle,Male
15550_JulieHagerty_23_f.jpg,JulieHagerty,23,23,Adult,Female
15551_JulieHagerty_24_f.jpg,JulieHagerty,24,24,Adult,Female
15552_JulieHagerty_25_f.jpg,JulieHagerty,25,25,Adult,Female
15553_JulieHagerty_26_f.jpg,JulieHagerty,26,26,Adult,Female
15554_JulieHagerty_27_f.jpg,JulieHagerty,27,27,Adult,Female
15555_JulieHagerty_28_f.jpg,JulieHagerty,28,28,Adult,Female
15556_JulieHagerty_30_f.jpg,JulieHagerty,30,30,Adult,Female
15557_JulieHagerty_31_f.jpg,JulieHagerty,31,31,Adult,Female
15558_JulieHagerty_32_f.jpg,JulieHagerty,32,32,Adult,Female
15559_JulieHagerty_35_f.jpg,JulieHagerty,35,35,Adult,Female
1555_Bono_53_m.jpg,Bono,53,53,Middle,Male
15560_JulieHagerty_36_f.jpg,JulieHagerty,36,36,Middle,Female
15561_JulieHagerty_37_f.jpg,JulieHagerty,37,37,Middle,Female
15562_JulieHagerty_40_f.jpg,JulieHagerty,40,40,Middle,Female
15563_JulieHagerty_43_f.jpg,JulieHagerty,43,43,Middle,Female
15564_JulieHagerty_45_f.jpg,JulieHagerty,45,45,Middle,Female
15565_JulieHagerty_46_f.jpg,JulieHagerty,46,46,Middle,Female
15566_JulieHagerty_47_f.jpg,JulieHagerty,47,47,Middle,Female
15567_JulieHagerty_49_f.jpg,JulieHagerty,49,49,Middle,Female
15568_JulieHagerty_50_f.jpg,JulieHagerty,50,50,Middle,Female
15569_JulieHagerty_53_f.jpg,JulieHagerty,53,53,Middle,Female
1556_Bono_54_m.jpg,Bono,54,54,Middle,Male
15570_JulieHagerty_54_f.jpg,JulieHagerty,54,54,Middle,Female
15571_JulieHagerty_55_f.jpg,JulieHagerty,55,55,Middle,Female
15572_JulieHagerty_56_f.jpg,JulieHagerty,56,56,Senior,Female
15573_JulieHagerty_57_f.jpg,JulieHagerty,57,57,Senior,Female
15574_JulieHagerty_58_f.jpg,JulieHagerty,58,58,Senior,Female
15575_JulieHagerty_59_f.jpg,JulieHagerty,59,59,Senior,Female
15576_KateOMara_20_f.jpg,KateOMara,20,20,Adult,Female
15577_KateOMara_21_f.jpg,KateOMara,21,21,Adult,Female
15578_KateOMara_22_f.jpg,KateOMara,22,22,Adult,Female
15579_KateOMara_23_f.jpg,KateOMara,23,23,Adult,Female
1557_Bono_55_m.jpg,Bono,55,55,Middle,Male
15580_KateOMara_24_f.jpg,KateOMara,24,24,Adult,Female
15581_KateOMara_25_f.jpg,KateOMara,25,25,Adult,Female
15582_KateOMara_26_f.jpg,KateOMara,26,26,Adult,Female
15583_KateOMara_27_f.jpg,KateOMara,27,27,Adult,Female
15584_KateOMara_28_f.jpg,KateOMara,28,28,Adult,Female
15585_KateOMara_29_f.jpg,KateOMara,29,29,Adult,Female
15586_KateOMara_30_f.jpg,KateOMara,30,30,Adult,Female
15587_KateOMara_31_f.jpg,KateOMara,31,31,Adult,Female
15588_KateOMara_32_f.jpg,KateOMara,32,32,Adult,Female
15589_KateOMara_33_f.jpg,KateOMara,33,33,Adult,Female
15590_KateOMara_34_f.jpg,KateOMara,34,34,Adult,Female
15591_KateOMara_35_f.jpg,KateOMara,35,35,Adult,Female
15592_KateOMara_36_f.jpg,KateOMara,36,36,Middle,Female
15593_KateOMara_36_f.jpg,KateOMara,36,36,Middle,Female
15594_KateOMara_37_f.jpg,KateOMara,37,37,Middle,Female
15595_KateOMara_38_f.jpg,KateOMara,38,38,Middle,Female
15596_KateOMara_39_f.jpg,KateOMara,39,39,Middle,Female
15597_KateOMara_41_f.jpg,KateOMara,41,41,Middle,Female
15598_KateOMara_42_f.jpg,KateOMara,42,42,Middle,Female
15599_KateOMara_43_f.jpg,KateOMara,43,43,Middle,Female
155_PaulmcCartney_20_m.jpg,PaulmcCartney,20,20,Adult,Male
15600_KateOMara_44_f.jpg,KateOMara,44,44,Middle,Female
15601_KateOMara_45_f.jpg,KateOMara,45,45,Middle,Female
15602_KateOMara_46_f.jpg,KateOMara,46,46,Middle,Female
15603_KateOMara_47_f.jpg,KateOMara,47,47,Middle,Female
15604_KateOMara_48_f.jpg,KateOMara,48,48,Middle,Female
15605_KateOMara_49_f.jpg,KateOMara,49,49,Middle,Female
15606_KateOMara_50_f.jpg,KateOMara,50,50,Middle,Female
15607_KateOMara_51_f.jpg,KateOMara,51,51,Middle,Female
15608_KateOMara_52_f.jpg,KateOMara,52,52,Middle,Female
15609_KateOMara_53_f.jpg,KateOMara,53,53,Middle,Female
15610_KateOMara_54_f.jpg,KateOMara,54,54,Middle,Female
15611_KateOMara_56_f.jpg,KateOMara,56,56,Senior,Female
15612_KateOMara_57_f.jpg,KateOMara,57,57,Senior,Female
15613_KateOMara_58_f.jpg,KateOMara,58,58,Senior,Female
15614_KateOMara_62_f.jpg,KateOMara,62,62,Senior,Female
15615_KateOMara_64_f.jpg,KateOMara,64,64,Senior,Female
15616_KateOMara_65_f.jpg,KateOMara,65,65,Senior,Female
15617_KateOMara_66_f.jpg,KateOMara,66,66,Senior,Female
15618_KateOMara_67_f.jpg,KateOMara,67,67,Senior,Female
15619_KateOMara_68_f.jpg,KateOMara,68,68,Senior,Female
15620_KateOMara_69_f.jpg,KateOMara,69,69,Senior,Female
15621_KateOMara_70_f.jpg,KateOMara,70,70,Senior,Female
15622_KateOMara_71_f.jpg,KateOMara,71,71,Elderly,Female
15623_KateOMara_73_f.jpg,KateOMara,73,73,Elderly,Female
15624_KateOMara_75_f.jpg,KateOMara,75,75,Elderly,Female
15663_KathrynGrayson_19_f.jpg,KathrynGrayson,19,19,Adult,Female
15664_KathrynGrayson_20_f.jpg,KathrynGrayson,20,20,Adult,Female
15665_KathrynGrayson_21_f.jpg,KathrynGrayson,21,21,Adult,Female
15666_KathrynGrayson_22_f.jpg,KathrynGrayson,22,22,Adult,Female
15667_KathrynGrayson_23_f.jpg,KathrynGrayson,23,23,Adult,Female
15668_KathrynGrayson_24_f.jpg,KathrynGrayson,24,24,Adult,Female
15669_KathrynGrayson_25_f.jpg,KathrynGrayson,25,25,Adult,Female
15670_KathrynGrayson_26_f.jpg,KathrynGrayson,26,26,Adult,Female
15671_KathrynGrayson_27_f.jpg,KathrynGrayson,27,27,Adult,Female
15672_KathrynGrayson_28_f.jpg,KathrynGrayson,28,28,Adult,Female
15673_KathrynGrayson_29_f.jpg,KathrynGrayson,29,29,Adult,Female
15674_KathrynGrayson_30_f.jpg,KathrynGrayson,30,30,Adult,Female
15675_KathrynGrayson_31_f.jpg,KathrynGrayson,31,31,Adult,Female
15676_KathrynGrayson_32_f.jpg,KathrynGrayson,32,32,Adult,Female
15677_KathrynGrayson_33_f.jpg,KathrynGrayson,33,33,Adult,Female
15678_KathrynGrayson_34_f.jpg,KathrynGrayson,34,34,Adult,Female
15679_KathrynGrayson_35_f.jpg,KathrynGrayson,35,35,Adult,Female
15680_KathrynGrayson_38_f.jpg,KathrynGrayson,38,38,Middle,Female
15681_KathrynGrayson_40_f.jpg,KathrynGrayson,40,40,Middle,Female
15682_KathrynGrayson_43_f.jpg,KathrynGrayson,43,43,Middle,Female
15683_KathrynGrayson_45_f.jpg,KathrynGrayson,45,45,Middle,Female
15684_KathrynGrayson_46_f.jpg,KathrynGrayson,46,46,Middle,Female
15685_KathrynGrayson_47_f.jpg,KathrynGrayson,47,47,Middle,Female
15686_KathrynGrayson_51_f.jpg,KathrynGrayson,51,51,Middle,Female
15687_KathrynGrayson_52_f.jpg,KathrynGrayson,52,52,Middle,Female
15688_KathrynGrayson_53_f.jpg,KathrynGrayson,53,53,Middle,Female
15689_KathrynGrayson_58_f.jpg,KathrynGrayson,58,58,Senior,Female
15690_KathrynGrayson_62_f.jpg,KathrynGrayson,62,62,Senior,Female
15691_KathrynGrayson_66_f.jpg,KathrynGrayson,66,66,Senior,Female
15692_KathrynGrayson_68_f.jpg,KathrynGrayson,68,68,Senior,Female
15693_KathrynGrayson_69_f.jpg,KathrynGrayson,69,69,Senior,Female
15694_KathrynGrayson_70_f.jpg,KathrynGrayson,70,70,Senior,Female
15695_KathrynGrayson_73_f.jpg,KathrynGrayson,73,73,Elderly,Female
15696_KathrynGrayson_75_f.jpg,KathrynGrayson,75,75,Elderly,Female
15697_KathrynGrayson_80_f.jpg,KathrynGrayson,80,80,Elderly,Female
15698_KathrynGrayson_81_f.jpg,KathrynGrayson,81,81,Elderly,Female
15699_KathrynGrayson_82_f.jpg,KathrynGrayson,82,82,Elderly,Female
156_PaulmcCartney_26_m.jpg,PaulmcCartney,26,26,Adult,Male
157_PaulmcCartney_27_m.jpg,PaulmcCartney,27,27,Adult,Male
15813_StefaniePowers_21_f.jpg,StefaniePowers,21,21,Adult,Female
15814_StefaniePowers_23_f.jpg,StefaniePowers,23,23,Adult,Female
15815_StefaniePowers_24_f.jpg,StefaniePowers,24,24,Adult,Female
15816_StefaniePowers_29_f.jpg,StefaniePowers,29,29,Adult,Female
15817_StefaniePowers_32_f.jpg,StefaniePowers,32,32,Adult,Female
15818_StefaniePowers_34_f.jpg,StefaniePowers,34,34,Adult,Female
15819_StefaniePowers_36_f.jpg,StefaniePowers,36,36,Middle,Female
15820_StefaniePowers_37_f.jpg,StefaniePowers,37,37,Middle,Female
15821_StefaniePowers_38_f.jpg,StefaniePowers,38,38,Middle,Female
15822_StefaniePowers_39_f.jpg,StefaniePowers,39,39,Middle,Female
15823_StefaniePowers_40_f.jpg,StefaniePowers,40,40,Middle,Female
15824_StefaniePowers_41_f.jpg,StefaniePowers,41,41,Middle,Female
15825_StefaniePowers_46_f.jpg,StefaniePowers,46,46,Middle,Female
15826_StefaniePowers_47_f.jpg,StefaniePowers,47,47,Middle,Female
15827_StefaniePowers_48_f.jpg,StefaniePowers,48,48,Middle,Female
15828_StefaniePowers_49_f.jpg,StefaniePowers,49,49,Middle,Female
15829_StefaniePowers_51_f.jpg,StefaniePowers,51,51,Middle,Female
15830_StefaniePowers_52_f.jpg,StefaniePowers,52,52,Middle,Female
15831_StefaniePowers_56_f.jpg,StefaniePowers,56,56,Senior,Female
15832_StefaniePowers_58_f.jpg,StefaniePowers,58,58,Senior,Female
15833_StefaniePowers_60_f.jpg,StefaniePowers,60,60,Senior,Female
15834_StefaniePowers_61_f.jpg,StefaniePowers,61,61,Senior,Female
15835_StefaniePowers_62_f.jpg,StefaniePowers,62,62,Senior,Female
15836_StefaniePowers_63_f.jpg,StefaniePowers,63,63,Senior,Female
15837_StefaniePowers_64_f.jpg,StefaniePowers,64,64,Senior,Female
15838_StefaniePowers_65_f.jpg,StefaniePowers,65,65,Senior,Female
15839_StefaniePowers_66_f.jpg,StefaniePowers,66,66,Senior,Female
15840_StefaniePowers_67_f.jpg,StefaniePowers,67,67,Senior,Female
15841_StefaniePowers_69_f.jpg,StefaniePowers,69,69,Senior,Female
15842_StefaniePowers_73_f.jpg,StefaniePowers,73,73,Elderly,Female
15843_StefaniePowers_42_f.jpg,StefaniePowers,42,42,Middle,Female
15844_StefaniePowers_44_f.jpg,StefaniePowers,44,44,Middle,Female
15845_StefaniePowers_50_f.jpg,StefaniePowers,50,50,Middle,Female
15846_StefaniePowers_54_f.jpg,StefaniePowers,54,54,Middle,Female
15847_StefaniePowers_55_f.jpg,StefaniePowers,55,55,Middle,Female
15848_StefaniePowers_68_f.jpg,StefaniePowers,68,68,Senior,Female
15849_StefaniePowers_70_f.jpg,StefaniePowers,70,70,Senior,Female
15850_StefaniePowers_71_f.jpg,StefaniePowers,71,71,Elderly,Female
15851_StВphaneAudran_22_f.jpg,StВphaneAudran,22,22,Adult,Female
15852_StВphaneAudran_23_f.jpg,StВphaneAudran,23,23,Adult,Female
15853_StВphaneAudran_24_f.jpg,StВphaneAudran,24,24,Adult,Female
15854_StВphaneAudran_25_f.jpg,StВphaneAudran,25,25,Adult,Female
15855_StВphaneAudran_26_f.jpg,StВphaneAudran,26,26,Adult,Female
15856_StВphaneAudran_27_f.jpg,StВphaneAudran,27,27,Adult,Female
15857_StВphaneAudran_28_f.jpg,StВphaneAudran,28,28,Adult,Female
15858_StВphaneAudran_29_f.jpg,StВphaneAudran,29,29,Adult,Female
15859_StВphaneAudran_30_f.jpg,StВphaneAudran,30,30,Adult,Female
15860_StВphaneAudran_31_f.jpg,StВphaneAudran,31,31,Adult,Female
15861_StВphaneAudran_33_f.jpg,StВphaneAudran,33,33,Adult,Female
15862_StВphaneAudran_34_f.jpg,StВphaneAudran,34,34,Adult,Female
15863_StВphaneAudran_35_f.jpg,StВphaneAudran,35,35,Adult,Female
15864_StВphaneAudran_36_f.jpg,StВphaneAudran,36,36,Middle,Female
15865_StВphaneAudran_37_f.jpg,StВphaneAudran,37,37,Middle,Female
15866_StВphaneAudran_38_f.jpg,StВphaneAudran,38,38,Middle,Female
15867_StВphaneAudran_39_f.jpg,StВphaneAudran,39,39,Middle,Female
15868_StВphaneAudran_40_f.jpg,StВphaneAudran,40,40,Middle,Female
15869_StВphaneAudran_41_f.jpg,StВphaneAudran,41,41,Middle,Female
15870_StВphaneAudran_42_f.jpg,StВphaneAudran,42,42,Middle,Female
15871_StВphaneAudran_43_f.jpg,StВphaneAudran,43,43,Middle,Female
15872_StВphaneAudran_44_f.jpg,StВphaneAudran,44,44,Middle,Female
15873_StВphaneAudran_45_f.jpg,StВphaneAudran,45,45,Middle,Female
15874_StВphaneAudran_47_f.jpg,StВphaneAudran,47,47,Middle,Female
15875_StВphaneAudran_48_f.jpg,StВphaneAudran,48,48,Middle,Female
15876_StВphaneAudran_49_f.jpg,StВphaneAudran,49,49,Middle,Female
15877_StВphaneAudran_50_f.jpg,StВphaneAudran,50,50,Middle,Female
15878_StВphaneAudran_51_f.jpg,StВphaneAudran,51,51,Middle,Female
15879_StВphaneAudran_52_f.jpg,StВphaneAudran,52,52,Middle,Female
15880_StВphaneAudran_53_f.jpg,StВphaneAudran,53,53,Middle,Female
15881_StВphaneAudran_55_f.jpg,StВphaneAudran,55,55,Middle,Female
15882_StВphaneAudran_56_f.jpg,StВphaneAudran,56,56,Senior,Female
15883_StВphaneAudran_57_f.jpg,StВphaneAudran,57,57,Senior,Female
15884_StВphaneAudran_59_f.jpg,StВphaneAudran,59,59,Senior,Female
15885_StВphaneAudran_60_f.jpg,StВphaneAudran,60,60,Senior,Female
15886_StВphaneAudran_62_f.jpg,StВphaneAudran,62,62,Senior,Female
15887_StВphaneAudran_63_f.jpg,StВphaneAudran,63,63,Senior,Female
15888_StВphaneAudran_64_f.jpg,StВphaneAudran,64,64,Senior,Female
15889_StВphaneAudran_67_f.jpg,StВphaneAudran,67,67,Senior,Female
15890_StВphaneAudran_68_f.jpg,StВphaneAudran,68,68,Senior,Female
15891_StВphaneAudran_69_f.jpg,StВphaneAudran,69,69,Senior,Female
15892_StВphaneAudran_70_f.jpg,StВphaneAudran,70,70,Senior,Female
15893_StВphaneAudran_73_f.jpg,StВphaneAudran,73,73,Elderly,Female
15894_StВphaneAudran_75_f.jpg,StВphaneAudran,75,75,Elderly,Female
15895_StВphaneAudran_76_f.jpg,StВphaneAudran,76,76,Elderly,Female
158_PaulmcCartney_30_m.jpg,PaulmcCartney,30,30,Adult,Male
15919_VeronicaLake_18_f.jpg,VeronicaLake,18,18,Adult,Female
15920_VeronicaLake_19_f.jpg,VeronicaLake,19,19,Adult,Female
15921_VeronicaLake_20_f.jpg,VeronicaLake,20,20,Adult,Female
15922_VeronicaLake_21_f.jpg,VeronicaLake,21,21,Adult,Female
15923_VeronicaLake_22_f.jpg,VeronicaLake,22,22,Adult,Female
15924_VeronicaLake_23_f.jpg,VeronicaLake,23,23,Adult,Female
15925_VeronicaLake_24_f.jpg,VeronicaLake,24,24,Adult,Female
15926_VeronicaLake_25_f.jpg,VeronicaLake,25,25,Adult,Female
15927_VeronicaLake_26_f.jpg,VeronicaLake,26,26,Adult,Female
15928_VeronicaLake_27_f.jpg,VeronicaLake,27,27,Adult,Female
15929_VeronicaLake_29_f.jpg,VeronicaLake,29,29,Adult,Female
1592_AlCorley_20_m.jpg,AlCorley,20,20,Adult,Male
15930_VeronicaLake_40_f.jpg,VeronicaLake,40,40,Middle,Female
15931_VeronicaLake_46_f.jpg,VeronicaLake,46,46,Middle,Female
15932_VeronicaLake_48_f.jpg,VeronicaLake,48,48,Middle,Female
15933_VeronicaLake_28_f.jpg,VeronicaLake,28,28,Adult,Female
15934_VeronicaLake_30_f.jpg,VeronicaLake,30,30,Adult,Female
15935_VeronicaLake_34_f.jpg,VeronicaLake,34,34,Adult,Female
15936_VeronicaLake_43_f.jpg,VeronicaLake,43,43,Middle,Female
15937_VeronicaLake_45_f.jpg,VeronicaLake,45,45,Middle,Female
15938_VeronicaLake_47_f.jpg,VeronicaLake,47,47,Middle,Female
15939_VeronicaLake_49_f.jpg,VeronicaLake,49,49,Middle,Female
1593_AlCorley_22_m.jpg,AlCorley,22,22,Adult,Male
15940_VeronicaLake_50_f.jpg,VeronicaLake,50,50,Middle,Female
15941_VeronicaLake_51_f.jpg,VeronicaLake,51,51,Middle,Female
1594_AlCorley_23_m.jpg,AlCorley,23,23,Adult,Male
1595_AlCorley_24_m.jpg,AlCorley,24,24,Adult,Male
1596_AlCorley_25_m.jpg,AlCorley,25,25,Adult,Male
1597_AlCorley_26_m.jpg,AlCorley,26,26,Adult,Male
1598_AlCorley_27_m.jpg,AlCorley,27,27,Adult,Male
1599_AlCorley_28_m.jpg,AlCorley,28,28,Adult,Male
159_PaulmcCartney_15_m.jpg,PaulmcCartney,15,15,Juvenile,Male
1600_AlCorley_29_m.jpg,AlCorley,29,29,Adult,Male
16011_WillSmith _43_m.jpg,WillSmith ,43,43,Middle,Male
16013_BillCosby_30_m.jpg,BillCosby,30,30,Adult,Male
16014_BillCosby_48_m.jpg,BillCosby,48,48,Middle,Male
16015_BillCosby_75_m.jpg,BillCosby,75,75,Elderly,Male
1601_AlCorley_31_m.jpg,AlCorley,31,31,Adult,Male
16020_MorganFreeman _73_m.jpg,MorganFreeman ,73,73,Elderly,Male
16021_MorganFreeman _70_m.jpg,MorganFreeman ,70,70,Senior,Male
16022_MorganFreeman _77_m.jpg,MorganFreeman ,77,77,Elderly,Male
16023_MorganFreeman _79_m.jpg,MorganFreeman ,79,79,Elderly,Male
16024_MorganFreeman _80_m.jpg,MorganFreeman ,80,80,Elderly,Male
16025_MorganFreeman _80_m.jpg,MorganFreeman ,80,80,Elderly,Male
16026_MorganFreeman _79_m.jpg,MorganFreeman ,79,79,Elderly,Male
16027_MorganFreeman _79_m.jpg,MorganFreeman ,79,79,Elderly,Male
16028_MorganFreeman _77_m.jpg,MorganFreeman ,77,77,Elderly,Male
16029_MorganFreeman _41_m.jpg,MorganFreeman ,41,41,Middle,Male
1602_AlCorley_33_m.jpg,AlCorley,33,33,Adult,Male
16030_MorganFreeman _51_m.jpg,MorganFreeman ,51,51,Middle,Male
16031_MorganFreeman _51_m.jpg,MorganFreeman ,51,51,Middle,Male
16032_MorganFreeman _59_m.jpg,MorganFreeman ,59,59,Senior,Male
16033_MorganFreeman _60_m.jpg,MorganFreeman ,60,60,Senior,Male
16034_MorganFreeman _67_m.jpg,MorganFreeman ,67,67,Senior,Male
16035_MorganFreeman _74_m.jpg,MorganFreeman ,74,74,Elderly,Male
16036_MorganFreeman _70_m.jpg,MorganFreeman ,70,70,Senior,Male
16037_MorganFreeman _71_m.jpg,MorganFreeman ,71,71,Elderly,Male
16038_MorganFreeman _69_m.jpg,MorganFreeman ,69,69,Senior,Male
16039_MorganFreeman _68_m.jpg,MorganFreeman ,68,68,Senior,Male
1603_AlCorley_34_m.jpg,AlCorley,34,34,Adult,Male
16040_MorganFreeman _67_m.jpg,MorganFreeman ,67,67,Senior,Male
16041_MorganFreeman _17_m.jpg,MorganFreeman ,17,17,Juvenile,Male
16042_MorganFreeman _18_m.jpg,MorganFreeman ,18,18,Adult,Male
16043_MorganFreeman _75_m.jpg,MorganFreeman ,75,75,Elderly,Male
16044_MorganFreeman _72_m.jpg,MorganFreeman ,72,72,Elderly,Male
16045_MorganFreeman _35_m.jpg,MorganFreeman ,35,35,Adult,Male
16046_MorganFreeman _35_m.jpg,MorganFreeman ,35,35,Adult,Male
16047_MorganFreeman _41_m.jpg,MorganFreeman ,41,41,Middle,Male
16048_MorganFreeman _49_m.jpg,MorganFreeman ,49,49,Middle,Male
16049_MorganFreeman _44_m.jpg,MorganFreeman ,44,44,Middle,Male
1604_AlCorley_36_m.jpg,AlCorley,36,36,Middle,Male
16050_MorganFreeman _51_m.jpg,MorganFreeman ,51,51,Middle,Male
16051_MorganFreeman _52_m.jpg,MorganFreeman ,52,52,Middle,Male
16052_WillSmith _48_m.jpg,WillSmith ,48,48,Middle,Male
16053_WillSmith _22_m.jpg,WillSmith ,22,22,Adult,Male
16054_WillSmith _22_m.jpg,WillSmith ,22,22,Adult,Male
16055_WillSmith _23_m.jpg,WillSmith ,23,23,Adult,Male
16056_WillSmith _24_m.jpg,WillSmith ,24,24,Adult,Male
16057_WillSmith _24_m.jpg,WillSmith ,24,24,Adult,Male
16058_WillSmith _25_m.jpg,WillSmith ,25,25,Adult,Male
16059_WillSmith _25_m.jpg,WillSmith ,25,25,Adult,Male
1605_AlCorley_39_m.jpg,AlCorley,39,39,Middle,Male
16060_WillSmith _26_m.jpg,WillSmith ,26,26,Adult,Male
16061_WillSmith _27_m.jpg,WillSmith ,27,27,Adult,Male
16062_WillSmith _28_m.jpg,WillSmith ,28,28,Adult,Male
16063_WillSmith _29_m.jpg,WillSmith ,29,29,Adult,Male
16064_WillSmith _30_m.jpg,WillSmith ,30,30,Adult,Male
16065_WillSmith _31_m.jpg,WillSmith ,31,31,Adult,Male
16066_WillSmith _32_m.jpg,WillSmith ,32,32,Adult,Male
16067_WillSmith _33_m.jpg,WillSmith ,33,33,Adult,Male
16068_WillSmith _34_m.jpg,WillSmith ,34,34,Adult,Male
16069_WillSmith _35_m.jpg,WillSmith ,35,35,Adult,Male
1606_AlCorley_44_m.jpg,AlCorley,44,44,Middle,Male
16070_WillSmith _36_m.jpg,WillSmith ,36,36,Middle,Male
16071_WillSmith _37_m.jpg,WillSmith ,37,37,Middle,Male
16072_WillSmith _38_m.jpg,WillSmith ,38,38,Middle,Male
16073_WillSmith _39_m.jpg,WillSmith ,39,39,Middle,Male
16074_WillSmith _40_m.jpg,WillSmith ,40,40,Middle,Male
16075_WillSmith _41_m.jpg,WillSmith ,41,41,Middle,Male
16076_WillSmith _42_m.jpg,WillSmith ,42,42,Middle,Male
16077_WillSmith _44_m.jpg,WillSmith ,44,44,Middle,Male
16078_WillSmith _45_m.jpg,WillSmith ,45,45,Middle,Male
16079_WillSmith _45_m.jpg,WillSmith ,45,45,Middle,Male
1607_AlCorley_45_m.jpg,AlCorley,45,45,Middle,Male
16080_WillSmith _49_m.jpg,WillSmith ,49,49,Middle,Male
16081_DannyGlover_68_m.jpg,DannyGlover,68,68,Senior,Male
16082_DannyGlover_39_m.jpg,DannyGlover,39,39,Middle,Male
16083_DannyGlover_41_m.jpg,DannyGlover,41,41,Middle,Male
16084_DannyGlover_43_m.jpg,DannyGlover,43,43,Middle,Male
16085_DannyGlover_44_m.jpg,DannyGlover,44,44,Middle,Male
16086_DannyGlover_45_m.jpg,DannyGlover,45,45,Middle,Male
16087_DannyGlover_46_m.jpg,DannyGlover,46,46,Middle,Male
16088_DannyGlover_57_m.jpg,DannyGlover,57,57,Senior,Male
16089_DannyGlover_47_m.jpg,DannyGlover,47,47,Middle,Male
1608_AlCorley_46_m.jpg,AlCorley,46,46,Middle,Male
16090_DannyGlover_61_m.jpg,DannyGlover,61,61,Senior,Male
16091_DannyGlover_41_m.jpg,DannyGlover,41,41,Middle,Male
16092_DannyGlover_62_m.jpg,DannyGlover,62,62,Senior,Male
16093_DannyGlover_58_m.jpg,DannyGlover,58,58,Senior,Male
16094_DannyGlover_68_m.jpg,DannyGlover,68,68,Senior,Male
16095_DannyGlover_68_m.jpg,DannyGlover,68,68,Senior,Male
16096_DannyGlover_68_m.jpg,DannyGlover,68,68,Senior,Male
16097_DannyGlover_70_m.jpg,DannyGlover,70,70,Senior,Male
16098_DannyGlover_69_m.jpg,DannyGlover,69,69,Senior,Male
16099_DannyGlover_70_m.jpg,DannyGlover,70,70,Senior,Male
1609_AlCorley_47_m.jpg,AlCorley,47,47,Middle,Male
160_WaltDisney_37_m.jpg,WaltDisney,37,37,Middle,Male
16100_DannyGlover_70_m.jpg,DannyGlover,70,70,Senior,Male
16101_DannyGlover_70_m.jpg,DannyGlover,70,70,Senior,Male
16102_DannyGlover_71_m.jpg,DannyGlover,71,71,Elderly,Male
16103_DannyGlover_71_m.jpg,DannyGlover,71,71,Elderly,Male
16104_DannyGlover_63_m.jpg,DannyGlover,63,63,Senior,Male
16105_DannyGlover_63_m.jpg,DannyGlover,63,63,Senior,Male
16106_DannyGlover_52_m.jpg,DannyGlover,52,52,Middle,Male
16107_DannyGlover_8_m.jpg,DannyGlover,8,8,Child,Male
16108_DannyGlover_42_m.jpg,DannyGlover,42,42,Middle,Male
16109_DannyGlover_61_m.jpg,DannyGlover,61,61,Senior,Male
1610_AlCorley_48_m.jpg,AlCorley,48,48,Middle,Male
16110_DannyGlover_39_m.jpg,DannyGlover,39,39,Middle,Male
1611_AlCorley_49_m.jpg,AlCorley,49,49,Middle,Male
1612_AlCorley_50_m.jpg,AlCorley,50,50,Middle,Male
1613_AlCorley_51_m.jpg,AlCorley,51,51,Middle,Male
1614_AlCorley_52_m.jpg,AlCorley,52,52,Middle,Male
1615_AlCorley_53_m.jpg,AlCorley,53,53,Middle,Male
1616_AlCorley_58_m.jpg,AlCorley,58,58,Senior,Male
1617_AlCorley_59_m.jpg,AlCorley,59,59,Senior,Male
16181_BillCosby_74_m.jpg,BillCosby,74,74,Elderly,Male
16182_BillCosby_20_m.jpg,BillCosby,20,20,Adult,Male
16183_BillCosby_28_m.jpg,BillCosby,28,28,Adult,Male
16184_BillCosby_32_m.jpg,BillCosby,32,32,Adult,Male
16185_BillCosby_26_m.jpg,BillCosby,26,26,Adult,Male
16186_BillCosby_38_m.jpg,BillCosby,38,38,Middle,Male
16187_BillCosby_38_m.jpg,BillCosby,38,38,Middle,Male
16188_BillCosby_33_m.jpg,BillCosby,33,33,Adult,Male
16189_BillCosby_59_m.jpg,BillCosby,59,59,Senior,Male
1618_AlPacino_20_m.jpg,AlPacino,20,20,Adult,Male
16190_BillCosby_60_m.jpg,BillCosby,60,60,Senior,Male
16191_BillCosby_51_m.jpg,BillCosby,51,51,Middle,Male
16192_BillCosby_53_m.jpg,BillCosby,53,53,Middle,Male
16193_BillCosby_65_m.jpg,BillCosby,65,65,Senior,Male
16194_BillCosby_80_m.jpg,BillCosby,80,80,Elderly,Male
16195_BillCosby_79_m.jpg,BillCosby,79,79,Elderly,Male
16196_BillCosby_77_m.jpg,BillCosby,77,77,Elderly,Male
16197_BillCosby_76_m.jpg,BillCosby,76,76,Elderly,Male
16198_BillCosby_76_m.jpg,BillCosby,76,76,Elderly,Male
16199_BillCosby_75_m.jpg,BillCosby,75,75,Elderly,Male
1619_AlPacino_22_m.jpg,AlPacino,22,22,Adult,Male
161_WaltDisney_62_m.jpg,WaltDisney,62,62,Senior,Male
16200_BillCosby_74_m.jpg,BillCosby,74,74,Elderly,Male
16201_BillCosby_73_m.jpg,BillCosby,73,73,Elderly,Male
16202_BillCosby_73_m.jpg,BillCosby,73,73,Elderly,Male
16203_BillCosby_72_m.jpg,BillCosby,72,72,Elderly,Male
16204_BillCosby_72_m.jpg,BillCosby,72,72,Elderly,Male
16205_BillCosby_71_m.jpg,BillCosby,71,71,Elderly,Male
16206_BillCosby_70_m.jpg,BillCosby,70,70,Senior,Male
16207_BillCosby_70_m.jpg,BillCosby,70,70,Senior,Male
1620_AlPacino_45_m.jpg,AlPacino,45,45,Middle,Male
1621_AlPacino_58_m.jpg,AlPacino,58,58,Senior,Male
1622_AlPacino_62_m.jpg,AlPacino,62,62,Senior,Male
1623_AlPacino_68_m.jpg,AlPacino,68,68,Senior,Male
1624_AlPacino_65_m.jpg,AlPacino,65,65,Senior,Male
1625_AlPacino_30_m.jpg,AlPacino,30,30,Adult,Male
16264_campbell_28_f.jpg,campbell,28,28,Adult,Female
16265_cambell_31_f.jpg,cambell,31,31,Adult,Female
16266_campbell_42_f.jpg,campbell,42,42,Middle,Female
16267_campbell_32_f.jpg,campbell,32,32,Adult,Female
16268_campbell_37_f.jpg,campbell,37,37,Middle,Female
16269_campbell_25_f.jpg,campbell,25,25,Adult,Female
1626_AlPacino_48_m.jpg,AlPacino,48,48,Middle,Male
16270_campbell_25_f.jpg,campbell,25,25,Adult,Female
16271_campbell_19_f.jpg,campbell,19,19,Adult,Female
16272_campbell_33_f.jpg,campbell,33,33,Adult,Female
16273_campbell_39_f.jpg,campbell,39,39,Middle,Female
16274_campbell_25_f.jpg,campbell,25,25,Adult,Female
16275_campbell_22_f.jpg,campbell,22,22,Adult,Female
16276_campbell_28_f.jpg,campbell,28,28,Adult,Female
16277_campbell_25_f.jpg,campbell,25,25,Adult,Female
16278_campbell_25_f.jpg,campbell,25,25,Adult,Female
16279_campbell_26_f.jpg,campbell,26,26,Adult,Female
1627_AlPacino_45_m.jpg,AlPacino,45,45,Middle,Male
16280_campbell_27_f.jpg,campbell,27,27,Adult,Female
16281_campbell_30_f.jpg,campbell,30,30,Adult,Female
16282_campbell_30_f.jpg,campbell,30,30,Adult,Female
16283_campbell_30_f.jpg,campbell,30,30,Adult,Female
16284_campbell_30_f.jpg,campbell,30,30,Adult,Female
16285_campbell_33_f.jpg,campbell,33,33,Adult,Female
16286_campbell_41_f.jpg,campbell,41,41,Middle,Female
16287_campbell_43_f.jpg,campbell,43,43,Middle,Female
16288_campbell_44_f.jpg,campbell,44,44,Middle,Female
16289_campbell_44_f.jpg,campbell,44,44,Middle,Female
1628_AlPacino_50_m.jpg,AlPacino,50,50,Middle,Male
16290_campbell_45_f.jpg,campbell,45,45,Middle,Female
16291_Carroll_21_f.jpg,Carroll,21,21,Adult,Female
16292_Carroll_34_f.jpg,Carroll,34,34,Adult,Female
16293_Carroll_15_f.jpg,Carroll,15,15,Juvenile,Female
16294_Carroll_26_f.jpg,Carroll,26,26,Adult,Female
16295_Carroll_19_f.jpg,Carroll,19,19,Adult,Female
16296_Carroll_27_f.jpg,Carroll,27,27,Adult,Female
16297_Carroll_33_f.jpg,Carroll,33,33,Adult,Female
16298_Carroll_46_f.jpg,Carroll,46,46,Middle,Female
16299_Carroll_24_f.jpg,Carroll,24,24,Adult,Female
1629_AlPacino_35_m.jpg,AlPacino,35,35,Adult,Male
162_WaltDisney_38_m.jpg,WaltDisney,38,38,Middle,Male
16300_Carroll_78_f.jpg,Carroll,78,78,Elderly,Female
16301_Carroll_86_f.jpg,Carroll,86,86,Elderly,Female
16302_Carroll_74_f.jpg,Carroll,74,74,Elderly,Female
16303_Carroll_62_f.jpg,Carroll,62,62,Senior,Female
16304_Carroll_46_f.jpg,Carroll,46,46,Middle,Female
16305_Carroll_22_f.jpg,Carroll,22,22,Adult,Female
16306_Carroll_39_f.jpg,Carroll,39,39,Middle,Female
16307_Carroll_32_f.jpg,Carroll,32,32,Adult,Female
16308_Carroll_32_f.jpg,Carroll,32,32,Adult,Female
16309_Carroll_30_f.jpg,Carroll,30,30,Adult,Female
1630_AlPacino_28_m.jpg,AlPacino,28,28,Adult,Male
16310_Carroll_24_f.jpg,Carroll,24,24,Adult,Female
16311_Carroll_55_f.jpg,Carroll,55,55,Middle,Female
16312_Carroll_78_f.jpg,Carroll,78,78,Elderly,Female
16313_Carroll_78_f.jpg,Carroll,78,78,Elderly,Female
1631_AlPacino_39_m.jpg,AlPacino,39,39,Middle,Male
16328_Dee_40_f.jpg,Dee,40,40,Middle,Female
16329_Dee_69_f.jpg,Dee,69,69,Senior,Female
1632_AlPacino_50_m.jpg,AlPacino,50,50,Middle,Male
16330_Dee_28_f.jpg,Dee,28,28,Adult,Female
16331_Dee_91_f.jpg,Dee,91,91,Elderly,Female
16332_Dee_50_f.jpg,Dee,50,50,Middle,Female
16333_Dee_82_f.jpg,Dee,82,82,Elderly,Female
16334_Dee_80_f.jpg,Dee,80,80,Elderly,Female
16335_Dee_81_f.jpg,Dee,81,81,Elderly,Female
16336_Dee_89_f.jpg,Dee,89,89,Elderly,Female
16337_Dee_86_f.jpg,Dee,86,86,Elderly,Female
16338_Dee_85_f.jpg,Dee,85,85,Elderly,Female
16339_Dee_57_f.jpg,Dee,57,57,Senior,Female
1633_AlPacino_70_m.jpg,AlPacino,70,70,Senior,Male
16340_Dee_41_f.jpg,Dee,41,41,Middle,Female
16341_Dee_28_f.jpg,Dee,28,28,Adult,Female
16342_Dee_88_f.jpg,Dee,88,88,Elderly,Female
16343_Dee_86_f.jpg,Dee,86,86,Elderly,Female
16344_Dee_84_f.jpg,Dee,84,84,Elderly,Female
16345_Dee_24_f.jpg,Dee,24,24,Adult,Female
16346_Dee_71_f.jpg,Dee,71,71,Elderly,Female
16347_Dee_63_f.jpg,Dee,63,63,Senior,Female
16348_Dee_84_f.jpg,Dee,84,84,Elderly,Female
16349_Dee_60_f.jpg,Dee,60,60,Senior,Female
1634_AlPacino_33_m.jpg,AlPacino,33,33,Adult,Male
1635_AlPacino_25_m.jpg,AlPacino,25,25,Adult,Male
1636_AlPacino_47_m.jpg,AlPacino,47,47,Middle,Male
16370_Houston_25_f.jpg,Houston,25,25,Adult,Female
16371_Houston_25_f.jpg,Houston,25,25,Adult,Female
16372_Houston_30_f.jpg,Houston,30,30,Adult,Female
16373_Houston_23_f.jpg,Houston,23,23,Adult,Female
16374_Houston_47_f.jpg,Houston,47,47,Middle,Female
16375_Houston_46_f.jpg,Houston,46,46,Middle,Female
16376_Houston_46_f.jpg,Houston,46,46,Middle,Female
16377_Houston_25_f.jpg,Houston,25,25,Adult,Female
16378_Houston_47_f.jpg,Houston,47,47,Middle,Female
16379_Houston_47_f.jpg,Houston,47,47,Middle,Female
1637_AlPacino_50_m.jpg,AlPacino,50,50,Middle,Male
16380_Houston_47_f.jpg,Houston,47,47,Middle,Female
16381_Houston_47_f.jpg,Houston,47,47,Middle,Female
16382_Houston_19_f.jpg,Houston,19,19,Adult,Female
16383_Houston_22_f.jpg,Houston,22,22,Adult,Female
16384_Houston_23_f.jpg,Houston,23,23,Adult,Female
16385_Houston_23_f.jpg,Houston,23,23,Adult,Female
16386_Houston_23_f.jpg,Houston,23,23,Adult,Female
16387_Houston_24_f.jpg,Houston,24,24,Adult,Female
16388_Houston_25_f.jpg,Houston,25,25,Adult,Female
16389_Houston_27_f.jpg,Houston,27,27,Adult,Female
1638_AlPacino_18_m.jpg,AlPacino,18,18,Adult,Male
16390_Houston_28_f.jpg,Houston,28,28,Adult,Female
16391_Houston_31_f.jpg,Houston,31,31,Adult,Female
16392_Houston_32_f.jpg,Houston,32,32,Adult,Female
16393_Houston_35_f.jpg,Houston,35,35,Adult,Female
16394_Houston_37_f.jpg,Houston,37,37,Middle,Female
16395_Houston_41_f.jpg,Houston,41,41,Middle,Female
16396_Houston_23_f.jpg,Houston,23,23,Adult,Female
1639_AlPacino_63_m.jpg,AlPacino,63,63,Senior,Male
163_WaltDisney_60_m.jpg,WaltDisney,60,60,Senior,Male
1640_AlPacino_70_m.jpg,AlPacino,70,70,Senior,Male
16417_Turner_27_f.jpg,Turner,27,27,Adult,Female
16418_Turner_37_f.jpg,Turner,37,37,Middle,Female
16419_Turner_41_f.jpg,Turner,41,41,Middle,Female
1641_AlPacino_68_m.jpg,AlPacino,68,68,Senior,Male
16420_Turner_44_f.jpg,Turner,44,44,Middle,Female
16421_Turner_32_f.jpg,Turner,32,32,Adult,Female
16422_Turner_70_f.jpg,Turner,70,70,Senior,Female
16423_Turner_45_f.jpg,Turner,45,45,Middle,Female
16424_Turner_44_f.jpg,Turner,44,44,Middle,Female
16425_Turner_44_f.jpg,Turner,44,44,Middle,Female
16426_Turner_46_f.jpg,Turner,46,46,Middle,Female
16427_Turner_46_f.jpg,Turner,46,46,Middle,Female
16428_Turner_46_f.jpg,Turner,46,46,Middle,Female
16429_Turner_54_f.jpg,Turner,54,54,Middle,Female
1642_AlPacino_65_m.jpg,AlPacino,65,65,Senior,Male
16430_Turner_69_f.jpg,Turner,69,69,Senior,Female
16431_Turner_72_f.jpg,Turner,72,72,Elderly,Female
16432_Turner_73_f.jpg,Turner,73,73,Elderly,Female
16433_Turner_69_f.jpg,Turner,69,69,Senior,Female
16434_Turner_18_f.jpg,Turner,18,18,Adult,Female
16435_Turner_76_f.jpg,Turner,76,76,Elderly,Female
16436_Turner_77_f.jpg,Turner,77,77,Elderly,Female
16437_Tyson_54_f.jpg,Tyson,54,54,Middle,Female
16438_Tyson_49_f.jpg,Tyson,49,49,Middle,Female
16439_Tyson_36_f.jpg,Tyson,36,36,Middle,Female
1643_AlPacino_50_m.jpg,AlPacino,50,50,Middle,Male
16440_Tyson_90_f.jpg,Tyson,90,90,Elderly,Female
16441_Tyson_72_f.jpg,Tyson,72,72,Elderly,Female
16442_Tyson_39_f.jpg,Tyson,39,39,Middle,Female
16443_Tyson_88_f.jpg,Tyson,88,88,Elderly,Female
16444_Tyson_87_f.jpg,Tyson,87,87,Elderly,Female
16445_Tyson_81_f.jpg,Tyson,81,81,Elderly,Female
16446_Tyson_67_f.jpg,Tyson,67,67,Senior,Female
16447_Tyson_82_f.jpg,Tyson,82,82,Elderly,Female
16448_Tyson_73_f.jpg,Tyson,73,73,Elderly,Female
16449_Tyson_54_f.jpg,Tyson,54,54,Middle,Female
1644_AlPacino_48_m.jpg,AlPacino,48,48,Middle,Male
16450_Tyson_86_f.jpg,Tyson,86,86,Elderly,Female
16451_Tyson_85_f.jpg,Tyson,85,85,Elderly,Female
16452_Tyson_83_f.jpg,Tyson,83,83,Elderly,Female
16453_Tyson_73_f.jpg,Tyson,73,73,Elderly,Female
16454_Tyson_50_f.jpg,Tyson,50,50,Middle,Female
16455_Tyson_41_f.jpg,Tyson,41,41,Middle,Female
16456_Tyson_46_f.jpg,Tyson,46,46,Middle,Female
16457_Tyson_48_f.jpg,Tyson,48,48,Middle,Female
16458_Tyson_49_f.jpg,Tyson,49,49,Middle,Female
16459_Tyson_50_f.jpg,Tyson,50,50,Middle,Female
16460_Tyson_50_f.jpg,Tyson,50,50,Middle,Female
16461_Tyson_52_f.jpg,Tyson,52,52,Middle,Female
16462_Tyson_52_f.jpg,Tyson,52,52,Middle,Female
16463_Tyson_53_f.jpg,Tyson,53,53,Middle,Female
16464_Tyson_56_f.jpg,Tyson,56,56,Senior,Female
16465_Tyson_61_f.jpg,Tyson,61,61,Senior,Female
16466_Tyson_65_f.jpg,Tyson,65,65,Senior,Female
16467_Tyson_72_f.jpg,Tyson,72,72,Elderly,Female
164_WaltDisney_35_m.jpg,WaltDisney,35,35,Adult,Male
165_WaltDisney_32_m.jpg,WaltDisney,32,32,Adult,Male
166_WaltDisney_21_m.jpg,WaltDisney,21,21,Adult,Male
167_WaltDisney_64_m.jpg,WaltDisney,64,64,Senior,Male
168_WaltDisney_53_m.jpg,WaltDisney,53,53,Middle,Male
169_WaltDisney_42_m.jpg,WaltDisney,42,42,Middle,Male
170_WaltDisney_36_m.jpg,WaltDisney,36,36,Middle,Male
171_JhonLenon_6_m.jpg,JhonLenon,6,6,Child,Male
1723_TimCurry_25_m.jpg,TimCurry,25,25,Adult,Male
1724_TimCurry_26_m.jpg,TimCurry,26,26,Adult,Male
1725_TimCurry_28_m.jpg,TimCurry,28,28,Adult,Male
1726_TimCurry_29_m.jpg,TimCurry,29,29,Adult,Male
1727_TimCurry_30_m.jpg,TimCurry,30,30,Adult,Male
1728_TimCurry_32_m.jpg,TimCurry,32,32,Adult,Male
1729_TimCurry_33_m.jpg,TimCurry,33,33,Adult,Male
172_JhonLenon_31_m.jpg,JhonLenon,31,31,Adult,Male
1730_TimCurry_34_m.jpg,TimCurry,34,34,Adult,Male
1731_TimCurry_35_m.jpg,TimCurry,35,35,Adult,Male
1732_TimCurry_36_m.jpg,TimCurry,36,36,Middle,Male
1733_TimCurry_37_m.jpg,TimCurry,37,37,Middle,Male
1734_TimCurry_39_m.jpg,TimCurry,39,39,Middle,Male
1735_TimCurry_42_m.jpg,TimCurry,42,42,Middle,Male
1736_TimCurry_44_m.jpg,TimCurry,44,44,Middle,Male
1737_TimCurry_45_m.jpg,TimCurry,45,45,Middle,Male
1738_TimCurry_46_m.jpg,TimCurry,46,46,Middle,Male
1739_TimCurry_47_m.jpg,TimCurry,47,47,Middle,Male
173_JhonLenon_27_m.jpg,JhonLenon,27,27,Adult,Male
1740_TimCurry_48_m.jpg,TimCurry,48,48,Middle,Male
1741_TimCurry_50_m.jpg,TimCurry,50,50,Middle,Male
1742_TimCurry_51_m.jpg,TimCurry,51,51,Middle,Male
1743_TimCurry_52_m.jpg,TimCurry,52,52,Middle,Male
1744_TimCurry_53_m.jpg,TimCurry,53,53,Middle,Male
1745_TimCurry_54_m.jpg,TimCurry,54,54,Middle,Male
1746_TimCurry_55_m.jpg,TimCurry,55,55,Middle,Male
1747_TimCurry_56_m.jpg,TimCurry,56,56,Senior,Male
1748_TimCurry_57_m.jpg,TimCurry,57,57,Senior,Male
1749_TimCurry_58_m.jpg,TimCurry,58,58,Senior,Male
174_JhonLenon_20_m.jpg,JhonLenon,20,20,Adult,Male
1750_TimCurry_59_m.jpg,TimCurry,59,59,Senior,Male
1751_TimCurry_60_m.jpg,TimCurry,60,60,Senior,Male
1752_TimCurry_61_m.jpg,TimCurry,61,61,Senior,Male
1753_TimCurry_62_m.jpg,TimCurry,62,62,Senior,Male
1754_TimCurry_63_m.jpg,TimCurry,63,63,Senior,Male
1755_TimCurry_64_m.jpg,TimCurry,64,64,Senior,Male
1756_TimCurry_65_m.jpg,TimCurry,65,65,Senior,Male
1757_TimCurry_66_m.jpg,TimCurry,66,66,Senior,Male
1758_TimCurry_67_m.jpg,TimCurry,67,67,Senior,Male
1759_TimCurry_69_m.jpg,TimCurry,69,69,Senior,Male
175_JhonLenon_17_m.jpg,JhonLenon,17,17,Juvenile,Male
176_JhonLenon_20_m.jpg,JhonLenon,20,20,Adult,Male
177_JhonLenon_32_m.jpg,JhonLenon,32,32,Adult,Male
178_JhonLenon_24_m.jpg,JhonLenon,24,24,Adult,Male
179_JhonLenon_27_m.jpg,JhonLenon,27,27,Adult,Male
180_JhonLenon_30_m.jpg,JhonLenon,30,30,Adult,Male
181_JhonLenon_25_m.jpg,JhonLenon,25,25,Adult,Male
1829_TomJones_18_m.jpg,TomJones,18,18,Adult,Male
182_JhonLenon_35_m.jpg,JhonLenon,35,35,Adult,Male
1830_TomJones_22_m.jpg,TomJones,22,22,Adult,Male
1831_TomJones_23_m.jpg,TomJones,23,23,Adult,Male
1832_TomJones_24_m.jpg,TomJones,24,24,Adult,Male
1833_TomJones_24_m.jpg,TomJones,24,24,Adult,Male
1834_TomJones_25_m.jpg,TomJones,25,25,Adult,Male
1835_TomJones_26_m.jpg,TomJones,26,26,Adult,Male
1836_TomJones_27_m.jpg,TomJones,27,27,Adult,Male
1837_TomJones_28_m.jpg,TomJones,28,28,Adult,Male
1838_TomJones_29_m.jpg,TomJones,29,29,Adult,Male
1839_TomJones_30_m.jpg,TomJones,30,30,Adult,Male
183_JhonLenon_32_m.jpg,JhonLenon,32,32,Adult,Male
1840_TomJones_32_m.jpg,TomJones,32,32,Adult,Male
1841_TomJones_33_m.jpg,TomJones,33,33,Adult,Male
1842_TomJones_35_m.jpg,TomJones,35,35,Adult,Male
1843_TomJones_38_m.jpg,TomJones,38,38,Middle,Male
1844_TomJones_40_m.jpg,TomJones,40,40,Middle,Male
1845_TomJones_44_m.jpg,TomJones,44,44,Middle,Male
1846_TomJones_48_m.jpg,TomJones,48,48,Middle,Male
1847_TomJones_50_m.jpg,TomJones,50,50,Middle,Male
1848_TomJones_51_m.jpg,TomJones,51,51,Middle,Male
1849_TomJones_53_m.jpg,TomJones,53,53,Middle,Male
184_JhonLenon_25_m.jpg,JhonLenon,25,25,Adult,Male
1850_TomJones_55_m.jpg,TomJones,55,55,Middle,Male
1851_TomJones_58_m.jpg,TomJones,58,58,Senior,Male
1852_TomJones_59_m.jpg,TomJones,59,59,Senior,Male
1853_TomJones_60_m.jpg,TomJones,60,60,Senior,Male
1854_TomJones_61_m.jpg,TomJones,61,61,Senior,Male
1855_TomJones_62_m.jpg,TomJones,62,62,Senior,Male
1856_TomJones_63_m.jpg,TomJones,63,63,Senior,Male
1857_TomJones_64_m.jpg,TomJones,64,64,Senior,Male
1858_TomJones_65_m.jpg,TomJones,65,65,Senior,Male
1859_TomJones_66_m.jpg,TomJones,66,66,Senior,Male
185_JhonLenon_28_m.jpg,JhonLenon,28,28,Adult,Male
1860_TomJones_67_m.jpg,TomJones,67,67,Senior,Male
1861_TomJones_68_m.jpg,TomJones,68,68,Senior,Male
1862_TomJones_69_m.jpg,TomJones,69,69,Senior,Male
1863_TomJones_70_m.jpg,TomJones,70,70,Senior,Male
1864_TomJones_71_m.jpg,TomJones,71,71,Elderly,Male
1865_TomJones_72_m.jpg,TomJones,72,72,Elderly,Male
1866_TomJones_73_m.jpg,TomJones,73,73,Elderly,Male
1867_TomJones_74_m.jpg,TomJones,74,74,Elderly,Male
1868_AlanYoung_23_m.jpg,AlanYoung,23,23,Adult,Male
1869_AlanYoung_25_m.jpg,AlanYoung,25,25,Adult,Male
186_JhonLenon_18_m.jpg,JhonLenon,18,18,Adult,Male
1870_AlanYoung_27_m.jpg,AlanYoung,27,27,Adult,Male
1871_AlanYoung_28_m.jpg,AlanYoung,28,28,Adult,Male
1872_AlanYoung_29_m.jpg,AlanYoung,29,29,Adult,Male
1873_AlanYoung_30_m.jpg,AlanYoung,30,30,Adult,Male
1874_AlanYoung_31_m.jpg,AlanYoung,31,31,Adult,Male
1875_AlanYoung_33_m.jpg,AlanYoung,33,33,Adult,Male
1876_AlanYoung_34_m.jpg,AlanYoung,34,34,Adult,Male
1877_AlanYoung_35_m.jpg,AlanYoung,35,35,Adult,Male
1878_AlanYoung_36_m.jpg,AlanYoung,36,36,Middle,Male
1879_AlanYoung_38_m.jpg,AlanYoung,38,38,Middle,Male
187_JhonLenon_20_m.jpg,JhonLenon,20,20,Adult,Male
1880_AlanYoung_39_m.jpg,AlanYoung,39,39,Middle,Male
1881_AlanYoung_40_m.jpg,AlanYoung,40,40,Middle,Male
1882_AlanYoung_41_m.jpg,AlanYoung,41,41,Middle,Male
1883_AlanYoung_42_m.jpg,AlanYoung,42,42,Middle,Male
1884_AlanYoung_43_m.jpg,AlanYoung,43,43,Middle,Male
1885_AlanYoung_44_m.jpg,AlanYoung,44,44,Middle,Male
1886_AlanYoung_45_m.jpg,AlanYoung,45,45,Middle,Male
1887_AlanYoung_46_m.jpg,AlanYoung,46,46,Middle,Male
1888_AlanYoung_50_m.jpg,AlanYoung,50,50,Middle,Male
1889_AlanYoung_52_m.jpg,AlanYoung,52,52,Middle,Male
188_JhonLenon_21_m.jpg,JhonLenon,21,21,Adult,Male
1890_AlanYoung_53_m.jpg,AlanYoung,53,53,Middle,Male
1891_AlanYoung_66_m.jpg,AlanYoung,66,66,Senior,Male
1892_AlanYoung_79_m.jpg,AlanYoung,79,79,Elderly,Male
1893_AlanYoung_85_m.jpg,AlanYoung,85,85,Elderly,Male
1894_AlanYoung_86_m.jpg,AlanYoung,86,86,Elderly,Male
1895_AlanYoung_87_m.jpg,AlanYoung,87,87,Elderly,Male
1896_AlanYoung_88_m.jpg,AlanYoung,88,88,Elderly,Male
1897_AlanYoung_89_m.jpg,AlanYoung,89,89,Elderly,Male
1898_AlanYoung_90_m.jpg,AlanYoung,90,90,Elderly,Male
1899_AlanYoung_91_m.jpg,AlanYoung,91,91,Elderly,Male
189_JhonLenon_33_m.jpg,JhonLenon,33,33,Adult,Male
1900_EdwardFox_26_m.jpg,EdwardFox,26,26,Adult,Male
1901_EdwardFox_27_m.jpg,EdwardFox,27,27,Adult,Male
1902_EdwardFox_28_m.jpg,EdwardFox,28,28,Adult,Male
1903_EdwardFox_29_m.jpg,EdwardFox,29,29,Adult,Male
1904_EdwardFox_30_m.jpg,EdwardFox,30,30,Adult,Male
1905_EdwardFox_31_m.jpg,EdwardFox,31,31,Adult,Male
1906_EdwardFox_32_m.jpg,EdwardFox,32,32,Adult,Male
1907_EdwardFox_33_m.jpg,EdwardFox,33,33,Adult,Male
1908_EdwardFox_34_m.jpg,EdwardFox,34,34,Adult,Male
1909_EdwardFox_35_m.jpg,EdwardFox,35,35,Adult,Male
190_JhonLenon_10_m.jpg,JhonLenon,10,10,Child,Male
1910_EdwardFox_36_m.jpg,EdwardFox,36,36,Middle,Male
1911_EdwardFox_38_m.jpg,EdwardFox,38,38,Middle,Male
1912_EdwardFox_40_m.jpg,EdwardFox,40,40,Middle,Male
1913_EdwardFox_40_m.jpg,EdwardFox,40,40,Middle,Male
1914_EdwardFox_41_m.jpg,EdwardFox,41,41,Middle,Male
1915_EdwardFox_42_m.jpg,EdwardFox,42,42,Middle,Male
1916_EdwardFox_43_m.jpg,EdwardFox,43,43,Middle,Male
1917_EdwardFox_44_m.jpg,EdwardFox,44,44,Middle,Male
1918_EdwardFox_45_m.jpg,EdwardFox,45,45,Middle,Male
1919_EdwardFox_46_m.jpg,EdwardFox,46,46,Middle,Male
191_JhonLenon_17_m.jpg,JhonLenon,17,17,Juvenile,Male
1920_EdwardFox_47_m.jpg,EdwardFox,47,47,Middle,Male
1921_EdwardFox_48_m.jpg,EdwardFox,48,48,Middle,Male
1922_EdwardFox_49_m.jpg,EdwardFox,49,49,Middle,Male
1923_EdwardFox_51_m.jpg,EdwardFox,51,51,Middle,Male
1924_EdwardFox_53_m.jpg,EdwardFox,53,53,Middle,Male
1925_EdwardFox_54_m.jpg,EdwardFox,54,54,Middle,Male
1926_EdwardFox_55_m.jpg,EdwardFox,55,55,Middle,Male
1927_EdwardFox_58_m.jpg,EdwardFox,58,58,Senior,Male
1928_EdwardFox_59_m.jpg,EdwardFox,59,59,Senior,Male
1929_EdwardFox_60_m.jpg,EdwardFox,60,60,Senior,Male
192_JhonLenon_19_m.jpg,JhonLenon,19,19,Adult,Male
1930_EdwardFox_63_m.jpg,EdwardFox,63,63,Senior,Male
1931_EdwardFox_65_m.jpg,EdwardFox,65,65,Senior,Male
1932_EdwardFox_66_m.jpg,EdwardFox,66,66,Senior,Male
1933_EdwardFox_67_m.jpg,EdwardFox,67,67,Senior,Male
1934_EdwardFox_70_m.jpg,EdwardFox,70,70,Senior,Male
1935_EdwardFox_71_m.jpg,EdwardFox,71,71,Elderly,Male
1936_EdwardFox_72_m.jpg,EdwardFox,72,72,Elderly,Male
1937_EdwardFox_73_m.jpg,EdwardFox,73,73,Elderly,Male
1938_EdwardFox_75_m.jpg,EdwardFox,75,75,Elderly,Male
1939_EdwardFox_76_m.jpg,EdwardFox,76,76,Elderly,Male
193_JhonLenon_28_m.jpg,JhonLenon,28,28,Adult,Male
1940_EdwardFox_77_m.jpg,EdwardFox,77,77,Elderly,Male
194_JhonLenon_30_m.jpg,JhonLenon,30,30,Adult,Male
195_JhonLenon_30_m.jpg,JhonLenon,30,30,Adult,Male
196_JhonLenon_27_m.jpg,JhonLenon,27,27,Adult,Male
1977_JamesCaan_24_m.jpg,JamesCaan,24,24,Adult,Male
1978_JamesCaan_25_m.jpg,JamesCaan,25,25,Adult,Male
1979_JamesCaan_26_m.jpg,JamesCaan,26,26,Adult,Male
197_JhonLenon_30_m.jpg,JhonLenon,30,30,Adult,Male
1980_JamesCaan_27_m.jpg,JamesCaan,27,27,Adult,Male
1981_JamesCaan_27_m.jpg,JamesCaan,27,27,Adult,Male
1982_JamesCaan_28_m.jpg,JamesCaan,28,28,Adult,Male
1983_JamesCaan_28_m.jpg,JamesCaan,28,28,Adult,Male
1984_JamesCaan_29_m.jpg,JamesCaan,29,29,Adult,Male
1985_JamesCaan_30_m.jpg,JamesCaan,30,30,Adult,Male
1986_JamesCaan_31_m.jpg,JamesCaan,31,31,Adult,Male
1987_JamesCaan_32_m.jpg,JamesCaan,32,32,Adult,Male
1988_JamesCaan_32_m.jpg,JamesCaan,32,32,Adult,Male
1989_JamesCaan_33_m.jpg,JamesCaan,33,33,Adult,Male
198_JhonLenon_33_m.jpg,JhonLenon,33,33,Adult,Male
1990_JamesCaan_33_m.jpg,JamesCaan,33,33,Adult,Male
1991_JamesCaan_34_m.jpg,JamesCaan,34,34,Adult,Male
1992_JamesCaan_35_m.jpg,JamesCaan,35,35,Adult,Male
1993_JamesCaan_36_m.jpg,JamesCaan,36,36,Middle,Male
1994_JamesCaan_37_m.jpg,JamesCaan,37,37,Middle,Male
1995_JamesCaan_38_m.jpg,JamesCaan,38,38,Middle,Male
1996_JamesCaan_39_m.jpg,JamesCaan,39,39,Middle,Male
1997_JamesCaan_40_m.jpg,JamesCaan,40,40,Middle,Male
1998_JamesCaan_41_m.jpg,JamesCaan,41,41,Middle,Male
1999_JamesCaan_41_m.jpg,JamesCaan,41,41,Middle,Male
199_JhonLenon_18_m.jpg,JhonLenon,18,18,Adult,Male
2000_JamesCaan_42_m.jpg,JamesCaan,42,42,Middle,Male
2001_JamesCaan_47_m.jpg,JamesCaan,47,47,Middle,Male
2002_JamesCaan_48_m.jpg,JamesCaan,48,48,Middle,Male
2003_JamesCaan_50_m.jpg,JamesCaan,50,50,Middle,Male
2004_JamesCaan_51_m.jpg,JamesCaan,51,51,Middle,Male
2005_JamesCaan_55_m.jpg,JamesCaan,55,55,Middle,Male
2006_JamesCaan_56_m.jpg,JamesCaan,56,56,Senior,Male
2007_JamesCaan_58_m.jpg,JamesCaan,58,58,Senior,Male
2008_JamesCaan_59_m.jpg,JamesCaan,59,59,Senior,Male
2009_JamesCaan_60_m.jpg,JamesCaan,60,60,Senior,Male
200_JhonLenon_22_m.jpg,JhonLenon,22,22,Adult,Male
2010_JamesCaan_60_m.jpg,JamesCaan,60,60,Senior,Male
2011_JamesCaan_61_m.jpg,JamesCaan,61,61,Senior,Male
2012_JamesCaan_62_m.jpg,JamesCaan,62,62,Senior,Male
2013_JamesCaan_63_m.jpg,JamesCaan,63,63,Senior,Male
2014_JamesCaan_67_m.jpg,JamesCaan,67,67,Senior,Male
2015_JamesCaan_68_m.jpg,JamesCaan,68,68,Senior,Male
2016_JamesCaan_69_m.jpg,JamesCaan,69,69,Senior,Male
2017_JamesCaan_70_m.jpg,JamesCaan,70,70,Senior,Male
2018_JamesCaan_72_m.jpg,JamesCaan,72,72,Elderly,Male
2019_JamesCaan_73_m.jpg,JamesCaan,73,73,Elderly,Male
201_ElvisPresley_10_m.jpg,ElvisPresley,10,10,Child,Male
2020_JohnJames_23_m.jpg,JohnJames,23,23,Adult,Male
2021_JohnJames_24_m.jpg,JohnJames,24,24,Adult,Male
2022_JohnJames_24_m.jpg,JohnJames,24,24,Adult,Male
2023_JohnJames_25_m.jpg,JohnJames,25,25,Adult,Male
2024_JohnJames_26_m.jpg,JohnJames,26,26,Adult,Male
2025_JohnJames_27_m.jpg,JohnJames,27,27,Adult,Male
2026_JohnJames_28_m.jpg,JohnJames,28,28,Adult,Male
2027_JohnJames_28_m.jpg,JohnJames,28,28,Adult,Male
2028_JohnJames_29_m.jpg,JohnJames,29,29,Adult,Male
2029_JohnJames_30_m.jpg,JohnJames,30,30,Adult,Male
202_ElvisPresley_14_m.jpg,ElvisPresley,14,14,Juvenile,Male
2030_JohnJames_31_m.jpg,JohnJames,31,31,Adult,Male
2031_JohnJames_32_m.jpg,JohnJames,32,32,Adult,Male
2032_JohnJames_33_m.jpg,JohnJames,33,33,Adult,Male
2033_JohnJames_34_m.jpg,JohnJames,34,34,Adult,Male
2034_JohnJames_35_m.jpg,JohnJames,35,35,Adult,Male
2035_JohnJames_36_m.jpg,JohnJames,36,36,Middle,Male
2036_JohnJames_39_m.jpg,JohnJames,39,39,Middle,Male
2037_JohnJames_41_m.jpg,JohnJames,41,41,Middle,Male
2038_JohnJames_44_m.jpg,JohnJames,44,44,Middle,Male
2039_JohnJames_46_m.jpg,JohnJames,46,46,Middle,Male
203_ElvisPresley_15_m.jpg,ElvisPresley,15,15,Juvenile,Male
2040_JohnJames_47_m.jpg,JohnJames,47,47,Middle,Male
2041_JohnJames_49_m.jpg,JohnJames,49,49,Middle,Male
2042_JohnJames_50_m.jpg,JohnJames,50,50,Middle,Male
2043_JohnJames_51_m.jpg,JohnJames,51,51,Middle,Male
2044_JohnJames_52_m.jpg,JohnJames,52,52,Middle,Male
2045_JohnJames_55_m.jpg,JohnJames,55,55,Middle,Male
2046_JohnJames_59_m.jpg,JohnJames,59,59,Senior,Male
2047_JonVoight_28_m.jpg,JonVoight,28,28,Adult,Male
2048_JonVoight_31_m.jpg,JonVoight,31,31,Adult,Male
2049_JonVoight_31_m.jpg,JonVoight,31,31,Adult,Male
204_ElvisPresley_16_m.jpg,ElvisPresley,16,16,Juvenile,Male
2050_JonVoight_32_m.jpg,JonVoight,32,32,Adult,Male
2051_JonVoight_34_m.jpg,JonVoight,34,34,Adult,Male
2052_JonVoight_35_m.jpg,JonVoight,35,35,Adult,Male
2053_JonVoight_35_m.jpg,JonVoight,35,35,Adult,Male
2054_JonVoight_36_m.jpg,JonVoight,36,36,Middle,Male
2055_JonVoight_36_m.jpg,JonVoight,36,36,Middle,Male
2056_JonVoight_37_m.jpg,JonVoight,37,37,Middle,Male
2057_JonVoight_38_m.jpg,JonVoight,38,38,Middle,Male
2058_JonVoight_39_m.jpg,JonVoight,39,39,Middle,Male
2059_JonVoight_41_m.jpg,JonVoight,41,41,Middle,Male
205_ElvisPresley_17_m.jpg,ElvisPresley,17,17,Juvenile,Male
2060_JonVoight_44_m.jpg,JonVoight,44,44,Middle,Male
2061_JonVoight_45_m.jpg,JonVoight,45,45,Middle,Male
2062_JonVoight_47_m.jpg,JonVoight,47,47,Middle,Male
2063_JonVoight_47_m.jpg,JonVoight,47,47,Middle,Male
2064_JonVoight_48_m.jpg,JonVoight,48,48,Middle,Male
2065_JonVoight_50_m.jpg,JonVoight,50,50,Middle,Male
2066_JonVoight_52_m.jpg,JonVoight,52,52,Middle,Male
2067_JonVoight_54_m.jpg,JonVoight,54,54,Middle,Male
2068_JonVoight_55_m.jpg,JonVoight,55,55,Middle,Male
2069_JonVoight_57_m.jpg,JonVoight,57,57,Senior,Male
206_ElvisPresley_19_m.jpg,ElvisPresley,19,19,Adult,Male
2070_JonVoight_58_m.jpg,JonVoight,58,58,Senior,Male
2071_JonVoight_59_m.jpg,JonVoight,59,59,Senior,Male
2072_JonVoight_60_m.jpg,JonVoight,60,60,Senior,Male
2073_JonVoight_60_m.jpg,JonVoight,60,60,Senior,Male
2074_JonVoight_61_m.jpg,JonVoight,61,61,Senior,Male
2075_JonVoight_61_m.jpg,JonVoight,61,61,Senior,Male
2076_JonVoight_62_m.jpg,JonVoight,62,62,Senior,Male
2077_JonVoight_64_m.jpg,JonVoight,64,64,Senior,Male
2078_JonVoight_65_m.jpg,JonVoight,65,65,Senior,Male
2079_JonVoight_66_m.jpg,JonVoight,66,66,Senior,Male
207_ElvisPresley_22_m.jpg,ElvisPresley,22,22,Adult,Male
2080_JonVoight_66_m.jpg,JonVoight,66,66,Senior,Male
2081_JonVoight_67_m.jpg,JonVoight,67,67,Senior,Male
2082_JonVoight_68_m.jpg,JonVoight,68,68,Senior,Male
2083_JonVoight_70_m.jpg,JonVoight,70,70,Senior,Male
2084_JonVoight_71_m.jpg,JonVoight,71,71,Elderly,Male
2085_JonVoight_71_m.jpg,JonVoight,71,71,Elderly,Male
2086_JonVoight_72_m.jpg,JonVoight,72,72,Elderly,Male
2087_JonVoight_73_m.jpg,JonVoight,73,73,Elderly,Male
2088_JonVoight_74_m.jpg,JonVoight,74,74,Elderly,Male
2089_JonVoight_75_m.jpg,JonVoight,75,75,Elderly,Male
208_ElvisPresley_23_m.jpg,ElvisPresley,23,23,Adult,Male
2090_JonVoight_75_m.jpg,JonVoight,75,75,Elderly,Male
2091_JonVoight_76_m.jpg,JonVoight,76,76,Elderly,Male
2092_MelBrooks_18_m.jpg,MelBrooks,18,18,Adult,Male
2093_MelBrooks_24_m.jpg,MelBrooks,24,24,Adult,Male
2094_MelBrooks_28_m.jpg,MelBrooks,28,28,Adult,Male
2095_MelBrooks_32_m.jpg,MelBrooks,32,32,Adult,Male
2096_MelBrooks_38_m.jpg,MelBrooks,38,38,Middle,Male
2097_MelBrooks_40_m.jpg,MelBrooks,40,40,Middle,Male
2098_MelBrooks_41_m.jpg,MelBrooks,41,41,Middle,Male
2099_MelBrooks_44_m.jpg,MelBrooks,44,44,Middle,Male
209_ElvisPresley_23_m.jpg,ElvisPresley,23,23,Adult,Male
2100_MelBrooks_46_m.jpg,MelBrooks,46,46,Middle,Male
2101_MelBrooks_48_m.jpg,MelBrooks,48,48,Middle,Male
2102_MelBrooks_49_m.jpg,MelBrooks,49,49,Middle,Male
2103_MelBrooks_50_m.jpg,MelBrooks,50,50,Middle,Male
2104_MelBrooks_51_m.jpg,MelBrooks,51,51,Middle,Male
2105_MelBrooks_52_m.jpg,MelBrooks,52,52,Middle,Male
2106_MelBrooks_53_m.jpg,MelBrooks,53,53,Middle,Male
2107_MelBrooks_54_m.jpg,MelBrooks,54,54,Middle,Male
2108_MelBrooks_55_m.jpg,MelBrooks,55,55,Middle,Male
2109_MelBrooks_57_m.jpg,MelBrooks,57,57,Senior,Male
210_ElvisPresley_24_m.jpg,ElvisPresley,24,24,Adult,Male
2110_MelBrooks_58_m.jpg,MelBrooks,58,58,Senior,Male
2111_MelBrooks_59_m.jpg,MelBrooks,59,59,Senior,Male
2112_MelBrooks_61_m.jpg,MelBrooks,61,61,Senior,Male
2113_MelBrooks_62_m.jpg,MelBrooks,62,62,Senior,Male
2114_MelBrooks_64_m.jpg,MelBrooks,64,64,Senior,Male
2115_MelBrooks_67_m.jpg,MelBrooks,67,67,Senior,Male
2116_MelBrooks_72_m.jpg,MelBrooks,72,72,Elderly,Male
2117_MelBrooks_73_m.jpg,MelBrooks,73,73,Elderly,Male
2118_MelBrooks_74_m.jpg,MelBrooks,74,74,Elderly,Male
2119_MelBrooks_75_m.jpg,MelBrooks,75,75,Elderly,Male
211_ElvisPresley_25_m.jpg,ElvisPresley,25,25,Adult,Male
2120_MelBrooks_76_m.jpg,MelBrooks,76,76,Elderly,Male
2121_MelBrooks_77_m.jpg,MelBrooks,77,77,Elderly,Male
2122_MelBrooks_78_m.jpg,MelBrooks,78,78,Elderly,Male
2123_MelBrooks_79_m.jpg,MelBrooks,79,79,Elderly,Male
2124_MelBrooks_80_m.jpg,MelBrooks,80,80,Elderly,Male
2125_MelBrooks_81_m.jpg,MelBrooks,81,81,Elderly,Male
2126_MelBrooks_82_m.jpg,MelBrooks,82,82,Elderly,Male
2127_MelBrooks_83_m.jpg,MelBrooks,83,83,Elderly,Male
2128_MelBrooks_84_m.jpg,MelBrooks,84,84,Elderly,Male
2129_MelBrooks_85_m.jpg,MelBrooks,85,85,Elderly,Male
212_ElvisPresley_26_m.jpg,ElvisPresley,26,26,Adult,Male
2130_MelBrooks_86_m.jpg,MelBrooks,86,86,Elderly,Male
2131_MelBrooks_87_m.jpg,MelBrooks,87,87,Elderly,Male
2132_MelBrooks_88_m.jpg,MelBrooks,88,88,Elderly,Male
213_ElvisPresley_27_m.jpg,ElvisPresley,27,27,Adult,Male
214_ElvisPresley_28_m.jpg,ElvisPresley,28,28,Adult,Male
215_ElvisPresley_29_m.jpg,ElvisPresley,29,29,Adult,Male
216_ElvisPresley_30_m.jpg,ElvisPresley,30,30,Adult,Male
217_ElvisPresley_31_m.jpg,ElvisPresley,31,31,Adult,Male
218_ElvisPresley_33_m.jpg,ElvisPresley,33,33,Adult,Male
219_ElvisPresley_34_m.jpg,ElvisPresley,34,34,Adult,Male
220_ElvisPresley_34_m.jpg,ElvisPresley,34,34,Adult,Male
221_ElvisPresley_35_m.jpg,ElvisPresley,35,35,Adult,Male
222_ElvisPresley_36_m.jpg,ElvisPresley,36,36,Middle,Male
223_ElvisPresley_37_m.jpg,ElvisPresley,37,37,Middle,Male
224_ElvisPresley_38_m.jpg,ElvisPresley,38,38,Middle,Male
225_ElvisPresley_39_m.jpg,ElvisPresley,39,39,Middle,Male
226_ElvisPresley_40_m.jpg,ElvisPresley,40,40,Middle,Male
227_ElvisPresley_41_m.jpg,ElvisPresley,41,41,Middle,Male
228_ElvisPresley_41_m.jpg,ElvisPresley,41,41,Middle,Male
229_ElvisPresley_42_m.jpg,ElvisPresley,42,42,Middle,Male
2325_AbeVigoda_49_m.jpg,AbeVigoda,49,49,Middle,Male
2326_AbeVigoda_51_m.jpg,AbeVigoda,51,51,Middle,Male
2327_AbeVigoda_52_m.jpg,AbeVigoda,52,52,Middle,Male
2328_AbeVigoda_53_m.jpg,AbeVigoda,53,53,Middle,Male
2329_AbeVigoda_54_m.jpg,AbeVigoda,54,54,Middle,Male
2330_AbeVigoda_55_m.jpg,AbeVigoda,55,55,Middle,Male
2331_AbeVigoda_56_m.jpg,AbeVigoda,56,56,Senior,Male
2332_AbeVigoda_57_m.jpg,AbeVigoda,57,57,Senior,Male
2333_AbeVigoda_58_m.jpg,AbeVigoda,58,58,Senior,Male
2334_AbeVigoda_59_m.jpg,AbeVigoda,59,59,Senior,Male
2335_AbeVigoda_60_m.jpg,AbeVigoda,60,60,Senior,Male
2336_AbeVigoda_61_m.jpg,AbeVigoda,61,61,Senior,Male
2337_AbeVigoda_62_m.jpg,AbeVigoda,62,62,Senior,Male
2338_AbeVigoda_64_m.jpg,AbeVigoda,64,64,Senior,Male
2339_AbeVigoda_65_m.jpg,AbeVigoda,65,65,Senior,Male
2340_AbeVigoda_66_m.jpg,AbeVigoda,66,66,Senior,Male
2341_AbeVigoda_68_m.jpg,AbeVigoda,68,68,Senior,Male
2342_AbeVigoda_69_m.jpg,AbeVigoda,69,69,Senior,Male
2343_AbeVigoda_70_m.jpg,AbeVigoda,70,70,Senior,Male
2344_AbeVigoda_71_m.jpg,AbeVigoda,71,71,Elderly,Male
2345_AbeVigoda_72_m.jpg,AbeVigoda,72,72,Elderly,Male
2346_AbeVigoda_74_m.jpg,AbeVigoda,74,74,Elderly,Male
2347_AbeVigoda_76_m.jpg,AbeVigoda,76,76,Elderly,Male
2348_AbeVigoda_79_m.jpg,AbeVigoda,79,79,Elderly,Male
2349_AbeVigoda_80_m.jpg,AbeVigoda,80,80,Elderly,Male
2350_AbeVigoda_83_m.jpg,AbeVigoda,83,83,Elderly,Male
2351_AbeVigoda_84_m.jpg,AbeVigoda,84,84,Elderly,Male
2352_AbeVigoda_85_m.jpg,AbeVigoda,85,85,Elderly,Male
2353_AbeVigoda_86_m.jpg,AbeVigoda,86,86,Elderly,Male
2354_AbeVigoda_89_m.jpg,AbeVigoda,89,89,Elderly,Male
2355_AbeVigoda_90_m.jpg,AbeVigoda,90,90,Elderly,Male
2356_AbeVigoda_91_m.jpg,AbeVigoda,91,91,Elderly,Male
2357_AbeVigoda_92_m.jpg,AbeVigoda,92,92,Elderly,Male
2358_AbeVigoda_93_m.jpg,AbeVigoda,93,93,Elderly,Male
2359_AbeVigoda_20_m.jpg,AbeVigoda,20,20,Adult,Male
2360_AlainDelon_25_m.jpg,AlainDelon,25,25,Adult,Male
2361_AlainDelon_68_m.jpg,AlainDelon,68,68,Senior,Male
2362_AlainDelon_65_m.jpg,AlainDelon,65,65,Senior,Male
2363_AlainDelon_75_m.jpg,AlainDelon,75,75,Elderly,Male
2364_AlainDelon_70_m.jpg,AlainDelon,70,70,Senior,Male
2365_AlainDelon_68_m.jpg,AlainDelon,68,68,Senior,Male
2366_AlainDelon_40_m.jpg,AlainDelon,40,40,Middle,Male
2367_AlainDelon_47_m.jpg,AlainDelon,47,47,Middle,Male
2368_AlainDelon_65_m.jpg,AlainDelon,65,65,Senior,Male
2369_AlainDelon_28_m.jpg,AlainDelon,28,28,Adult,Male
2370_AlainDelon_35_m.jpg,AlainDelon,35,35,Adult,Male
2371_AlainDelon_40_m.jpg,AlainDelon,40,40,Middle,Male
2372_AlainDelon_28_m.jpg,AlainDelon,28,28,Adult,Male
2373_AlainDelon_25_m.jpg,AlainDelon,25,25,Adult,Male
2374_AlainDelon_30_m.jpg,AlainDelon,30,30,Adult,Male
2375_AlainDelon_72_m.jpg,AlainDelon,72,72,Elderly,Male
2376_AlainDelon_65_m.jpg,AlainDelon,65,65,Senior,Male
2377_AlainDelon_58_m.jpg,AlainDelon,58,58,Senior,Male
2378_AlainDelon_62_m.jpg,AlainDelon,62,62,Senior,Male
2379_AlainDelon_48_m.jpg,AlainDelon,48,48,Middle,Male
2380_AlainDelon_35_m.jpg,AlainDelon,35,35,Adult,Male
2381_AlainDelon_74_m.jpg,AlainDelon,74,74,Elderly,Male
2382_AlainDelon_25_m.jpg,AlainDelon,25,25,Adult,Male
2383_AlainDelon_60_m.jpg,AlainDelon,60,60,Senior,Male
2384_AlainDelon_65_m.jpg,AlainDelon,65,65,Senior,Male
2385_AlainDelon_10_m.jpg,AlainDelon,10,10,Child,Male
2386_BillMurray_26_m.jpg,BillMurray,26,26,Adult,Male
2387_BillMurray_27_m.jpg,BillMurray,27,27,Adult,Male
2388_BillMurray_27_m.jpg,BillMurray,27,27,Adult,Male
2389_BillMurray_29_m.jpg,BillMurray,29,29,Adult,Male
2390_BillMurray_30_m.jpg,BillMurray,30,30,Adult,Male
2391_BillMurray_30_m.jpg,BillMurray,30,30,Adult,Male
2392_BillMurray_31_m.jpg,BillMurray,31,31,Adult,Male
2393_BillMurray_32_m.jpg,BillMurray,32,32,Adult,Male
2394_BillMurray_33_m.jpg,BillMurray,33,33,Adult,Male
2395_BillMurray_34_m.jpg,BillMurray,34,34,Adult,Male
2396_BillMurray_34_m.jpg,BillMurray,34,34,Adult,Male
2397_BillMurray_38_m.jpg,BillMurray,38,38,Middle,Male
2398_BillMurray_39_m.jpg,BillMurray,39,39,Middle,Male
2399_BillMurray_39_m.jpg,BillMurray,39,39,Middle,Male
2400_BillMurray_40_m.jpg,BillMurray,40,40,Middle,Male
2401_BillMurray_41_m.jpg,BillMurray,41,41,Middle,Male
2402_BillMurray_44_m.jpg,BillMurray,44,44,Middle,Male
2403_BillMurray_46_m.jpg,BillMurray,46,46,Middle,Male
2404_BillMurray_46_m.jpg,BillMurray,46,46,Middle,Male
2405_BillMurray_47_m.jpg,BillMurray,47,47,Middle,Male
2406_BillMurray_47_m.jpg,BillMurray,47,47,Middle,Male
2407_BillMurray_48_m.jpg,BillMurray,48,48,Middle,Male
2408_BillMurray_49_m.jpg,BillMurray,49,49,Middle,Male
2409_BillMurray_50_m.jpg,BillMurray,50,50,Middle,Male
2410_BillMurray_51_m.jpg,BillMurray,51,51,Middle,Male
2411_BillMurray_53_m.jpg,BillMurray,53,53,Middle,Male
2412_BillMurray_53_m.jpg,BillMurray,53,53,Middle,Male
2413_BillMurray_53_m.jpg,BillMurray,53,53,Middle,Male
2414_BillMurray_54_m.jpg,BillMurray,54,54,Middle,Male
2415_BillMurray_55_m.jpg,BillMurray,55,55,Middle,Male
2416_BillMurray_57_m.jpg,BillMurray,57,57,Senior,Male
2417_BillMurray_59_m.jpg,BillMurray,59,59,Senior,Male
2418_BillMurray_60_m.jpg,BillMurray,60,60,Senior,Male
2419_BillMurray_61_m.jpg,BillMurray,61,61,Senior,Male
2420_BillMurray_62_m.jpg,BillMurray,62,62,Senior,Male
2421_BillMurray_63_m.jpg,BillMurray,63,63,Senior,Male
2422_BillMurray_64_m.jpg,BillMurray,64,64,Senior,Male
2423_ChevyChase_30_m.jpg,ChevyChase,30,30,Adult,Male
2424_ChevyChase_28_m.jpg,ChevyChase,28,28,Adult,Male
2425_ChevyChase_25_m.jpg,ChevyChase,25,25,Adult,Male
2426_ChevyChase_33_m.jpg,ChevyChase,33,33,Adult,Male
2427_ChevyChase_34_m.jpg,ChevyChase,34,34,Adult,Male
2428_ChevyChase_35_m.jpg,ChevyChase,35,35,Adult,Male
2429_ChevyChase_32_m.jpg,ChevyChase,32,32,Adult,Male
2430_ChevyChase_37_m.jpg,ChevyChase,37,37,Middle,Male
2431_ChevyChase_40_m.jpg,ChevyChase,40,40,Middle,Male
2432_ChevyChase_42_m.jpg,ChevyChase,42,42,Middle,Male
2433_ChevyChase_43_m.jpg,ChevyChase,43,43,Middle,Male
2434_ChevyChase_44_m.jpg,ChevyChase,44,44,Middle,Male
2435_ChevyChase_46_m.jpg,ChevyChase,46,46,Middle,Male
2436_ChevyChase_51_m.jpg,ChevyChase,51,51,Middle,Male
2437_ChevyChase_52_m.jpg,ChevyChase,52,52,Middle,Male
2438_ChevyChase_56_m.jpg,ChevyChase,56,56,Senior,Male
2439_ChevyChase_60_m.jpg,ChevyChase,60,60,Senior,Male
2440_ChevyChase_61_m.jpg,ChevyChase,61,61,Senior,Male
2441_ChevyChase_62_m.jpg,ChevyChase,62,62,Senior,Male
2442_ChevyChase_63_m.jpg,ChevyChase,63,63,Senior,Male
2443_ChevyChase_65_m.jpg,ChevyChase,65,65,Senior,Male
2444_ChevyChase_66_m.jpg,ChevyChase,66,66,Senior,Male
2445_ChevyChase_67_m.jpg,ChevyChase,67,67,Senior,Male
2446_ChevyChase_68_m.jpg,ChevyChase,68,68,Senior,Male
2447_ChevyChase_69_m.jpg,ChevyChase,69,69,Senior,Male
2448_ChevyChase_31_m.jpg,ChevyChase,31,31,Adult,Male
2449_ChevyChase_33_m.jpg,ChevyChase,33,33,Adult,Male
2450_ChevyChase_45_m.jpg,ChevyChase,45,45,Middle,Male
2451_ChevyChase_42_m.jpg,ChevyChase,42,42,Middle,Male
2452_ChevyChase_57_m.jpg,ChevyChase,57,57,Senior,Male
2453_ChevyChase_58_m.jpg,ChevyChase,58,58,Senior,Male
2454_ChevyChase_35_m.jpg,ChevyChase,35,35,Adult,Male
2455_ChevyChase_40_m.jpg,ChevyChase,40,40,Middle,Male
2456_ChevyChase_67_m.jpg,ChevyChase,67,67,Senior,Male
2497_DonJohnson_17_m.jpg,DonJohnson,17,17,Juvenile,Male
2498_DonJohnson_20_m.jpg,DonJohnson,20,20,Adult,Male
2499_DonJohnson_21_m.jpg,DonJohnson,21,21,Adult,Male
2500_DonJohnson_22_m.jpg,DonJohnson,22,22,Adult,Male
2501_DonJohnson_23_m.jpg,DonJohnson,23,23,Adult,Male
2502_DonJohnson_24_m.jpg,DonJohnson,24,24,Adult,Male
2503_DonJohnson_25_m.jpg,DonJohnson,25,25,Adult,Male
2504_DonJohnson_26_m.jpg,DonJohnson,26,26,Adult,Male
2505_DonJohnson_27_m.jpg,DonJohnson,27,27,Adult,Male
2506_DonJohnson_28_m.jpg,DonJohnson,28,28,Adult,Male
2507_DonJohnson_30_m.jpg,DonJohnson,30,30,Adult,Male
2508_DonJohnson_31_m.jpg,DonJohnson,31,31,Adult,Male
2509_DonJohnson_33_m.jpg,DonJohnson,33,33,Adult,Male
2510_DonJohnson_34_m.jpg,DonJohnson,34,34,Adult,Male
2511_DonJohnson_35_m.jpg,DonJohnson,35,35,Adult,Male
2512_DonJohnson_36_m.jpg,DonJohnson,36,36,Middle,Male
2513_DonJohnson_37_m.jpg,DonJohnson,37,37,Middle,Male
2514_DonJohnson_38_m.jpg,DonJohnson,38,38,Middle,Male
2515_DonJohnson_39_m.jpg,DonJohnson,39,39,Middle,Male
2516_DonJohnson_40_m.jpg,DonJohnson,40,40,Middle,Male
2517_DonJohnson_43_m.jpg,DonJohnson,43,43,Middle,Male
2518_DonJohnson_45_m.jpg,DonJohnson,45,45,Middle,Male
2519_DonJohnson_46_m.jpg,DonJohnson,46,46,Middle,Male
2520_DonJohnson_47_m.jpg,DonJohnson,47,47,Middle,Male
2521_DonJohnson_48_m.jpg,DonJohnson,48,48,Middle,Male
2522_DonJohnson_49_m.jpg,DonJohnson,49,49,Middle,Male
2523_DonJohnson_50_m.jpg,DonJohnson,50,50,Middle,Male
2524_DonJohnson_51_m.jpg,DonJohnson,51,51,Middle,Male
2525_DonJohnson_52_m.jpg,DonJohnson,52,52,Middle,Male
2526_DonJohnson_53_m.jpg,DonJohnson,53,53,Middle,Male
2527_DonJohnson_54_m.jpg,DonJohnson,54,54,Middle,Male
2528_DonJohnson_55_m.jpg,DonJohnson,55,55,Middle,Male
2529_DonJohnson_56_m.jpg,DonJohnson,56,56,Senior,Male
2530_DonJohnson_57_m.jpg,DonJohnson,57,57,Senior,Male
2531_DonJohnson_59_m.jpg,DonJohnson,59,59,Senior,Male
2532_DonJohnson_60_m.jpg,DonJohnson,60,60,Senior,Male
2533_DonJohnson_61_m.jpg,DonJohnson,61,61,Senior,Male
2534_DonJohnson_64_m.jpg,DonJohnson,64,64,Senior,Male
2535_DonJohnson_65_m.jpg,DonJohnson,65,65,Senior,Male
2572_GeneWilder_18_m.jpg,GeneWilder,18,18,Adult,Male
2573_GeneWilder_27_m.jpg,GeneWilder,27,27,Adult,Male
2574_GeneWilder_33_m.jpg,GeneWilder,33,33,Adult,Male
2575_GeneWilder_34_m.jpg,GeneWilder,34,34,Adult,Male
2576_GeneWilder_35_m.jpg,GeneWilder,35,35,Adult,Male
2577_GeneWilder_36_m.jpg,GeneWilder,36,36,Middle,Male
2578_GeneWilder_37_m.jpg,GeneWilder,37,37,Middle,Male
2579_GeneWilder_38_m.jpg,GeneWilder,38,38,Middle,Male
2580_GeneWilder_39_m.jpg,GeneWilder,39,39,Middle,Male
2581_GeneWilder_41_m.jpg,GeneWilder,41,41,Middle,Male
2582_GeneWilder_42_m.jpg,GeneWilder,42,42,Middle,Male
2583_GeneWilder_43_m.jpg,GeneWilder,43,43,Middle,Male
2584_GeneWilder_44_m.jpg,GeneWilder,44,44,Middle,Male
2585_GeneWilder_45_m.jpg,GeneWilder,45,45,Middle,Male
2586_GeneWilder_46_m.jpg,GeneWilder,46,46,Middle,Male
2587_GeneWilder_47_m.jpg,GeneWilder,47,47,Middle,Male
2588_GeneWilder_53_m.jpg,GeneWilder,53,53,Middle,Male
2589_GeneWilder_54_m.jpg,GeneWilder,54,54,Middle,Male
2590_GeneWilder_55_m.jpg,GeneWilder,55,55,Middle,Male
2591_GeneWilder_59_m.jpg,GeneWilder,59,59,Senior,Male
2592_GeneWilder_62_m.jpg,GeneWilder,62,62,Senior,Male
2593_GeneWilder_65_m.jpg,GeneWilder,65,65,Senior,Male
2594_GeneWilder_66_m.jpg,GeneWilder,66,66,Senior,Male
2595_GeneWilder_68_m.jpg,GeneWilder,68,68,Senior,Male
2596_GeneWilder_70_m.jpg,GeneWilder,70,70,Senior,Male
2597_GeneWilder_71_m.jpg,GeneWilder,71,71,Elderly,Male
2598_GeneWilder_73_m.jpg,GeneWilder,73,73,Elderly,Male
2599_GeneWilder_75_m.jpg,GeneWilder,75,75,Elderly,Male
2600_GeneWilder_78_m.jpg,GeneWilder,78,78,Elderly,Male
2601_GeneWilder_79_m.jpg,GeneWilder,79,79,Elderly,Male
2602_GeneWilder_80_m.jpg,GeneWilder,80,80,Elderly,Male
2634_JeremyKemp_27_m.jpg,JeremyKemp,27,27,Adult,Male
2635_JeremyKemp_28_m.jpg,JeremyKemp,28,28,Adult,Male
2636_JeremyKemp_29_m.jpg,JeremyKemp,29,29,Adult,Male
2637_JeremyKemp_30_m.jpg,JeremyKemp,30,30,Adult,Male
2638_JeremyKemp_31_m.jpg,JeremyKemp,31,31,Adult,Male
2639_JeremyKemp_33_m.jpg,JeremyKemp,33,33,Adult,Male
2640_JeremyKemp_34_m.jpg,JeremyKemp,34,34,Adult,Male
2641_JeremyKemp_36_m.jpg,JeremyKemp,36,36,Middle,Male
2642_JeremyKemp_38_m.jpg,JeremyKemp,38,38,Middle,Male
2643_JeremyKemp_40_m.jpg,JeremyKemp,40,40,Middle,Male
2644_JeremyKemp_42_m.jpg,JeremyKemp,42,42,Middle,Male
2645_JeremyKemp_45_m.jpg,JeremyKemp,45,45,Middle,Male
2646_JeremyKemp_49_m.jpg,JeremyKemp,49,49,Middle,Male
2647_JeremyKemp_57_m.jpg,JeremyKemp,57,57,Senior,Male
2648_JeremyKemp_60_m.jpg,JeremyKemp,60,60,Senior,Male
2649_JeremyKemp_62_m.jpg,JeremyKemp,62,62,Senior,Male
2650_JeremyKemp_64_m.jpg,JeremyKemp,64,64,Senior,Male
2651_JeremyKemp_66_m.jpg,JeremyKemp,66,66,Senior,Male
2652_JerryLewis_34_m.jpg,JerryLewis,34,34,Adult,Male
2653_JerryLewis_20_m.jpg,JerryLewis,20,20,Adult,Male
2654_JerryLewis_24_m.jpg,JerryLewis,24,24,Adult,Male
2655_JerryLewis_37_m.jpg,JerryLewis,37,37,Middle,Male
2656_JerryLewis_38_m.jpg,JerryLewis,38,38,Middle,Male
2657_JerryLewis_39_m.jpg,JerryLewis,39,39,Middle,Male
2658_JerryLewis_40_m.jpg,JerryLewis,40,40,Middle,Male
2659_JerryLewis_65_m.jpg,JerryLewis,65,65,Senior,Male
2660_JerryLewis_82_m.jpg,JerryLewis,82,82,Elderly,Male
2661_JerryLewis_85_m.jpg,JerryLewis,85,85,Elderly,Male
2662_JerryLewis_32_m.jpg,JerryLewis,32,32,Adult,Male
2663_JerryLewis_45_m.jpg,JerryLewis,45,45,Middle,Male
2664_JerryLewis_28_m.jpg,JerryLewis,28,28,Adult,Male
2665_JerryLewis_65_m.jpg,JerryLewis,65,65,Senior,Male
2666_JerryLewis_74_m.jpg,JerryLewis,74,74,Elderly,Male
2667_JerryLewis_78_m.jpg,JerryLewis,78,78,Elderly,Male
2668_JerryLewis_33_m.jpg,JerryLewis,33,33,Adult,Male
2669_JerryLewis_38_m.jpg,JerryLewis,38,38,Middle,Male
2670_JerryLewis_87_m.jpg,JerryLewis,87,87,Elderly,Male
2699_KevinBacon_20_m.jpg,KevinBacon,20,20,Adult,Male
2700_KevinBacon_20_m.jpg,KevinBacon,20,20,Adult,Male
2701_KevinBacon_21_m.jpg,KevinBacon,21,21,Adult,Male
2702_KevinBacon_22_m.jpg,KevinBacon,22,22,Adult,Male
2703_KevinBacon_22_m.jpg,KevinBacon,22,22,Adult,Male
2704_KevinBacon_23_m.jpg,KevinBacon,23,23,Adult,Male
2705_KevinBacon_24_m.jpg,KevinBacon,24,24,Adult,Male
2706_KevinBacon_24_m.jpg,KevinBacon,24,24,Adult,Male
2707_KevinBacon_25_m.jpg,KevinBacon,25,25,Adult,Male
2708_KevinBacon_26_m.jpg,KevinBacon,26,26,Adult,Male
2709_KevinBacon_27_m.jpg,KevinBacon,27,27,Adult,Male
270_PabloPicasso_80_m.jpg,PabloPicasso,80,80,Elderly,Male
2710_KevinBacon_28_m.jpg,KevinBacon,28,28,Adult,Male
2711_KevinBacon_29_m.jpg,KevinBacon,29,29,Adult,Male
2712_KevinBacon_30_m.jpg,KevinBacon,30,30,Adult,Male
2713_KevinBacon_31_m.jpg,KevinBacon,31,31,Adult,Male
2714_KevinBacon_32_m.jpg,KevinBacon,32,32,Adult,Male
2715_KevinBacon_33_m.jpg,KevinBacon,33,33,Adult,Male
2716_KevinBacon_34_m.jpg,KevinBacon,34,34,Adult,Male
2717_KevinBacon_34_m.jpg,KevinBacon,34,34,Adult,Male
2718_KevinBacon_35_m.jpg,KevinBacon,35,35,Adult,Male
2719_KevinBacon_36_m.jpg,KevinBacon,36,36,Middle,Male
271_PabloPicasso_41_m.jpg,PabloPicasso,41,41,Middle,Male
2720_KevinBacon_37_m.jpg,KevinBacon,37,37,Middle,Male
2721_KevinBacon_37_m.jpg,KevinBacon,37,37,Middle,Male
2722_KevinBacon_38_m.jpg,KevinBacon,38,38,Middle,Male
2723_KevinBacon_39_m.jpg,KevinBacon,39,39,Middle,Male
2724_KevinBacon_40_m.jpg,KevinBacon,40,40,Middle,Male
2725_KevinBacon_41_m.jpg,KevinBacon,41,41,Middle,Male
2726_KevinBacon_42_m.jpg,KevinBacon,42,42,Middle,Male
2727_KevinBacon_44_m.jpg,KevinBacon,44,44,Middle,Male
2728_KevinBacon_44_m.jpg,KevinBacon,44,44,Middle,Male
2729_KevinBacon_45_m.jpg,KevinBacon,45,45,Middle,Male
272_PabloPicasso_56_m.jpg,PabloPicasso,56,56,Senior,Male
2730_KevinBacon_46_m.jpg,KevinBacon,46,46,Middle,Male
2731_KevinBacon_47_m.jpg,KevinBacon,47,47,Middle,Male
2732_KevinBacon_48_m.jpg,KevinBacon,48,48,Middle,Male
2733_KevinBacon_49_m.jpg,KevinBacon,49,49,Middle,Male
2734_KevinBacon_49_m.jpg,KevinBacon,49,49,Middle,Male
2735_KevinBacon_50_m.jpg,KevinBacon,50,50,Middle,Male
2736_KevinBacon_51_m.jpg,KevinBacon,51,51,Middle,Male
2737_KevinBacon_52_m.jpg,KevinBacon,52,52,Middle,Male
2738_KevinBacon_53_m.jpg,KevinBacon,53,53,Middle,Male
2739_KevinBacon_54_m.jpg,KevinBacon,54,54,Middle,Male
273_PabloPicasso_81_m.jpg,PabloPicasso,81,81,Elderly,Male
2740_KevinBacon_55_m.jpg,KevinBacon,55,55,Middle,Male
2741_KevinBacon_56_m.jpg,KevinBacon,56,56,Senior,Male
2742_LiamNeeson_27_m.jpg,LiamNeeson,27,27,Adult,Male
2743_LiamNeeson_27_m.jpg,LiamNeeson,27,27,Adult,Male
2744_LiamNeeson_31_m.jpg,LiamNeeson,31,31,Adult,Male
2745_LiamNeeson_32_m.jpg,LiamNeeson,32,32,Adult,Male
2746_LiamNeeson_33_m.jpg,LiamNeeson,33,33,Adult,Male
2747_LiamNeeson_34_m.jpg,LiamNeeson,34,34,Adult,Male
2748_LiamNeeson_35_m.jpg,LiamNeeson,35,35,Adult,Male
2749_LiamNeeson_35_m.jpg,LiamNeeson,35,35,Adult,Male
274_PabloPicasso_76_m.jpg,PabloPicasso,76,76,Elderly,Male
2750_LiamNeeson_36_m.jpg,LiamNeeson,36,36,Middle,Male
2751_LiamNeeson_37_m.jpg,LiamNeeson,37,37,Middle,Male
2752_LiamNeeson_38_m.jpg,LiamNeeson,38,38,Middle,Male
2753_LiamNeeson_41_m.jpg,LiamNeeson,41,41,Middle,Male
2754_LiamNeeson_41_m.jpg,LiamNeeson,41,41,Middle,Male
2755_LiamNeeson_41_m.jpg,LiamNeeson,41,41,Middle,Male
2756_LiamNeeson_42_m.jpg,LiamNeeson,42,42,Middle,Male
2757_LiamNeeson_44_m.jpg,LiamNeeson,44,44,Middle,Male
2758_LiamNeeson_46_m.jpg,LiamNeeson,46,46,Middle,Male
2759_LiamNeeson_48_m.jpg,LiamNeeson,48,48,Middle,Male
275_PabloPicasso_15_m.jpg,PabloPicasso,15,15,Juvenile,Male
2760_LiamNeeson_50_m.jpg,LiamNeeson,50,50,Middle,Male
2761_LiamNeeson_51_m.jpg,LiamNeeson,51,51,Middle,Male
2762_LiamNeeson_52_m.jpg,LiamNeeson,52,52,Middle,Male
2763_LiamNeeson_53_m.jpg,LiamNeeson,53,53,Middle,Male
2764_LiamNeeson_54_m.jpg,LiamNeeson,54,54,Middle,Male
2765_LiamNeeson_55_m.jpg,LiamNeeson,55,55,Middle,Male
2766_LiamNeeson_56_m.jpg,LiamNeeson,56,56,Senior,Male
2767_LiamNeeson_57_m.jpg,LiamNeeson,57,57,Senior,Male
2768_LiamNeeson_58_m.jpg,LiamNeeson,58,58,Senior,Male
2769_LiamNeeson_60_m.jpg,LiamNeeson,60,60,Senior,Male
276_PabloPicasso_55_m.jpg,PabloPicasso,55,55,Middle,Male
2770_LiamNeeson_62_m.jpg,LiamNeeson,62,62,Senior,Male
2771_MickJagger_20_m.jpg,MickJagger,20,20,Adult,Male
2772_MickJagger_21_m.jpg,MickJagger,21,21,Adult,Male
2773_MickJagger_22_m.jpg,MickJagger,22,22,Adult,Male
2774_MickJagger_23_m.jpg,MickJagger,23,23,Adult,Male
2775_MickJagger_24_m.jpg,MickJagger,24,24,Adult,Male
2776_MickJagger_26_m.jpg,MickJagger,26,26,Adult,Male
2777_MickJagger_27_m.jpg,MickJagger,27,27,Adult,Male
2778_MickJagger_28_m.jpg,MickJagger,28,28,Adult,Male
2779_MickJagger_33_m.jpg,MickJagger,33,33,Adult,Male
277_PabloPicasso_76_m.jpg,PabloPicasso,76,76,Elderly,Male
2780_MickJagger_36_m.jpg,MickJagger,36,36,Middle,Male
2781_MickJagger_37_m.jpg,MickJagger,37,37,Middle,Male
2782_MickJagger_39_m.jpg,MickJagger,39,39,Middle,Male
2783_MickJagger_40_m.jpg,MickJagger,40,40,Middle,Male
2784_MickJagger_42_m.jpg,MickJagger,42,42,Middle,Male
2785_MickJagger_47_m.jpg,MickJagger,47,47,Middle,Male
2786_MickJagger_49_m.jpg,MickJagger,49,49,Middle,Male
2787_MickJagger_55_m.jpg,MickJagger,55,55,Middle,Male
2788_MickJagger_57_m.jpg,MickJagger,57,57,Senior,Male
2789_MickJagger_58_m.jpg,MickJagger,58,58,Senior,Male
278_PabloPicasso_81_m.jpg,PabloPicasso,81,81,Elderly,Male
2790_MickJagger_60_m.jpg,MickJagger,60,60,Senior,Male
2791_MickJagger_62_m.jpg,MickJagger,62,62,Senior,Male
2792_MickJagger_63_m.jpg,MickJagger,63,63,Senior,Male
2793_MickJagger_64_m.jpg,MickJagger,64,64,Senior,Male
2794_MickJagger_66_m.jpg,MickJagger,66,66,Senior,Male
2795_MickJagger_68_m.jpg,MickJagger,68,68,Senior,Male
2796_MickJagger_71_m.jpg,MickJagger,71,71,Elderly,Male
2797_PeterFonda_59_m.jpg,PeterFonda,59,59,Senior,Male
2798_PeterFonda_60_m.jpg,PeterFonda,60,60,Senior,Male
2799_PeterFonda_61_m.jpg,PeterFonda,61,61,Senior,Male
279_PabloPicasso_73_m.jpg,PabloPicasso,73,73,Elderly,Male
2800_PeterFonda_62_m.jpg,PeterFonda,62,62,Senior,Male
2801_PeterFonda_63_m.jpg,PeterFonda,63,63,Senior,Male
2802_PeterFonda_64_m.jpg,PeterFonda,64,64,Senior,Male
2803_PeterFonda_65_m.jpg,PeterFonda,65,65,Senior,Male
2804_PeterFonda_66_m.jpg,PeterFonda,66,66,Senior,Male
2805_PeterFonda_67_m.jpg,PeterFonda,67,67,Senior,Male
2806_PeterFonda_68_m.jpg,PeterFonda,68,68,Senior,Male
2807_PeterFonda_69_m.jpg,PeterFonda,69,69,Senior,Male
2808_PeterFonda_70_m.jpg,PeterFonda,70,70,Senior,Male
2809_PeterFonda_71_m.jpg,PeterFonda,71,71,Elderly,Male
280_PabloPicasso_88_m.jpg,PabloPicasso,88,88,Elderly,Male
2810_PeterFonda_72_m.jpg,PeterFonda,72,72,Elderly,Male
2811_PeterFonda_73_m.jpg,PeterFonda,73,73,Elderly,Male
2812_PeterFonda_74_m.jpg,PeterFonda,74,74,Elderly,Male
2813_RonPerlman_31_m.jpg,RonPerlman,31,31,Adult,Male
2814_RonPerlman_32_m.jpg,RonPerlman,32,32,Adult,Male
2815_RonPerlman_33_m.jpg,RonPerlman,33,33,Adult,Male
2816_RonPerlman_34_m.jpg,RonPerlman,34,34,Adult,Male
2817_RonPerlman_35_m.jpg,RonPerlman,35,35,Adult,Male
2818_RonPerlman_37_m.jpg,RonPerlman,37,37,Middle,Male
2819_RonPerlman_38_m.jpg,RonPerlman,38,38,Middle,Male
281_PabloPicasso_60_m.jpg,PabloPicasso,60,60,Senior,Male
2820_RonPerlman_40_m.jpg,RonPerlman,40,40,Middle,Male
2821_RonPerlman_42_m.jpg,RonPerlman,42,42,Middle,Male
2822_RonPerlman_43_m.jpg,RonPerlman,43,43,Middle,Male
2823_RonPerlman_44_m.jpg,RonPerlman,44,44,Middle,Male
2824_RonPerlman_45_m.jpg,RonPerlman,45,45,Middle,Male
2825_RonPerlman_47_m.jpg,RonPerlman,47,47,Middle,Male
2826_RonPerlman_48_m.jpg,RonPerlman,48,48,Middle,Male
2827_RonPerlman_50_m.jpg,RonPerlman,50,50,Middle,Male
2828_RonPerlman_51_m.jpg,RonPerlman,51,51,Middle,Male
2829_RonPerlman_52_m.jpg,RonPerlman,52,52,Middle,Male
282_PabloPicasso_80_m.jpg,PabloPicasso,80,80,Elderly,Male
2830_RonPerlman_54_m.jpg,RonPerlman,54,54,Middle,Male
2831_RonPerlman_55_m.jpg,RonPerlman,55,55,Middle,Male
2832_RonPerlman_56_m.jpg,RonPerlman,56,56,Senior,Male
2833_RonPerlman_57_m.jpg,RonPerlman,57,57,Senior,Male
2834_RonPerlman_58_m.jpg,RonPerlman,58,58,Senior,Male
2835_RonPerlman_59_m.jpg,RonPerlman,59,59,Senior,Male
2836_RonPerlman_60_m.jpg,RonPerlman,60,60,Senior,Male
2837_RonPerlman_61_m.jpg,RonPerlman,61,61,Senior,Male
2838_RonPerlman_62_m.jpg,RonPerlman,62,62,Senior,Male
2839_RonPerlman_63_m.jpg,RonPerlman,63,63,Senior,Male
283_PabloPicasso_39_m.jpg,PabloPicasso,39,39,Middle,Male
2840_RonPerlman_64_m.jpg,RonPerlman,64,64,Senior,Male
2841_RonPerlman_64_m.jpg,RonPerlman,64,64,Senior,Male
2842_RonPerlman_65_m.jpg,RonPerlman,65,65,Senior,Male
284_HatzidakisManos_68_m.jpg,HatzidakisManos,68,68,Senior,Male
285_HatzidakisManos_38_m.jpg,HatzidakisManos,38,38,Middle,Male
286_HatzidakisManos_47_m.jpg,HatzidakisManos,47,47,Middle,Male
287_HatzidakisManos_43_m.jpg,HatzidakisManos,43,43,Middle,Male
288_HatzidakisManos_40_m.jpg,HatzidakisManos,40,40,Middle,Male
289_HatzidakisManos_38_m.jpg,HatzidakisManos,38,38,Middle,Male
290_HatzidakisManos_38_m.jpg,HatzidakisManos,38,38,Middle,Male
291_HatzidakisManos_28_m.jpg,HatzidakisManos,28,28,Adult,Male
292_HatzidakisManos_35_m.jpg,HatzidakisManos,35,35,Adult,Male
293_HatzidakisManos_47_m.jpg,HatzidakisManos,47,47,Middle,Male
294_HatzidakisManos_52_m.jpg,HatzidakisManos,52,52,Middle,Male
295_HatzidakisManos_53_m.jpg,HatzidakisManos,53,53,Middle,Male
296_HatzidakisManos_67_m.jpg,HatzidakisManos,67,67,Senior,Male
297_HatzidakisManos_65_m.jpg,HatzidakisManos,65,65,Senior,Male
2984_WoodyAllen_29_m.jpg,WoodyAllen,29,29,Adult,Male
2985_WoodyAllen_18_m.jpg,WoodyAllen,18,18,Adult,Male
2986_WoodyAllen_71_m.jpg,WoodyAllen,71,71,Elderly,Male
2987_WoodyAllen_31_m.jpg,WoodyAllen,31,31,Adult,Male
2988_WoodyAllen_37_m.jpg,WoodyAllen,37,37,Middle,Male
2989_WoodyAllen_42_m.jpg,WoodyAllen,42,42,Middle,Male
298_HatzidakisManos_25_m.jpg,HatzidakisManos,25,25,Adult,Male
2990_WoodyAllen_45_m.jpg,WoodyAllen,45,45,Middle,Male
2991_WoodyAllen_44_m.jpg,WoodyAllen,44,44,Middle,Male
2992_WoodyAllen_47_m.jpg,WoodyAllen,47,47,Middle,Male
2993_WoodyAllen_49_m.jpg,WoodyAllen,49,49,Middle,Male
2994_WoodyAllen_51_m.jpg,WoodyAllen,51,51,Middle,Male
2995_WoodyAllen_58_m.jpg,WoodyAllen,58,58,Senior,Male
2996_WoodyAllen_67_m.jpg,WoodyAllen,67,67,Senior,Male
2997_WoodyAllen_68_m.jpg,WoodyAllen,68,68,Senior,Male
2998_WoodyAllen_70_m.jpg,WoodyAllen,70,70,Senior,Male
2999_WoodyAllen_54_m.jpg,WoodyAllen,54,54,Middle,Male
299_MichaelBloomberg_71_m.jpg,MichaelBloomberg,71,71,Elderly,Male
3000_WoodyAllen_72_m.jpg,WoodyAllen,72,72,Elderly,Male
3001_WoodyAllen_73_m.jpg,WoodyAllen,73,73,Elderly,Male
3002_WoodyAllen_75_m.jpg,WoodyAllen,75,75,Elderly,Male
3003_WoodyAllen_67_m.jpg,WoodyAllen,67,67,Senior,Male
3004_WoodyAllen_47_m.jpg,WoodyAllen,47,47,Middle,Male
3005_AlanRickman_28_m.jpg,AlanRickman,28,28,Adult,Male
3006_AlanRickman_30_m.jpg,AlanRickman,30,30,Adult,Male
3007_AlanRickman_32_m.jpg,AlanRickman,32,32,Adult,Male
3008_AlanRickman_34_m.jpg,AlanRickman,34,34,Adult,Male
3009_AlanRickman_35_m.jpg,AlanRickman,35,35,Adult,Male
300_MichaelBloomberg_71_m.jpg,MichaelBloomberg,71,71,Elderly,Male
3010_AlanRickman_36_m.jpg,AlanRickman,36,36,Middle,Male
3011_AlanRickman_39_m.jpg,AlanRickman,39,39,Middle,Male
3012_AlanRickman_42_m.jpg,AlanRickman,42,42,Middle,Male
3013_AlanRickman_43_m.jpg,AlanRickman,43,43,Middle,Male
3014_AlanRickman_44_m.jpg,AlanRickman,44,44,Middle,Male
3015_AlanRickman_45_m.jpg,AlanRickman,45,45,Middle,Male
3016_AlanRickman_46_m.jpg,AlanRickman,46,46,Middle,Male
3017_AlanRickman_48_m.jpg,AlanRickman,48,48,Middle,Male
3018_AlanRickman_49_m.jpg,AlanRickman,49,49,Middle,Male
3019_AlanRickman_52_m.jpg,AlanRickman,52,52,Middle,Male
301_MichaelBloomberg_71_m.jpg,MichaelBloomberg,71,71,Elderly,Male
3020_AlanRickman_53_m.jpg,AlanRickman,53,53,Middle,Male
3021_AlanRickman_54_m.jpg,AlanRickman,54,54,Middle,Male
3022_AlanRickman_55_m.jpg,AlanRickman,55,55,Middle,Male
3023_AlanRickman_57_m.jpg,AlanRickman,57,57,Senior,Male
3024_AlanRickman_58_m.jpg,AlanRickman,58,58,Senior,Male
3025_AlanRickman_59_m.jpg,AlanRickman,59,59,Senior,Male
3026_AlanRickman_60_m.jpg,AlanRickman,60,60,Senior,Male
3027_AlanRickman_61_m.jpg,AlanRickman,61,61,Senior,Male
3028_AlanRickman_62_m.jpg,AlanRickman,62,62,Senior,Male
3029_AlanRickman_63_m.jpg,AlanRickman,63,63,Senior,Male
302_MichaelBloomberg_68_m.jpg,MichaelBloomberg,68,68,Senior,Male
3030_AlanRickman_64_m.jpg,AlanRickman,64,64,Senior,Male
3031_AlanRickman_65_m.jpg,AlanRickman,65,65,Senior,Male
3032_AlanRickman_66_m.jpg,AlanRickman,66,66,Senior,Male
3033_AlanRickman_67_m.jpg,AlanRickman,67,67,Senior,Male
3034_AlanRickman_69_m.jpg,AlanRickman,69,69,Senior,Male
3035_BillNighy_30_m.jpg,BillNighy,30,30,Adult,Male
3036_BillNighy_32_m.jpg,BillNighy,32,32,Adult,Male
3037_BillNighy_33_m.jpg,BillNighy,33,33,Adult,Male
3038_BillNighy_34_m.jpg,BillNighy,34,34,Adult,Male
3039_BillNighy_36_m.jpg,BillNighy,36,36,Middle,Male
303_MichaelBloomberg_69_m.jpg,MichaelBloomberg,69,69,Senior,Male
3040_BillNighy_40_m.jpg,BillNighy,40,40,Middle,Male
3041_BillNighy_42_m.jpg,BillNighy,42,42,Middle,Male
3042_BillNighy_43_m.jpg,BillNighy,43,43,Middle,Male
3043_BillNighy_44_m.jpg,BillNighy,44,44,Middle,Male
3044_BillNighy_45_m.jpg,BillNighy,45,45,Middle,Male
3045_BillNighy_46_m.jpg,BillNighy,46,46,Middle,Male
3046_BillNighy_47_m.jpg,BillNighy,47,47,Middle,Male
3047_BillNighy_49_m.jpg,BillNighy,49,49,Middle,Male
3048_BillNighy_50_m.jpg,BillNighy,50,50,Middle,Male
3049_BillNighy_52_m.jpg,BillNighy,52,52,Middle,Male
304_MichaelBloomberg_63_m.jpg,MichaelBloomberg,63,63,Senior,Male
3050_BillNighy_53_m.jpg,BillNighy,53,53,Middle,Male
3051_BillNighy_54_m.jpg,BillNighy,54,54,Middle,Male
3052_BillNighy_55_m.jpg,BillNighy,55,55,Middle,Male
3053_BillNighy_56_m.jpg,BillNighy,56,56,Senior,Male
3054_BillNighy_57_m.jpg,BillNighy,57,57,Senior,Male
3055_BillNighy_58_m.jpg,BillNighy,58,58,Senior,Male
3056_BillNighy_59_m.jpg,BillNighy,59,59,Senior,Male
3057_BillNighy_59_m.jpg,BillNighy,59,59,Senior,Male
3058_BillNighy_60_m.jpg,BillNighy,60,60,Senior,Male
3059_BillNighy_60_m.jpg,BillNighy,60,60,Senior,Male
305_MichaelBloomberg_64_m.jpg,MichaelBloomberg,64,64,Senior,Male
3060_BillNighy_61_m.jpg,BillNighy,61,61,Senior,Male
3061_BillNighy_61_m.jpg,BillNighy,61,61,Senior,Male
3062_BillNighy_62_m.jpg,BillNighy,62,62,Senior,Male
3063_BillNighy_63_m.jpg,BillNighy,63,63,Senior,Male
3064_BillNighy_64_m.jpg,BillNighy,64,64,Senior,Male
3065_BillNighy_65_m.jpg,BillNighy,65,65,Senior,Male
306_MichaelBloomberg_65_m.jpg,MichaelBloomberg,65,65,Senior,Male
307_MichaelBloomberg_65_m.jpg,MichaelBloomberg,65,65,Senior,Male
308_MichaelBloomberg_66_m.jpg,MichaelBloomberg,66,66,Senior,Male
309_MichaelBloomberg_68_m.jpg,MichaelBloomberg,68,68,Senior,Male
310_MichaelBloomberg_70_m.jpg,MichaelBloomberg,70,70,Senior,Male
311_MichaelBloomberg_57_m.jpg,MichaelBloomberg,57,57,Senior,Male
312_MichaelBloomberg_50_m.jpg,MichaelBloomberg,50,50,Middle,Male
3136_DannyDeVito_16_m.jpg,DannyDeVito,16,16,Juvenile,Male
3137_DannyDeVito_31_m.jpg,DannyDeVito,31,31,Adult,Male
3138_DannyDeVito_35_m.jpg,DannyDeVito,35,35,Adult,Male
3139_DannyDeVito_37_m.jpg,DannyDeVito,37,37,Middle,Male
313_MichaelBloomberg_62_m.jpg,MichaelBloomberg,62,62,Senior,Male
3140_DannyDeVito_38_m.jpg,DannyDeVito,38,38,Middle,Male
3141_DannyDeVito_42_m.jpg,DannyDeVito,42,42,Middle,Male
3142_DannyDeVito_43_m.jpg,DannyDeVito,43,43,Middle,Male
3143_DannyDeVito_44_m.jpg,DannyDeVito,44,44,Middle,Male
3144_DannyDeVito_47_m.jpg,DannyDeVito,47,47,Middle,Male
3145_DannyDeVito_48_m.jpg,DannyDeVito,48,48,Middle,Male
3146_DannyDeVito_49_m.jpg,DannyDeVito,49,49,Middle,Male
3147_DannyDeVito_50_m.jpg,DannyDeVito,50,50,Middle,Male
3148_DannyDeVito_53_m.jpg,DannyDeVito,53,53,Middle,Male
3149_DannyDeVito_54_m.jpg,DannyDeVito,54,54,Middle,Male
314_MichaelBloomberg_50_m.jpg,MichaelBloomberg,50,50,Middle,Male
3150_DannyDeVito_55_m.jpg,DannyDeVito,55,55,Middle,Male
3151_DannyDeVito_57_m.jpg,DannyDeVito,57,57,Senior,Male
3152_DannyDeVito_58_m.jpg,DannyDeVito,58,58,Senior,Male
3153_DannyDeVito_59_m.jpg,DannyDeVito,59,59,Senior,Male
3154_DannyDeVito_60_m.jpg,DannyDeVito,60,60,Senior,Male
3155_DannyDeVito_61_m.jpg,DannyDeVito,61,61,Senior,Male
3156_DannyDeVito_63_m.jpg,DannyDeVito,63,63,Senior,Male
3157_DannyDeVito_64_m.jpg,DannyDeVito,64,64,Senior,Male
3158_DannyDeVito_65_m.jpg,DannyDeVito,65,65,Senior,Male
3159_DannyDeVito_65_m.jpg,DannyDeVito,65,65,Senior,Male
315_MichaelBloomberg_48_m.jpg,MichaelBloomberg,48,48,Middle,Male
3160_DerekJacobi_27_m.jpg,DerekJacobi,27,27,Adult,Male
3161_DerekJacobi_31_m.jpg,DerekJacobi,31,31,Adult,Male
3162_DerekJacobi_32_m.jpg,DerekJacobi,32,32,Adult,Male
3163_DerekJacobi_33_m.jpg,DerekJacobi,33,33,Adult,Male
3164_DerekJacobi_34_m.jpg,DerekJacobi,34,34,Adult,Male
3165_DerekJacobi_35_m.jpg,DerekJacobi,35,35,Adult,Male
3166_DerekJacobi_36_m.jpg,DerekJacobi,36,36,Middle,Male
3167_DerekJacobi_38_m.jpg,DerekJacobi,38,38,Middle,Male
3168_DerekJacobi_39_m.jpg,DerekJacobi,39,39,Middle,Male
3169_DerekJacobi_40_m.jpg,DerekJacobi,40,40,Middle,Male
316_MichaelBloomberg_71_m.jpg,MichaelBloomberg,71,71,Elderly,Male
3170_DerekJacobi_41_m.jpg,DerekJacobi,41,41,Middle,Male
3171_DerekJacobi_46_m.jpg,DerekJacobi,46,46,Middle,Male
3172_DerekJacobi_48_m.jpg,DerekJacobi,48,48,Middle,Male
3173_DerekJacobi_52_m.jpg,DerekJacobi,52,52,Middle,Male
3174_DerekJacobi_53_m.jpg,DerekJacobi,53,53,Middle,Male
3175_DerekJacobi_54_m.jpg,DerekJacobi,54,54,Middle,Male
3176_DerekJacobi_55_m.jpg,DerekJacobi,55,55,Middle,Male
3177_DerekJacobi_56_m.jpg,DerekJacobi,56,56,Senior,Male
3178_DerekJacobi_57_m.jpg,DerekJacobi,57,57,Senior,Male
3179_DerekJacobi_59_m.jpg,DerekJacobi,59,59,Senior,Male
317_MichaelBloomberg_71_m.jpg,MichaelBloomberg,71,71,Elderly,Male
3180_DerekJacobi_60_m.jpg,DerekJacobi,60,60,Senior,Male
3181_DerekJacobi_61_m.jpg,DerekJacobi,61,61,Senior,Male
3182_DerekJacobi_62_m.jpg,DerekJacobi,62,62,Senior,Male
3183_DerekJacobi_63_m.jpg,DerekJacobi,63,63,Senior,Male
3184_DerekJacobi_64_m.jpg,DerekJacobi,64,64,Senior,Male
3185_DerekJacobi_66_m.jpg,DerekJacobi,66,66,Senior,Male
3186_DerekJacobi_68_m.jpg,DerekJacobi,68,68,Senior,Male
3187_DerekJacobi_69_m.jpg,DerekJacobi,69,69,Senior,Male
3188_DerekJacobi_70_m.jpg,DerekJacobi,70,70,Senior,Male
3189_DerekJacobi_72_m.jpg,DerekJacobi,72,72,Elderly,Male
318_MichaelBloomberg_68_m.jpg,MichaelBloomberg,68,68,Senior,Male
3190_DerekJacobi_73_m.jpg,DerekJacobi,73,73,Elderly,Male
3191_DerekJacobi_74_m.jpg,DerekJacobi,74,74,Elderly,Male
3192_DerekJacobi_75_m.jpg,DerekJacobi,75,75,Elderly,Male
3193_DerekJacobi_76_m.jpg,DerekJacobi,76,76,Elderly,Male
3194_EliWallach_85_m.jpg,EliWallach,85,85,Elderly,Male
3195_EliWallach_77_m.jpg,EliWallach,77,77,Elderly,Male
3196_EliWallach_40_m.jpg,EliWallach,40,40,Middle,Male
3197_EliWallach_36_m.jpg,EliWallach,36,36,Middle,Male
3198_EliWallach_66_m.jpg,EliWallach,66,66,Senior,Male
3199_EliWallach_41_m.jpg,EliWallach,41,41,Middle,Male
319_MichaelBloomberg_69_m.jpg,MichaelBloomberg,69,69,Senior,Male
3200_EliWallach_45_m.jpg,EliWallach,45,45,Middle,Male
3201_EliWallach_46_m.jpg,EliWallach,46,46,Middle,Male
3202_EliWallach_51_m.jpg,EliWallach,51,51,Middle,Male
3203_EliWallach_51_m.jpg,EliWallach,51,51,Middle,Male
3204_EliWallach_51_m.jpg,EliWallach,51,51,Middle,Male
3205_EliWallach_53_m.jpg,EliWallach,53,53,Middle,Male
3206_EliWallach_52_m.jpg,EliWallach,52,52,Middle,Male
3207_EliWallach_45_m.jpg,EliWallach,45,45,Middle,Male
3208_EliWallach_58_m.jpg,EliWallach,58,58,Senior,Male
3209_EliWallach_61_m.jpg,EliWallach,61,61,Senior,Male
320_MichaelBloomberg_70_m.jpg,MichaelBloomberg,70,70,Senior,Male
3210_EliWallach_54_m.jpg,EliWallach,54,54,Middle,Male
3211_EliWallach_65_m.jpg,EliWallach,65,65,Senior,Male
3212_EliWallach_71_m.jpg,EliWallach,71,71,Elderly,Male
3213_EliWallach_77_m.jpg,EliWallach,77,77,Elderly,Male
3214_EliWallach_73_m.jpg,EliWallach,73,73,Elderly,Male
3215_EliWallach_91_m.jpg,EliWallach,91,91,Elderly,Male
3216_EliWallach_41_m.jpg,EliWallach,41,41,Middle,Male
3217_EliWallach_95_m.jpg,EliWallach,95,95,Elderly,Male
3218_EliWallach_97_m.jpg,EliWallach,97,97,Elderly,Male
3219_EliWallach_55_m.jpg,EliWallach,55,55,Middle,Male
321_MichaelBloomberg_71_m.jpg,MichaelBloomberg,71,71,Elderly,Male
3220_EliWallach_43_m.jpg,EliWallach,43,43,Middle,Male
3221_EliWallach_56_m.jpg,EliWallach,56,56,Senior,Male
3222_EliWallach_42_m.jpg,EliWallach,42,42,Middle,Male
3223_EliWallach_56_m.jpg,EliWallach,56,56,Senior,Male
3224_EliWallach_52_m.jpg,EliWallach,52,52,Middle,Male
322_MichaelBloomberg_70_m.jpg,MichaelBloomberg,70,70,Senior,Male
3259_IanMcKellen_21_m.jpg,IanMcKellen,21,21,Adult,Male
3260_IanMcKellen_22_m.jpg,IanMcKellen,22,22,Adult,Male
3261_IanMcKellen_24_m.jpg,IanMcKellen,24,24,Adult,Male
3262_IanMcKellen_25_m.jpg,IanMcKellen,25,25,Adult,Male
3263_IanMcKellen_27_m.jpg,IanMcKellen,27,27,Adult,Male
3264_IanMcKellen_28_m.jpg,IanMcKellen,28,28,Adult,Male
3265_IanMcKellen_29_m.jpg,IanMcKellen,29,29,Adult,Male
3266_IanMcKellen_31_m.jpg,IanMcKellen,31,31,Adult,Male
3267_IanMcKellen_33_m.jpg,IanMcKellen,33,33,Adult,Male
3268_IanMcKellen_37_m.jpg,IanMcKellen,37,37,Middle,Male
3269_IanMcKellen_38_m.jpg,IanMcKellen,38,38,Middle,Male
3270_IanMcKellen_41_m.jpg,IanMcKellen,41,41,Middle,Male
3271_IanMcKellen_41_m.jpg,IanMcKellen,41,41,Middle,Male
3272_IanMcKellen_43_m.jpg,IanMcKellen,43,43,Middle,Male
3273_IanMcKellen_57_m.jpg,IanMcKellen,57,57,Senior,Male
3274_IanMcKellen_60_m.jpg,IanMcKellen,60,60,Senior,Male
3275_IanMcKellen_61_m.jpg,IanMcKellen,61,61,Senior,Male
3276_IanMcKellen_63_m.jpg,IanMcKellen,63,63,Senior,Male
3277_IanMcKellen_64_m.jpg,IanMcKellen,64,64,Senior,Male
3278_IanMcKellen_65_m.jpg,IanMcKellen,65,65,Senior,Male
3279_IanMcKellen_66_m.jpg,IanMcKellen,66,66,Senior,Male
3280_IanMcKellen_66_m.jpg,IanMcKellen,66,66,Senior,Male
3281_IanMcKellen_75_m.jpg,IanMcKellen,75,75,Elderly,Male
3282_IanMcKellen_30_m.jpg,IanMcKellen,30,30,Adult,Male
3283_IanMcKellen_42_m.jpg,IanMcKellen,42,42,Middle,Male
3284_IanMcKellen_46_m.jpg,IanMcKellen,46,46,Middle,Male
3285_IanMcKellen_47_m.jpg,IanMcKellen,47,47,Middle,Male
3286_IanMcKellen_55_m.jpg,IanMcKellen,55,55,Middle,Male
3287_IanMcKellen_56_m.jpg,IanMcKellen,56,56,Senior,Male
3288_IanMcKellen_58_m.jpg,IanMcKellen,58,58,Senior,Male
3289_IanMcKellen_59_m.jpg,IanMcKellen,59,59,Senior,Male
3290_IanMcKellen_67_m.jpg,IanMcKellen,67,67,Senior,Male
3291_JackColeman_23_m.jpg,JackColeman,23,23,Adult,Male
3292_JackColeman_24_m.jpg,JackColeman,24,24,Adult,Male
3293_JackColeman_25_m.jpg,JackColeman,25,25,Adult,Male
3294_JackColeman_26_m.jpg,JackColeman,26,26,Adult,Male
3295_JackColeman_27_m.jpg,JackColeman,27,27,Adult,Male
3296_JackColeman_28_m.jpg,JackColeman,28,28,Adult,Male
3297_JackColeman_29_m.jpg,JackColeman,29,29,Adult,Male
3298_JackColeman_30_m.jpg,JackColeman,30,30,Adult,Male
3299_JackColeman_31_m.jpg,JackColeman,31,31,Adult,Male
3300_JackColeman_32_m.jpg,JackColeman,32,32,Adult,Male
3301_JackColeman_35_m.jpg,JackColeman,35,35,Adult,Male
3302_JackColeman_38_m.jpg,JackColeman,38,38,Middle,Male
3303_JackColeman_40_m.jpg,JackColeman,40,40,Middle,Male
3304_JackColeman_42_m.jpg,JackColeman,42,42,Middle,Male
3305_JackColeman_44_m.jpg,JackColeman,44,44,Middle,Male
3306_JackColeman_46_m.jpg,JackColeman,46,46,Middle,Male
3307_JackColeman_47_m.jpg,JackColeman,47,47,Middle,Male
3308_JackColeman_48_m.jpg,JackColeman,48,48,Middle,Male
3309_JackColeman_48_m.jpg,JackColeman,48,48,Middle,Male
3310_JackColeman_49_m.jpg,JackColeman,49,49,Middle,Male
3311_JackColeman_50_m.jpg,JackColeman,50,50,Middle,Male
3312_JackColeman_51_m.jpg,JackColeman,51,51,Middle,Male
3313_JackColeman_52_m.jpg,JackColeman,52,52,Middle,Male
3314_JackColeman_54_m.jpg,JackColeman,54,54,Middle,Male
3315_JackColeman_55_m.jpg,JackColeman,55,55,Middle,Male
3316_JackColeman_56_m.jpg,JackColeman,56,56,Senior,Male
3317_JackColeman_57_m.jpg,JackColeman,57,57,Senior,Male
3318_JackColeman_45_m.jpg,JackColeman,45,45,Middle,Male
3319_JeffBridges_10_m.jpg,JeffBridges,10,10,Child,Male
3320_JeffBridges_17_m.jpg,JeffBridges,17,17,Juvenile,Male
3321_JeffBridges_19_m.jpg,JeffBridges,19,19,Adult,Male
3322_JeffBridges_21_m.jpg,JeffBridges,21,21,Adult,Male
3323_JeffBridges_23_m.jpg,JeffBridges,23,23,Adult,Male
3324_JeffBridges_24_m.jpg,JeffBridges,24,24,Adult,Male
3325_JeffBridges_24_m.jpg,JeffBridges,24,24,Adult,Male
3326_JeffBridges_26_m.jpg,JeffBridges,26,26,Adult,Male
3327_JeffBridges_27_m.jpg,JeffBridges,27,27,Adult,Male
3328_JeffBridges_28_m.jpg,JeffBridges,28,28,Adult,Male
3329_JeffBridges_29_m.jpg,JeffBridges,29,29,Adult,Male
3330_JeffBridges_35_m.jpg,JeffBridges,35,35,Adult,Male
3331_JeffBridges_36_m.jpg,JeffBridges,36,36,Middle,Male
3332_JeffBridges_38_m.jpg,JeffBridges,38,38,Middle,Male
3333_JeffBridges_40_m.jpg,JeffBridges,40,40,Middle,Male
3334_JeffBridges_41_m.jpg,JeffBridges,41,41,Middle,Male
3335_JeffBridges_44_m.jpg,JeffBridges,44,44,Middle,Male
3336_JeffBridges_46_m.jpg,JeffBridges,46,46,Middle,Male
3337_JeffBridges_47_m.jpg,JeffBridges,47,47,Middle,Male
3338_JeffBridges_51_m.jpg,JeffBridges,51,51,Middle,Male
3339_JeffBridges_52_m.jpg,JeffBridges,52,52,Middle,Male
3340_JeffBridges_53_m.jpg,JeffBridges,53,53,Middle,Male
3341_JeffBridges_55_m.jpg,JeffBridges,55,55,Middle,Male
3342_JeffBridges_56_m.jpg,JeffBridges,56,56,Senior,Male
3343_JeffBridges_57_m.jpg,JeffBridges,57,57,Senior,Male
3344_JeffBridges_59_m.jpg,JeffBridges,59,59,Senior,Male
3345_JeffBridges_59_m.jpg,JeffBridges,59,59,Senior,Male
3346_JeffBridges_60_m.jpg,JeffBridges,60,60,Senior,Male
3347_JeffBridges_61_m.jpg,JeffBridges,61,61,Senior,Male
3348_JeffBridges_64_m.jpg,JeffBridges,64,64,Senior,Male
3349_JeffDaniels_26_m.jpg,JeffDaniels,26,26,Adult,Male
3350_JeffDaniels_28_m.jpg,JeffDaniels,28,28,Adult,Male
3351_JeffDaniels_29_m.jpg,JeffDaniels,29,29,Adult,Male
3352_JeffDaniels_30_m.jpg,JeffDaniels,30,30,Adult,Male
3353_JeffDaniels_31_m.jpg,JeffDaniels,31,31,Adult,Male
3354_JeffDaniels_33_m.jpg,JeffDaniels,33,33,Adult,Male
3355_JeffDaniels_34_m.jpg,JeffDaniels,34,34,Adult,Male
3356_JeffDaniels_35_m.jpg,JeffDaniels,35,35,Adult,Male
3357_JeffDaniels_36_m.jpg,JeffDaniels,36,36,Middle,Male
3358_JeffDaniels_37_m.jpg,JeffDaniels,37,37,Middle,Male
3359_JeffDaniels_38_m.jpg,JeffDaniels,38,38,Middle,Male
3360_JeffDaniels_38_m.jpg,JeffDaniels,38,38,Middle,Male
3361_JeffDaniels_39_m.jpg,JeffDaniels,39,39,Middle,Male
3362_JeffDaniels_40_m.jpg,JeffDaniels,40,40,Middle,Male
3363_JeffDaniels_41_m.jpg,JeffDaniels,41,41,Middle,Male
3364_JeffDaniels_42_m.jpg,JeffDaniels,42,42,Middle,Male
3365_JeffDaniels_42_m.jpg,JeffDaniels,42,42,Middle,Male
3366_JeffDaniels_43_m.jpg,JeffDaniels,43,43,Middle,Male
3367_JeffDaniels_44_m.jpg,JeffDaniels,44,44,Middle,Male
3368_JeffDaniels_45_m.jpg,JeffDaniels,45,45,Middle,Male
3369_JeffDaniels_45_m.jpg,JeffDaniels,45,45,Middle,Male
3370_JeffDaniels_46_m.jpg,JeffDaniels,46,46,Middle,Male
3371_JeffDaniels_47_m.jpg,JeffDaniels,47,47,Middle,Male
3372_JeffDaniels_48_m.jpg,JeffDaniels,48,48,Middle,Male
3373_JeffDaniels_49_m.jpg,JeffDaniels,49,49,Middle,Male
3374_JeffDaniels_50_m.jpg,JeffDaniels,50,50,Middle,Male
3375_JeffDaniels_51_m.jpg,JeffDaniels,51,51,Middle,Male
3376_JeffDaniels_52_m.jpg,JeffDaniels,52,52,Middle,Male
3377_JeffDaniels_53_m.jpg,JeffDaniels,53,53,Middle,Male
3378_JeffDaniels_54_m.jpg,JeffDaniels,54,54,Middle,Male
3379_JeffDaniels_55_m.jpg,JeffDaniels,55,55,Middle,Male
3380_JeffDaniels_57_m.jpg,JeffDaniels,57,57,Senior,Male
3381_JeffDaniels_58_m.jpg,JeffDaniels,58,58,Senior,Male
3382_JeffDaniels_59_m.jpg,JeffDaniels,59,59,Senior,Male
3383_JohnLithgow_39_m.jpg,JohnLithgow,39,39,Middle,Male
3384_JohnLithgow_42_m.jpg,JohnLithgow,42,42,Middle,Male
3385_JohnLithgow_43_m.jpg,JohnLithgow,43,43,Middle,Male
3386_JohnLithgow_43_m.jpg,JohnLithgow,43,43,Middle,Male
3387_JohnLithgow_44_m.jpg,JohnLithgow,44,44,Middle,Male
3388_JohnLithgow_46_m.jpg,JohnLithgow,46,46,Middle,Male
3389_JohnLithgow_47_m.jpg,JohnLithgow,47,47,Middle,Male
338_Onasis_52_m.jpg,Onasis,52,52,Middle,Male
3390_JohnLithgow_48_m.jpg,JohnLithgow,48,48,Middle,Male
3391_JohnLithgow_49_m.jpg,JohnLithgow,49,49,Middle,Male
3392_JohnLithgow_50_m.jpg,JohnLithgow,50,50,Middle,Male
3393_JohnLithgow_51_m.jpg,JohnLithgow,51,51,Middle,Male
3394_JohnLithgow_52_m.jpg,JohnLithgow,52,52,Middle,Male
3395_JohnLithgow_53_m.jpg,JohnLithgow,53,53,Middle,Male
3396_JohnLithgow_56_m.jpg,JohnLithgow,56,56,Senior,Male
3397_JohnLithgow_57_m.jpg,JohnLithgow,57,57,Senior,Male
3398_JohnLithgow_59_m.jpg,JohnLithgow,59,59,Senior,Male
3399_JohnLithgow_60_m.jpg,JohnLithgow,60,60,Senior,Male
339_Onasis_64_m.jpg,Onasis,64,64,Senior,Male
3400_JohnLithgow_62_m.jpg,JohnLithgow,62,62,Senior,Male
3401_JohnLithgow_63_m.jpg,JohnLithgow,63,63,Senior,Male
3402_JohnLithgow_64_m.jpg,JohnLithgow,64,64,Senior,Male
3403_JohnLithgow_65_m.jpg,JohnLithgow,65,65,Senior,Male
3404_JohnLithgow_66_m.jpg,JohnLithgow,66,66,Senior,Male
3405_JohnLithgow_67_m.jpg,JohnLithgow,67,67,Senior,Male
3406_JohnLithgow_68_m.jpg,JohnLithgow,68,68,Senior,Male
3407_JohnLithgow_69_m.jpg,JohnLithgow,69,69,Senior,Male
3408_JohnLithgow_70_m.jpg,JohnLithgow,70,70,Senior,Male
3409_KevinSpacey_27_m.jpg,KevinSpacey,27,27,Adult,Male
340_Onasis_61_m.jpg,Onasis,61,61,Senior,Male
3410_KevinSpacey_28_m.jpg,KevinSpacey,28,28,Adult,Male
3411_KevinSpacey_29_m.jpg,KevinSpacey,29,29,Adult,Male
3412_KevinSpacey_29_m.jpg,KevinSpacey,29,29,Adult,Male
3413_KevinSpacey_30_m.jpg,KevinSpacey,30,30,Adult,Male
3414_KevinSpacey_32_m.jpg,KevinSpacey,32,32,Adult,Male
3415_KevinSpacey_32_m.jpg,KevinSpacey,32,32,Adult,Male
3416_KevinSpacey_32_m.jpg,KevinSpacey,32,32,Adult,Male
3417_KevinSpacey_32_m.jpg,KevinSpacey,32,32,Adult,Male
3418_KevinSpacey_35_m.jpg,KevinSpacey,35,35,Adult,Male
3419_KevinSpacey_36_m.jpg,KevinSpacey,36,36,Middle,Male
341_Onasis_65_m.jpg,Onasis,65,65,Senior,Male
3420_KevinSpacey_36_m.jpg,KevinSpacey,36,36,Middle,Male
3421_KevinSpacey_36_m.jpg,KevinSpacey,36,36,Middle,Male
3422_KevinSpacey_37_m.jpg,KevinSpacey,37,37,Middle,Male
3423_KevinSpacey_38_m.jpg,KevinSpacey,38,38,Middle,Male
3424_KevinSpacey_38_m.jpg,KevinSpacey,38,38,Middle,Male
3425_KevinSpacey_39_m.jpg,KevinSpacey,39,39,Middle,Male
3426_KevinSpacey_39_m.jpg,KevinSpacey,39,39,Middle,Male
3427_KevinSpacey_40_m.jpg,KevinSpacey,40,40,Middle,Male
3428_KevinSpacey_40_m.jpg,KevinSpacey,40,40,Middle,Male
3429_KevinSpacey_41_m.jpg,KevinSpacey,41,41,Middle,Male
342_Onasis_58_m.jpg,Onasis,58,58,Senior,Male
3430_KevinSpacey_42_m.jpg,KevinSpacey,42,42,Middle,Male
3431_KevinSpacey_44_m.jpg,KevinSpacey,44,44,Middle,Male
3432_KevinSpacey_44_m.jpg,KevinSpacey,44,44,Middle,Male
3433_KevinSpacey_45_m.jpg,KevinSpacey,45,45,Middle,Male
3434_KevinSpacey_46_m.jpg,KevinSpacey,46,46,Middle,Male
3435_KevinSpacey_46_m.jpg,KevinSpacey,46,46,Middle,Male
3436_KevinSpacey_47_m.jpg,KevinSpacey,47,47,Middle,Male
3437_KevinSpacey_48_m.jpg,KevinSpacey,48,48,Middle,Male
3438_KevinSpacey_50_m.jpg,KevinSpacey,50,50,Middle,Male
3439_KevinSpacey_51_m.jpg,KevinSpacey,51,51,Middle,Male
343_Onasis_65_m.jpg,Onasis,65,65,Senior,Male
3440_KevinSpacey_53_m.jpg,KevinSpacey,53,53,Middle,Male
3441_KevinSpacey_54_m.jpg,KevinSpacey,54,54,Middle,Male
3442_KevinSpacey_54_m.jpg,KevinSpacey,54,54,Middle,Male
3443_LeslieCaron_20_m.jpg,LeslieCaron,20,20,Adult,Male
3444_LeslieCaron_22_m.jpg,LeslieCaron,22,22,Adult,Male
3445_LeslieCaron_24_m.jpg,LeslieCaron,24,24,Adult,Male
3446_LeslieCaron_25_m.jpg,LeslieCaron,25,25,Adult,Male
3447_LeslieCaron_27_m.jpg,LeslieCaron,27,27,Adult,Male
3448_LeslieCaron_29_m.jpg,LeslieCaron,29,29,Adult,Male
3449_LeslieCaron_31_m.jpg,LeslieCaron,31,31,Adult,Male
344_Onasis_65_m.jpg,Onasis,65,65,Senior,Male
3450_LeslieCaron_32_m.jpg,LeslieCaron,32,32,Adult,Male
3451_LeslieCaron_33_m.jpg,LeslieCaron,33,33,Adult,Male
3452_LeslieCaron_34_m.jpg,LeslieCaron,34,34,Adult,Male
3453_LeslieCaron_36_m.jpg,LeslieCaron,36,36,Middle,Male
3454_LeslieCaron_38_m.jpg,LeslieCaron,38,38,Middle,Male
3455_LeslieCaron_39_m.jpg,LeslieCaron,39,39,Middle,Male
3456_LeslieCaron_41_m.jpg,LeslieCaron,41,41,Middle,Male
3457_LeslieCaron_45_m.jpg,LeslieCaron,45,45,Middle,Male
3458_LeslieCaron_46_m.jpg,LeslieCaron,46,46,Middle,Male
3459_LeslieCaron_47_m.jpg,LeslieCaron,47,47,Middle,Male
345_Onasis_52_m.jpg,Onasis,52,52,Middle,Male
3460_LeslieCaron_49_m.jpg,LeslieCaron,49,49,Middle,Male
3461_LeslieCaron_51_m.jpg,LeslieCaron,51,51,Middle,Male
3462_LeslieCaron_53_m.jpg,LeslieCaron,53,53,Middle,Male
3463_LeslieCaron_54_m.jpg,LeslieCaron,54,54,Middle,Male
3464_LeslieCaron_56_m.jpg,LeslieCaron,56,56,Senior,Male
3465_LeslieCaron_59_m.jpg,LeslieCaron,59,59,Senior,Male
3466_LeslieCaron_61_m.jpg,LeslieCaron,61,61,Senior,Male
3467_LeslieCaron_64_m.jpg,LeslieCaron,64,64,Senior,Male
3468_LeslieCaron_65_m.jpg,LeslieCaron,65,65,Senior,Male
3469_LeslieCaron_66_m.jpg,LeslieCaron,66,66,Senior,Male
346_Onasis_26_m.jpg,Onasis,26,26,Adult,Male
3470_LeslieCaron_69_m.jpg,LeslieCaron,69,69,Senior,Male
3471_LeslieCaron_70_m.jpg,LeslieCaron,70,70,Senior,Male
3472_LeslieCaron_72_m.jpg,LeslieCaron,72,72,Elderly,Male
3473_LeslieCaron_73_m.jpg,LeslieCaron,73,73,Elderly,Male
3474_LeslieCaron_74_m.jpg,LeslieCaron,74,74,Elderly,Male
3475_LeslieCaron_75_m.jpg,LeslieCaron,75,75,Elderly,Male
3476_LeslieCaron_76_m.jpg,LeslieCaron,76,76,Elderly,Male
3477_LeslieCaron_77_m.jpg,LeslieCaron,77,77,Elderly,Male
3478_LeslieCaron_78_m.jpg,LeslieCaron,78,78,Elderly,Male
3479_LeslieCaron_79_m.jpg,LeslieCaron,79,79,Elderly,Male
347_Onasis_30_m.jpg,Onasis,30,30,Adult,Male
3480_LeslieCaron_80_m.jpg,LeslieCaron,80,80,Elderly,Male
3481_LeslieCaron_81_m.jpg,LeslieCaron,81,81,Elderly,Male
3482_LeslieCaron_83_m.jpg,LeslieCaron,83,83,Elderly,Male
348_Onasis_62_m.jpg,Onasis,62,62,Senior,Male
349_Onasis_54_m.jpg,Onasis,54,54,Middle,Male
350_Onasis_65_m.jpg,Onasis,65,65,Senior,Male
351_Onasis_69_m.jpg,Onasis,69,69,Senior,Male
352_Onasis_50_m.jpg,Onasis,50,50,Middle,Male
353_Onasis_52_m.jpg,Onasis,52,52,Middle,Male
354_Onasis_30_m.jpg,Onasis,30,30,Adult,Male
3556_MichaelYork_13_m.jpg,MichaelYork,13,13,Juvenile,Male
3557_MichaelYork_23_m.jpg,MichaelYork,23,23,Adult,Male
3558_MichaelYork_24_m.jpg,MichaelYork,24,24,Adult,Male
3559_MichaelYork_25_m.jpg,MichaelYork,25,25,Adult,Male
355_JPMorgan_65_m.jpg,JPMorgan,65,65,Senior,Male
3560_MichaelYork_26_m.jpg,MichaelYork,26,26,Adult,Male
3561_MichaelYork_27_m.jpg,MichaelYork,27,27,Adult,Male
3562_MichaelYork_28_m.jpg,MichaelYork,28,28,Adult,Male
3563_MichaelYork_29_m.jpg,MichaelYork,29,29,Adult,Male
3564_MichaelYork_30_m.jpg,MichaelYork,30,30,Adult,Male
3565_MichaelYork_31_m.jpg,MichaelYork,31,31,Adult,Male
3566_MichaelYork_32_m.jpg,MichaelYork,32,32,Adult,Male
3567_MichaelYork_33_m.jpg,MichaelYork,33,33,Adult,Male
3568_MichaelYork_34_m.jpg,MichaelYork,34,34,Adult,Male
3569_MichaelYork_34_m.jpg,MichaelYork,34,34,Adult,Male
356_JPMorgan_70_m.jpg,JPMorgan,70,70,Senior,Male
3570_MichaelYork_35_m.jpg,MichaelYork,35,35,Adult,Male
3571_MichaelYork_36_m.jpg,MichaelYork,36,36,Middle,Male
3572_MichaelYork_37_m.jpg,MichaelYork,37,37,Middle,Male
3573_MichaelYork_41_m.jpg,MichaelYork,41,41,Middle,Male
3574_MichaelYork_42_m.jpg,MichaelYork,42,42,Middle,Male
3575_MichaelYork_44_m.jpg,MichaelYork,44,44,Middle,Male
3576_MichaelYork_46_m.jpg,MichaelYork,46,46,Middle,Male
3577_MichaelYork_47_m.jpg,MichaelYork,47,47,Middle,Male
3578_MichaelYork_49_m.jpg,MichaelYork,49,49,Middle,Male
3579_MichaelYork_50_m.jpg,MichaelYork,50,50,Middle,Male
357_JPMorgan_38_m.jpg,JPMorgan,38,38,Middle,Male
3580_MichaelYork_51_m.jpg,MichaelYork,51,51,Middle,Male
3581_MichaelYork_52_m.jpg,MichaelYork,52,52,Middle,Male
3582_MichaelYork_53_m.jpg,MichaelYork,53,53,Middle,Male
3583_MichaelYork_54_m.jpg,MichaelYork,54,54,Middle,Male
3584_MichaelYork_56_m.jpg,MichaelYork,56,56,Senior,Male
3585_MichaelYork_57_m.jpg,MichaelYork,57,57,Senior,Male
3586_MichaelYork_57_m.jpg,MichaelYork,57,57,Senior,Male
3587_MichaelYork_59_m.jpg,MichaelYork,59,59,Senior,Male
3588_MichaelYork_60_m.jpg,MichaelYork,60,60,Senior,Male
3589_MichaelYork_61_m.jpg,MichaelYork,61,61,Senior,Male
358_JPMorgan_48_m.jpg,JPMorgan,48,48,Middle,Male
3590_MichaelYork_62_m.jpg,MichaelYork,62,62,Senior,Male
3591_MichaelYork_63_m.jpg,MichaelYork,63,63,Senior,Male
3592_MichaelYork_64_m.jpg,MichaelYork,64,64,Senior,Male
3593_MichaelYork_65_m.jpg,MichaelYork,65,65,Senior,Male
3594_MichaelYork_68_m.jpg,MichaelYork,68,68,Senior,Male
3595_MichaelYork_68_m.jpg,MichaelYork,68,68,Senior,Male
3596_MichaelYork_70_m.jpg,MichaelYork,70,70,Senior,Male
3597_MikeConnors_31_m.jpg,MikeConnors,31,31,Adult,Male
3598_MikeConnors_32_m.jpg,MikeConnors,32,32,Adult,Male
3599_MikeConnors_33_m.jpg,MikeConnors,33,33,Adult,Male
359_JPMorgan_50_m.jpg,JPMorgan,50,50,Middle,Male
3600_MikeConnors_35_m.jpg,MikeConnors,35,35,Adult,Male
3601_MikeConnors_37_m.jpg,MikeConnors,37,37,Middle,Male
3602_MikeConnors_40_m.jpg,MikeConnors,40,40,Middle,Male
3603_MikeConnors_41_m.jpg,MikeConnors,41,41,Middle,Male
3604_MikeConnors_42_m.jpg,MikeConnors,42,42,Middle,Male
3605_MikeConnors_43_m.jpg,MikeConnors,43,43,Middle,Male
3606_MikeConnors_44_m.jpg,MikeConnors,44,44,Middle,Male
3607_MikeConnors_45_m.jpg,MikeConnors,45,45,Middle,Male
3608_MikeConnors_46_m.jpg,MikeConnors,46,46,Middle,Male
3609_MikeConnors_47_m.jpg,MikeConnors,47,47,Middle,Male
360_JPMorgan_66_m.jpg,JPMorgan,66,66,Senior,Male
3610_MikeConnors_48_m.jpg,MikeConnors,48,48,Middle,Male
3611_MikeConnors_49_m.jpg,MikeConnors,49,49,Middle,Male
3612_MikeConnors_50_m.jpg,MikeConnors,50,50,Middle,Male
3613_MikeConnors_53_m.jpg,MikeConnors,53,53,Middle,Male
3614_MikeConnors_54_m.jpg,MikeConnors,54,54,Middle,Male
3615_MikeConnors_55_m.jpg,MikeConnors,55,55,Middle,Male
3616_MikeConnors_56_m.jpg,MikeConnors,56,56,Senior,Male
3617_MikeConnors_60_m.jpg,MikeConnors,60,60,Senior,Male
3618_MikeConnors_62_m.jpg,MikeConnors,62,62,Senior,Male
3619_MikeConnors_68_m.jpg,MikeConnors,68,68,Senior,Male
361_JPMorgan_62_m.jpg,JPMorgan,62,62,Senior,Male
3620_MikeConnors_70_m.jpg,MikeConnors,70,70,Senior,Male
3621_MikeConnors_71_m.jpg,MikeConnors,71,71,Elderly,Male
3622_MikeConnors_73_m.jpg,MikeConnors,73,73,Elderly,Male
3623_MikeConnors_74_m.jpg,MikeConnors,74,74,Elderly,Male
3624_MikeConnors_75_m.jpg,MikeConnors,75,75,Elderly,Male
3625_MikeConnors_76_m.jpg,MikeConnors,76,76,Elderly,Male
3626_MikeConnors_77_m.jpg,MikeConnors,77,77,Elderly,Male
3627_MikeConnors_78_m.jpg,MikeConnors,78,78,Elderly,Male
3628_MikeConnors_80_m.jpg,MikeConnors,80,80,Elderly,Male
3629_MikeConnors_81_m.jpg,MikeConnors,81,81,Elderly,Male
362_JPMorgan_25_m.jpg,JPMorgan,25,25,Adult,Male
3630_MikeConnors_82_m.jpg,MikeConnors,82,82,Elderly,Male
3631_MikeConnors_83_m.jpg,MikeConnors,83,83,Elderly,Male
3632_MikeConnors_84_m.jpg,MikeConnors,84,84,Elderly,Male
3633_MikeConnors_85_m.jpg,MikeConnors,85,85,Elderly,Male
3634_MikeConnors_86_m.jpg,MikeConnors,86,86,Elderly,Male
3635_MikeConnors_30_m.jpg,MikeConnors,30,30,Adult,Male
363_JPMorgan_52_m.jpg,JPMorgan,52,52,Middle,Male
364_DavidSarnoff_41_m.jpg,DavidSarnoff,41,41,Middle,Male
365_DavidSarnoff_28_m.jpg,DavidSarnoff,28,28,Adult,Male
366_DavidSarnoff_57_m.jpg,DavidSarnoff,57,57,Senior,Male
367_DavidSarnoff_25_m.jpg,DavidSarnoff,25,25,Adult,Male
368_DavidSarnoff_73_m.jpg,DavidSarnoff,73,73,Elderly,Male
369_DavidSarnoff_42_m.jpg,DavidSarnoff,42,42,Middle,Male
370_DavidSarnoff_53_m.jpg,DavidSarnoff,53,53,Middle,Male
371_DavidSarnoff_75_m.jpg,DavidSarnoff,75,75,Elderly,Male
372_DavidSarnoff_39_m.jpg,DavidSarnoff,39,39,Middle,Male
373_DavidSarnoff_45_m.jpg,DavidSarnoff,45,45,Middle,Male
3748_RutgerHauer_25_m.jpg,RutgerHauer,25,25,Adult,Male
3749_RutgerHauer_26_m.jpg,RutgerHauer,26,26,Adult,Male
374_DavidSarnoff_38_m.jpg,DavidSarnoff,38,38,Middle,Male
3750_RutgerHauer_28_m.jpg,RutgerHauer,28,28,Adult,Male
3751_RutgerHauer_29_m.jpg,RutgerHauer,29,29,Adult,Male
3752_RutgerHauer_31_m.jpg,RutgerHauer,31,31,Adult,Male
3753_RutgerHauer_32_m.jpg,RutgerHauer,32,32,Adult,Male
3754_RutgerHauer_33_m.jpg,RutgerHauer,33,33,Adult,Male
3755_RutgerHauer_34_m.jpg,RutgerHauer,34,34,Adult,Male
3756_RutgerHauer_35_m.jpg,RutgerHauer,35,35,Adult,Male
3757_RutgerHauer_36_m.jpg,RutgerHauer,36,36,Middle,Male
3758_RutgerHauer_37_m.jpg,RutgerHauer,37,37,Middle,Male
3759_RutgerHauer_38_m.jpg,RutgerHauer,38,38,Middle,Male
375_DavidSarnoff_40_m.jpg,DavidSarnoff,40,40,Middle,Male
3760_RutgerHauer_38_m.jpg,RutgerHauer,38,38,Middle,Male
3761_RutgerHauer_40_m.jpg,RutgerHauer,40,40,Middle,Male
3762_RutgerHauer_42_m.jpg,RutgerHauer,42,42,Middle,Male
3763_RutgerHauer_43_m.jpg,RutgerHauer,43,43,Middle,Male
3764_RutgerHauer_45_m.jpg,RutgerHauer,45,45,Middle,Male
3765_RutgerHauer_46_m.jpg,RutgerHauer,46,46,Middle,Male
3766_RutgerHauer_48_m.jpg,RutgerHauer,48,48,Middle,Male
3767_RutgerHauer_49_m.jpg,RutgerHauer,49,49,Middle,Male
3768_RutgerHauer_51_m.jpg,RutgerHauer,51,51,Middle,Male
3769_RutgerHauer_53_m.jpg,RutgerHauer,53,53,Middle,Male
376_DavidSarnoff_46_m.jpg,DavidSarnoff,46,46,Middle,Male
3770_RutgerHauer_54_m.jpg,RutgerHauer,54,54,Middle,Male
3771_RutgerHauer_56_m.jpg,RutgerHauer,56,56,Senior,Male
3772_RutgerHauer_58_m.jpg,RutgerHauer,58,58,Senior,Male
3773_RutgerHauer_59_m.jpg,RutgerHauer,59,59,Senior,Male
3774_RutgerHauer_61_m.jpg,RutgerHauer,61,61,Senior,Male
3775_RutgerHauer_66_m.jpg,RutgerHauer,66,66,Senior,Male
3776_RutgerHauer_68_m.jpg,RutgerHauer,68,68,Senior,Male
377_DavidSarnoff_43_m.jpg,DavidSarnoff,43,43,Middle,Male
378_DavidSarnoff_48_m.jpg,DavidSarnoff,48,48,Middle,Male
379_DavidSarnoff_45_m.jpg,DavidSarnoff,45,45,Middle,Male
380_DavidSarnoff_33_m.jpg,DavidSarnoff,33,33,Adult,Male
381_DavidSarnoff_31_m.jpg,DavidSarnoff,31,31,Adult,Male
382_DavidSarnoff_34_m.jpg,DavidSarnoff,34,34,Adult,Male
3836_SteveKanaly_26_m.jpg,SteveKanaly,26,26,Adult,Male
3837_SteveKanaly_27_m.jpg,SteveKanaly,27,27,Adult,Male
3838_SteveKanaly_28_m.jpg,SteveKanaly,28,28,Adult,Male
3839_SteveKanaly_29_m.jpg,SteveKanaly,29,29,Adult,Male
383_DavidSarnoff_38_m.jpg,DavidSarnoff,38,38,Middle,Male
3840_SteveKanaly_30_m.jpg,SteveKanaly,30,30,Adult,Male
3841_SteveKanaly_31_m.jpg,SteveKanaly,31,31,Adult,Male
3842_SteveKanaly_32_m.jpg,SteveKanaly,32,32,Adult,Male
3843_SteveKanaly_33_m.jpg,SteveKanaly,33,33,Adult,Male
3844_SteveKanaly_34_m.jpg,SteveKanaly,34,34,Adult,Male
3845_SteveKanaly_35_m.jpg,SteveKanaly,35,35,Adult,Male
3846_SteveKanaly_36_m.jpg,SteveKanaly,36,36,Middle,Male
3847_SteveKanaly_37_m.jpg,SteveKanaly,37,37,Middle,Male
3848_SteveKanaly_39_m.jpg,SteveKanaly,39,39,Middle,Male
3849_SteveKanaly_40_m.jpg,SteveKanaly,40,40,Middle,Male
384_DavidSarnoff_78_m.jpg,DavidSarnoff,78,78,Elderly,Male
3850_SteveKanaly_41_m.jpg,SteveKanaly,41,41,Middle,Male
3851_SteveKanaly_42_m.jpg,SteveKanaly,42,42,Middle,Male
3852_SteveKanaly_43_m.jpg,SteveKanaly,43,43,Middle,Male
3853_SteveKanaly_46_m.jpg,SteveKanaly,46,46,Middle,Male
3854_SteveKanaly_48_m.jpg,SteveKanaly,48,48,Middle,Male
3855_SteveKanaly_50_m.jpg,SteveKanaly,50,50,Middle,Male
3856_SteveKanaly_52_m.jpg,SteveKanaly,52,52,Middle,Male
3857_SteveKanaly_54_m.jpg,SteveKanaly,54,54,Middle,Male
3858_SteveKanaly_58_m.jpg,SteveKanaly,58,58,Senior,Male
3859_SteveKanaly_61_m.jpg,SteveKanaly,61,61,Senior,Male
385_DavidSarnoff_16_m.jpg,DavidSarnoff,16,16,Juvenile,Male
3860_SteveKanaly_62_m.jpg,SteveKanaly,62,62,Senior,Male
3861_SteveKanaly_63_m.jpg,SteveKanaly,63,63,Senior,Male
3862_SteveKanaly_65_m.jpg,SteveKanaly,65,65,Senior,Male
3863_SteveKanaly_69_m.jpg,SteveKanaly,69,69,Senior,Male
3864_SteveMartin_18_m.jpg,SteveMartin,18,18,Adult,Male
3865_SteveMartin_35_m.jpg,SteveMartin,35,35,Adult,Male
3866_SteveMartin_30_m.jpg,SteveMartin,30,30,Adult,Male
3867_SteveMartin_42_m.jpg,SteveMartin,42,42,Middle,Male
3868_SteveMartin_43_m.jpg,SteveMartin,43,43,Middle,Male
3869_SteveMartin_33_m.jpg,SteveMartin,33,33,Adult,Male
386_DavidSarnoff_76_m.jpg,DavidSarnoff,76,76,Elderly,Male
3870_SteveMartin_40_m.jpg,SteveMartin,40,40,Middle,Male
3871_SteveMartin_45_m.jpg,SteveMartin,45,45,Middle,Male
3872_SteveMartin_38_m.jpg,SteveMartin,38,38,Middle,Male
3873_SteveMartin_51_m.jpg,SteveMartin,51,51,Middle,Male
3874_SteveMartin_57_m.jpg,SteveMartin,57,57,Senior,Male
3875_SteveMartin_60_m.jpg,SteveMartin,60,60,Senior,Male
3876_SteveMartin_61_m.jpg,SteveMartin,61,61,Senior,Male
3877_SteveMartin_62_m.jpg,SteveMartin,62,62,Senior,Male
3878_SteveMartin_63_m.jpg,SteveMartin,63,63,Senior,Male
3879_SteveMartin_64_m.jpg,SteveMartin,64,64,Senior,Male
387_DavidSarnoff_70_m.jpg,DavidSarnoff,70,70,Senior,Male
3880_SteveMartin_65_m.jpg,SteveMartin,65,65,Senior,Male
3881_SteveMartin_66_m.jpg,SteveMartin,66,66,Senior,Male
3882_SteveMartin_67_m.jpg,SteveMartin,67,67,Senior,Male
3883_SteveMartin_68_m.jpg,SteveMartin,68,68,Senior,Male
3884_SteveMartin_53_m.jpg,SteveMartin,53,53,Middle,Male
388_JPaulGetty_82_m.jpg,JPaulGetty,82,82,Elderly,Male
389_JPaulGetty_78_m.jpg,JPaulGetty,78,78,Elderly,Male
390_JPaulGetty_52_m.jpg,JPaulGetty,52,52,Middle,Male
391_JPaulGetty_53_m.jpg,JPaulGetty,53,53,Middle,Male
392_JPaulGetty_55_m.jpg,JPaulGetty,55,55,Middle,Male
393_JPaulGetty_55_m.jpg,JPaulGetty,55,55,Middle,Male
3941_BrianDennehy_39_m.jpg,BrianDennehy,39,39,Middle,Male
3942_BrianDennehy_40_m.jpg,BrianDennehy,40,40,Middle,Male
3943_BrianDennehy_41_m.jpg,BrianDennehy,41,41,Middle,Male
3944_BrianDennehy_42_m.jpg,BrianDennehy,42,42,Middle,Male
3945_BrianDennehy_43_m.jpg,BrianDennehy,43,43,Middle,Male
3946_BrianDennehy_44_m.jpg,BrianDennehy,44,44,Middle,Male
3947_BrianDennehy_45_m.jpg,BrianDennehy,45,45,Middle,Male
3948_BrianDennehy_46_m.jpg,BrianDennehy,46,46,Middle,Male
3949_BrianDennehy_47_m.jpg,BrianDennehy,47,47,Middle,Male
394_JPaulGetty_80_m.jpg,JPaulGetty,80,80,Elderly,Male
3950_BrianDennehy_48_m.jpg,BrianDennehy,48,48,Middle,Male
3951_BrianDennehy_49_m.jpg,BrianDennehy,49,49,Middle,Male
3952_BrianDennehy_50_m.jpg,BrianDennehy,50,50,Middle,Male
3953_BrianDennehy_52_m.jpg,BrianDennehy,52,52,Middle,Male
3954_BrianDennehy_53_m.jpg,BrianDennehy,53,53,Middle,Male
3955_BrianDennehy_54_m.jpg,BrianDennehy,54,54,Middle,Male
3956_BrianDennehy_55_m.jpg,BrianDennehy,55,55,Middle,Male
3957_BrianDennehy_56_m.jpg,BrianDennehy,56,56,Senior,Male
3958_BrianDennehy_57_m.jpg,BrianDennehy,57,57,Senior,Male
3959_BrianDennehy_60_m.jpg,BrianDennehy,60,60,Senior,Male
395_JPaulGetty_74_m.jpg,JPaulGetty,74,74,Elderly,Male
3960_BrianDennehy_62_m.jpg,BrianDennehy,62,62,Senior,Male
3961_BrianDennehy_63_m.jpg,BrianDennehy,63,63,Senior,Male
3962_BrianDennehy_64_m.jpg,BrianDennehy,64,64,Senior,Male
3963_BrianDennehy_65_m.jpg,BrianDennehy,65,65,Senior,Male
3964_BrianDennehy_66_m.jpg,BrianDennehy,66,66,Senior,Male
3965_BrianDennehy_67_m.jpg,BrianDennehy,67,67,Senior,Male
3966_BrianDennehy_67_m.jpg,BrianDennehy,67,67,Senior,Male
3967_BrianDennehy_68_m.jpg,BrianDennehy,68,68,Senior,Male
3968_BrianDennehy_69_m.jpg,BrianDennehy,69,69,Senior,Male
3969_BrianDennehy_70_m.jpg,BrianDennehy,70,70,Senior,Male
396_SteveJobsb_55_m.jpg,SteveJobsb,55,55,Middle,Male
3970_BrianDennehy_71_m.jpg,BrianDennehy,71,71,Elderly,Male
3971_BrianDennehy_72_m.jpg,BrianDennehy,72,72,Elderly,Male
3972_BrianDennehy_73_m.jpg,BrianDennehy,73,73,Elderly,Male
3973_BrianDennehy_76_m.jpg,BrianDennehy,76,76,Elderly,Male
3974_BurtReynolds_21_m.jpg,BurtReynolds,21,21,Adult,Male
3975_BurtReynolds_24_m.jpg,BurtReynolds,24,24,Adult,Male
3976_BurtReynolds_26_m.jpg,BurtReynolds,26,26,Adult,Male
3977_BurtReynolds_27_m.jpg,BurtReynolds,27,27,Adult,Male
3978_BurtReynolds_28_m.jpg,BurtReynolds,28,28,Adult,Male
3979_BurtReynolds_29_m.jpg,BurtReynolds,29,29,Adult,Male
397_SteveJobsb_33_m.jpg,SteveJobsb,33,33,Adult,Male
3980_BurtReynolds_31_m.jpg,BurtReynolds,31,31,Adult,Male
3981_BurtReynolds_33_m.jpg,BurtReynolds,33,33,Adult,Male
3982_BurtReynolds_34_m.jpg,BurtReynolds,34,34,Adult,Male
3983_BurtReynolds_36_m.jpg,BurtReynolds,36,36,Middle,Male
3984_BurtReynolds_37_m.jpg,BurtReynolds,37,37,Middle,Male
3985_BurtReynolds_38_m.jpg,BurtReynolds,38,38,Middle,Male
3986_BurtReynolds_42_m.jpg,BurtReynolds,42,42,Middle,Male
3987_BurtReynolds_44_m.jpg,BurtReynolds,44,44,Middle,Male
3988_BurtReynolds_49_m.jpg,BurtReynolds,49,49,Middle,Male
3989_BurtReynolds_50_m.jpg,BurtReynolds,50,50,Middle,Male
398_SteveJobsb_52_m.jpg,SteveJobsb,52,52,Middle,Male
3990_BurtReynolds_52_m.jpg,BurtReynolds,52,52,Middle,Male
3991_BurtReynolds_55_m.jpg,BurtReynolds,55,55,Middle,Male
3992_BurtReynolds_57_m.jpg,BurtReynolds,57,57,Senior,Male
3993_BurtReynolds_61_m.jpg,BurtReynolds,61,61,Senior,Male
3994_BurtReynolds_62_m.jpg,BurtReynolds,62,62,Senior,Male
3995_BurtReynolds_64_m.jpg,BurtReynolds,64,64,Senior,Male
3996_BurtReynolds_67_m.jpg,BurtReynolds,67,67,Senior,Male
3997_BurtReynolds_68_m.jpg,BurtReynolds,68,68,Senior,Male
3998_BurtReynolds_68_m.jpg,BurtReynolds,68,68,Senior,Male
3999_BurtReynolds_69_m.jpg,BurtReynolds,69,69,Senior,Male
399_SteveJobsb_19_m.jpg,SteveJobsb,19,19,Adult,Male
4000_BurtReynolds_70_m.jpg,BurtReynolds,70,70,Senior,Male
4001_BurtReynolds_73_m.jpg,BurtReynolds,73,73,Elderly,Male
4002_BurtReynolds_74_m.jpg,BurtReynolds,74,74,Elderly,Male
4003_BurtReynolds_75_m.jpg,BurtReynolds,75,75,Elderly,Male
4004_BurtReynolds_77_m.jpg,BurtReynolds,77,77,Elderly,Male
4005_BurtReynolds_78_m.jpg,BurtReynolds,78,78,Elderly,Male
4006_BurtReynolds_37_m.jpg,BurtReynolds,37,37,Middle,Male
4007_BurtReynolds_39_m.jpg,BurtReynolds,39,39,Middle,Male
4008_BurtReynolds_46_m.jpg,BurtReynolds,46,46,Middle,Male
4009_BurtReynolds_51_m.jpg,BurtReynolds,51,51,Middle,Male
400_SteveJobsb_29_m.jpg,SteveJobsb,29,29,Adult,Male
4010_BurtReynolds_59_m.jpg,BurtReynolds,59,59,Senior,Male
4011_BurtReynolds_65_m.jpg,BurtReynolds,65,65,Senior,Male
4012_BurtReynolds_71_m.jpg,BurtReynolds,71,71,Elderly,Male
4013_BurtReynolds_72_m.jpg,BurtReynolds,72,72,Elderly,Male
4014_CharlieSheen_7_m.jpg,CharlieSheen,7,7,Child,Male
4015_CharlieSheen_16_m.jpg,CharlieSheen,16,16,Juvenile,Male
4016_CharlieSheen_17_m.jpg,CharlieSheen,17,17,Juvenile,Male
4017_CharlieSheen_18_m.jpg,CharlieSheen,18,18,Adult,Male
4018_CharlieSheen_19_m.jpg,CharlieSheen,19,19,Adult,Male
4019_CharlieSheen_20_m.jpg,CharlieSheen,20,20,Adult,Male
401_SteveJobsb_32_m.jpg,SteveJobsb,32,32,Adult,Male
4020_CharlieSheen_21_m.jpg,CharlieSheen,21,21,Adult,Male
4021_CharlieSheen_22_m.jpg,CharlieSheen,22,22,Adult,Male
4022_CharlieSheen_23_m.jpg,CharlieSheen,23,23,Adult,Male
4023_CharlieSheen_24_m.jpg,CharlieSheen,24,24,Adult,Male
4024_CharlieSheen_25_m.jpg,CharlieSheen,25,25,Adult,Male
4025_CharlieSheen_26_m.jpg,CharlieSheen,26,26,Adult,Male
4026_CharlieSheen_28_m.jpg,CharlieSheen,28,28,Adult,Male
4027_CharlieSheen_29_m.jpg,CharlieSheen,29,29,Adult,Male
4028_CharlieSheen_30_m.jpg,CharlieSheen,30,30,Adult,Male
4029_CharlieSheen_31_m.jpg,CharlieSheen,31,31,Adult,Male
402_SteveJobsb_47_m.jpg,SteveJobsb,47,47,Middle,Male
4030_CharlieSheen_32_m.jpg,CharlieSheen,32,32,Adult,Male
4031_CharlieSheen_34_m.jpg,CharlieSheen,34,34,Adult,Male
4032_CharlieSheen_35_m.jpg,CharlieSheen,35,35,Adult,Male
4033_CharlieSheen_36_m.jpg,CharlieSheen,36,36,Middle,Male
4034_CharlieSheen_37_m.jpg,CharlieSheen,37,37,Middle,Male
4035_CharlieSheen_38_m.jpg,CharlieSheen,38,38,Middle,Male
4036_CharlieSheen_39_m.jpg,CharlieSheen,39,39,Middle,Male
4037_CharlieSheen_40_m.jpg,CharlieSheen,40,40,Middle,Male
4038_CharlieSheen_41_m.jpg,CharlieSheen,41,41,Middle,Male
4039_CharlieSheen_42_m.jpg,CharlieSheen,42,42,Middle,Male
403_SteveJobsb_50_m.jpg,SteveJobsb,50,50,Middle,Male
4040_CharlieSheen_44_m.jpg,CharlieSheen,44,44,Middle,Male
4041_CharlieSheen_45_m.jpg,CharlieSheen,45,45,Middle,Male
4042_CharlieSheen_46_m.jpg,CharlieSheen,46,46,Middle,Male
4043_CharlieSheen_47_m.jpg,CharlieSheen,47,47,Middle,Male
4044_CharlieSheen_47_m.jpg,CharlieSheen,47,47,Middle,Male
4045_CharlieSheen_48_m.jpg,CharlieSheen,48,48,Middle,Male
4046_CharlieSheen_48_m.jpg,CharlieSheen,48,48,Middle,Male
4047_CharlieSheen_49_m.jpg,CharlieSheen,49,49,Middle,Male
4048_CharlieSheen_49_m.jpg,CharlieSheen,49,49,Middle,Male
4049_CharlieSheen_50_m.jpg,CharlieSheen,50,50,Middle,Male
404_SteveJobsb_28_m.jpg,SteveJobsb,28,28,Adult,Male
4050_ClintWalker_24_m.jpg,ClintWalker,24,24,Adult,Male
4051_ClintWalker_27_m.jpg,ClintWalker,27,27,Adult,Male
4052_ClintWalker_29_m.jpg,ClintWalker,29,29,Adult,Male
4053_ClintWalker_30_m.jpg,ClintWalker,30,30,Adult,Male
4054_ClintWalker_31_m.jpg,ClintWalker,31,31,Adult,Male
4055_ClintWalker_32_m.jpg,ClintWalker,32,32,Adult,Male
4056_ClintWalker_33_m.jpg,ClintWalker,33,33,Adult,Male
4057_ClintWalker_34_m.jpg,ClintWalker,34,34,Adult,Male
4058_ClintWalker_35_m.jpg,ClintWalker,35,35,Adult,Male
4059_ClintWalker_36_m.jpg,ClintWalker,36,36,Middle,Male
405_SteveJobsb_30_m.jpg,SteveJobsb,30,30,Adult,Male
4060_ClintWalker_37_m.jpg,ClintWalker,37,37,Middle,Male
4061_ClintWalker_38_m.jpg,ClintWalker,38,38,Middle,Male
4062_ClintWalker_39_m.jpg,ClintWalker,39,39,Middle,Male
4063_ClintWalker_40_m.jpg,ClintWalker,40,40,Middle,Male
4064_ClintWalker_41_m.jpg,ClintWalker,41,41,Middle,Male
4065_ClintWalker_42_m.jpg,ClintWalker,42,42,Middle,Male
4066_ClintWalker_43_m.jpg,ClintWalker,43,43,Middle,Male
4067_ClintWalker_44_m.jpg,ClintWalker,44,44,Middle,Male
4068_ClintWalker_45_m.jpg,ClintWalker,45,45,Middle,Male
4069_ClintWalker_49_m.jpg,ClintWalker,49,49,Middle,Male
406_SteveJobsb_38_m.jpg,SteveJobsb,38,38,Middle,Male
4070_ClintWalker_50_m.jpg,ClintWalker,50,50,Middle,Male
4071_ClintWalker_51_m.jpg,ClintWalker,51,51,Middle,Male
4072_ClintWalker_54_m.jpg,ClintWalker,54,54,Middle,Male
4073_ClintWalker_56_m.jpg,ClintWalker,56,56,Senior,Male
4074_ClintWalker_60_m.jpg,ClintWalker,60,60,Senior,Male
4075_ClintWalker_63_m.jpg,ClintWalker,63,63,Senior,Male
4076_ClintWalker_68_m.jpg,ClintWalker,68,68,Senior,Male
4077_ClintWalker_71_m.jpg,ClintWalker,71,71,Elderly,Male
4078_ClintWalker_73_m.jpg,ClintWalker,73,73,Elderly,Male
4079_ClintWalker_75_m.jpg,ClintWalker,75,75,Elderly,Male
407_SteveJobsb_17_m.jpg,SteveJobsb,17,17,Juvenile,Male
4080_ClintWalker_76_m.jpg,ClintWalker,76,76,Elderly,Male
4081_ClintWalker_77_m.jpg,ClintWalker,77,77,Elderly,Male
4082_ClintWalker_78_m.jpg,ClintWalker,78,78,Elderly,Male
4083_ClintWalker_79_m.jpg,ClintWalker,79,79,Elderly,Male
4084_ClintWalker_80_m.jpg,ClintWalker,80,80,Elderly,Male
4085_ClintWalker_83_m.jpg,ClintWalker,83,83,Elderly,Male
4086_ClintWalker_87_m.jpg,ClintWalker,87,87,Elderly,Male
408_SteveJobsb_56_m.jpg,SteveJobsb,56,56,Senior,Male
409_SteveJobsb_20_m.jpg,SteveJobsb,20,20,Adult,Male
4123_GenaRowlands_25_m.jpg,GenaRowlands,25,25,Adult,Male
4124_GenaRowlands_28_m.jpg,GenaRowlands,28,28,Adult,Male
4125_GenaRowlands_29_m.jpg,GenaRowlands,29,29,Adult,Male
4126_GenaRowlands_30_m.jpg,GenaRowlands,30,30,Adult,Male
4127_GenaRowlands_31_m.jpg,GenaRowlands,31,31,Adult,Male
4128_GenaRowlands_32_m.jpg,GenaRowlands,32,32,Adult,Male
4129_GenaRowlands_33_m.jpg,GenaRowlands,33,33,Adult,Male
4130_GenaRowlands_34_m.jpg,GenaRowlands,34,34,Adult,Male
4131_GenaRowlands_35_m.jpg,GenaRowlands,35,35,Adult,Male
4132_GenaRowlands_37_m.jpg,GenaRowlands,37,37,Middle,Male
4133_GenaRowlands_38_m.jpg,GenaRowlands,38,38,Middle,Male
4134_GenaRowlands_39_m.jpg,GenaRowlands,39,39,Middle,Male
4135_GenaRowlands_41_m.jpg,GenaRowlands,41,41,Middle,Male
4136_GenaRowlands_44_m.jpg,GenaRowlands,44,44,Middle,Male
4137_GenaRowlands_45_m.jpg,GenaRowlands,45,45,Middle,Male
4138_GenaRowlands_48_m.jpg,GenaRowlands,48,48,Middle,Male
4139_GenaRowlands_49_m.jpg,GenaRowlands,49,49,Middle,Male
4140_GenaRowlands_50_m.jpg,GenaRowlands,50,50,Middle,Male
4141_GenaRowlands_52_m.jpg,GenaRowlands,52,52,Middle,Male
4142_GenaRowlands_54_m.jpg,GenaRowlands,54,54,Middle,Male
4143_GenaRowlands_55_m.jpg,GenaRowlands,55,55,Middle,Male
4144_GenaRowlands_56_m.jpg,GenaRowlands,56,56,Senior,Male
4145_GenaRowlands_57_m.jpg,GenaRowlands,57,57,Senior,Male
4146_GenaRowlands_58_m.jpg,GenaRowlands,58,58,Senior,Male
4147_GenaRowlands_61_m.jpg,GenaRowlands,61,61,Senior,Male
4148_GenaRowlands_62_m.jpg,GenaRowlands,62,62,Senior,Male
4149_GenaRowlands_64_m.jpg,GenaRowlands,64,64,Senior,Male
4150_GenaRowlands_66_m.jpg,GenaRowlands,66,66,Senior,Male
4151_GenaRowlands_67_m.jpg,GenaRowlands,67,67,Senior,Male
4152_GenaRowlands_68_m.jpg,GenaRowlands,68,68,Senior,Male
4153_GenaRowlands_70_m.jpg,GenaRowlands,70,70,Senior,Male
4154_GenaRowlands_71_m.jpg,GenaRowlands,71,71,Elderly,Male
4155_GenaRowlands_72_m.jpg,GenaRowlands,72,72,Elderly,Male
4156_GenaRowlands_73_m.jpg,GenaRowlands,73,73,Elderly,Male
4157_GenaRowlands_74_m.jpg,GenaRowlands,74,74,Elderly,Male
4158_GenaRowlands_76_m.jpg,GenaRowlands,76,76,Elderly,Male
4159_GenaRowlands_77_m.jpg,GenaRowlands,77,77,Elderly,Male
4160_GenaRowlands_79_m.jpg,GenaRowlands,79,79,Elderly,Male
4161_GenaRowlands_81_m.jpg,GenaRowlands,81,81,Elderly,Male
4162_GenaRowlands_83_m.jpg,GenaRowlands,83,83,Elderly,Male
4163_GenaRowlands_84_m.jpg,GenaRowlands,84,84,Elderly,Male
4164_GenaRowlands_85_m.jpg,GenaRowlands,85,85,Elderly,Male
4165_HarrisonFord_32_m.jpg,HarrisonFord,32,32,Adult,Male
4166_HarrisonFord_35_m.jpg,HarrisonFord,35,35,Adult,Male
4167_HarrisonFord_39_m.jpg,HarrisonFord,39,39,Middle,Male
4168_HarrisonFord_42_m.jpg,HarrisonFord,42,42,Middle,Male
4169_HarrisonFord_43_m.jpg,HarrisonFord,43,43,Middle,Male
4170_HarrisonFord_43_m.jpg,HarrisonFord,43,43,Middle,Male
4171_HarrisonFord_47_m.jpg,HarrisonFord,47,47,Middle,Male
4172_HarrisonFord_51_m.jpg,HarrisonFord,51,51,Middle,Male
4173_HarrisonFord_55_m.jpg,HarrisonFord,55,55,Middle,Male
4174_HarrisonFord_56_m.jpg,HarrisonFord,56,56,Senior,Male
4175_HarrisonFord_58_m.jpg,HarrisonFord,58,58,Senior,Male
4176_HarrisonFord_66_m.jpg,HarrisonFord,66,66,Senior,Male
4177_HarrisonFord_68_m.jpg,HarrisonFord,68,68,Senior,Male
4178_HarrisonFord_63_m.jpg,HarrisonFord,63,63,Senior,Male
4179_HarrisonFord_40_m.jpg,HarrisonFord,40,40,Middle,Male
4180_HarveyKeitel_28_m.jpg,HarveyKeitel,28,28,Adult,Male
4181_HarveyKeitel_30_m.jpg,HarveyKeitel,30,30,Adult,Male
4182_HarveyKeitel_31_m.jpg,HarveyKeitel,31,31,Adult,Male
4183_HarveyKeitel_36_m.jpg,HarveyKeitel,36,36,Middle,Male
4184_HarveyKeitel_37_m.jpg,HarveyKeitel,37,37,Middle,Male
4185_HarveyKeitel_39_m.jpg,HarveyKeitel,39,39,Middle,Male
4186_HarveyKeitel_39_m.jpg,HarveyKeitel,39,39,Middle,Male
4187_HarveyKeitel_41_m.jpg,HarveyKeitel,41,41,Middle,Male
4188_HarveyKeitel_43_m.jpg,HarveyKeitel,43,43,Middle,Male
4189_HarveyKeitel_44_m.jpg,HarveyKeitel,44,44,Middle,Male
4190_HarveyKeitel_45_m.jpg,HarveyKeitel,45,45,Middle,Male
4191_HarveyKeitel_47_m.jpg,HarveyKeitel,47,47,Middle,Male
4192_HarveyKeitel_48_m.jpg,HarveyKeitel,48,48,Middle,Male
4193_HarveyKeitel_50_m.jpg,HarveyKeitel,50,50,Middle,Male
4194_HarveyKeitel_51_m.jpg,HarveyKeitel,51,51,Middle,Male
4195_HarveyKeitel_52_m.jpg,HarveyKeitel,52,52,Middle,Male
4196_HarveyKeitel_56_m.jpg,HarveyKeitel,56,56,Senior,Male
4197_HarveyKeitel_57_m.jpg,HarveyKeitel,57,57,Senior,Male
4198_HarveyKeitel_58_m.jpg,HarveyKeitel,58,58,Senior,Male
4199_HarveyKeitel_61_m.jpg,HarveyKeitel,61,61,Senior,Male
4200_HarveyKeitel_61_m.jpg,HarveyKeitel,61,61,Senior,Male
4201_HarveyKeitel_62_m.jpg,HarveyKeitel,62,62,Senior,Male
4202_HarveyKeitel_63_m.jpg,HarveyKeitel,63,63,Senior,Male
4203_HarveyKeitel_64_m.jpg,HarveyKeitel,64,64,Senior,Male
4204_HarveyKeitel_65_m.jpg,HarveyKeitel,65,65,Senior,Male
4205_HarveyKeitel_65_m.jpg,HarveyKeitel,65,65,Senior,Male
4206_HarveyKeitel_66_m.jpg,HarveyKeitel,66,66,Senior,Male
4207_HarveyKeitel_67_m.jpg,HarveyKeitel,67,67,Senior,Male
4208_HarveyKeitel_68_m.jpg,HarveyKeitel,68,68,Senior,Male
4209_HarveyKeitel_68_m.jpg,HarveyKeitel,68,68,Senior,Male
4210_HarveyKeitel_69_m.jpg,HarveyKeitel,69,69,Senior,Male
4211_HarveyKeitel_73_m.jpg,HarveyKeitel,73,73,Elderly,Male
4259_KevinCostner_24_m.jpg,KevinCostner,24,24,Adult,Male
4260_KevinCostner_25_m.jpg,KevinCostner,25,25,Adult,Male
4261_KevinCostner_27_m.jpg,KevinCostner,27,27,Adult,Male
4262_KevinCostner_28_m.jpg,KevinCostner,28,28,Adult,Male
4263_KevinCostner_31_m.jpg,KevinCostner,31,31,Adult,Male
4264_KevinCostner_32_m.jpg,KevinCostner,32,32,Adult,Male
4265_KevinCostner_32_m.jpg,KevinCostner,32,32,Adult,Male
4266_KevinCostner_35_m.jpg,KevinCostner,35,35,Adult,Male
4267_KevinCostner_36_m.jpg,KevinCostner,36,36,Middle,Male
4268_KevinCostner_36_m.jpg,KevinCostner,36,36,Middle,Male
4269_KevinCostner_37_m.jpg,KevinCostner,37,37,Middle,Male
4270_KevinCostner_37_m.jpg,KevinCostner,37,37,Middle,Male
4271_KevinCostner_38_m.jpg,KevinCostner,38,38,Middle,Male
4272_KevinCostner_39_m.jpg,KevinCostner,39,39,Middle,Male
4273_KevinCostner_44_m.jpg,KevinCostner,44,44,Middle,Male
4274_KevinCostner_45_m.jpg,KevinCostner,45,45,Middle,Male
4275_KevinCostner_47_m.jpg,KevinCostner,47,47,Middle,Male
4276_KevinCostner_48_m.jpg,KevinCostner,48,48,Middle,Male
4277_KevinCostner_48_m.jpg,KevinCostner,48,48,Middle,Male
4278_KevinCostner_50_m.jpg,KevinCostner,50,50,Middle,Male
4279_KevinCostner_51_m.jpg,KevinCostner,51,51,Middle,Male
4280_KevinCostner_52_m.jpg,KevinCostner,52,52,Middle,Male
4281_KevinCostner_53_m.jpg,KevinCostner,53,53,Middle,Male
4282_KevinCostner_55_m.jpg,KevinCostner,55,55,Middle,Male
4283_KevinCostner_57_m.jpg,KevinCostner,57,57,Senior,Male
4284_KevinCostner_58_m.jpg,KevinCostner,58,58,Senior,Male
4285_KevinCostner_59_m.jpg,KevinCostner,59,59,Senior,Male
4286_KevinCostner_59_m.jpg,KevinCostner,59,59,Senior,Male
4304_MichaelPalin_17_m.jpg,MichaelPalin,17,17,Juvenile,Male
4305_MichaelPalin_25_m.jpg,MichaelPalin,25,25,Adult,Male
4306_MichaelPalin_26_m.jpg,MichaelPalin,26,26,Adult,Male
4307_MichaelPalin_28_m.jpg,MichaelPalin,28,28,Adult,Male
4308_MichaelPalin_29_m.jpg,MichaelPalin,29,29,Adult,Male
4309_MichaelPalin_30_m.jpg,MichaelPalin,30,30,Adult,Male
4310_MichaelPalin_31_m.jpg,MichaelPalin,31,31,Adult,Male
4311_MichaelPalin_32_m.jpg,MichaelPalin,32,32,Adult,Male
4312_MichaelPalin_33_m.jpg,MichaelPalin,33,33,Adult,Male
4313_MichaelPalin_34_m.jpg,MichaelPalin,34,34,Adult,Male
4314_MichaelPalin_35_m.jpg,MichaelPalin,35,35,Adult,Male
4315_MichaelPalin_36_m.jpg,MichaelPalin,36,36,Middle,Male
4316_MichaelPalin_38_m.jpg,MichaelPalin,38,38,Middle,Male
4317_MichaelPalin_40_m.jpg,MichaelPalin,40,40,Middle,Male
4318_MichaelPalin_41_m.jpg,MichaelPalin,41,41,Middle,Male
4319_MichaelPalin_42_m.jpg,MichaelPalin,42,42,Middle,Male
4320_MichaelPalin_45_m.jpg,MichaelPalin,45,45,Middle,Male
4321_MichaelPalin_46_m.jpg,MichaelPalin,46,46,Middle,Male
4322_MichaelPalin_47_m.jpg,MichaelPalin,47,47,Middle,Male
4323_MichaelPalin_48_m.jpg,MichaelPalin,48,48,Middle,Male
4324_MichaelPalin_49_m.jpg,MichaelPalin,49,49,Middle,Male
4325_MichaelPalin_51_m.jpg,MichaelPalin,51,51,Middle,Male
4326_MichaelPalin_52_m.jpg,MichaelPalin,52,52,Middle,Male
4327_MichaelPalin_54_m.jpg,MichaelPalin,54,54,Middle,Male
4328_MichaelPalin_54_m.jpg,MichaelPalin,54,54,Middle,Male
4329_MichaelPalin_55_m.jpg,MichaelPalin,55,55,Middle,Male
4330_MichaelPalin_59_m.jpg,MichaelPalin,59,59,Senior,Male
4331_MichaelPalin_61_m.jpg,MichaelPalin,61,61,Senior,Male
4332_MichaelPalin_62_m.jpg,MichaelPalin,62,62,Senior,Male
4333_MichaelPalin_63_m.jpg,MichaelPalin,63,63,Senior,Male
4334_MichaelPalin_67_m.jpg,MichaelPalin,67,67,Senior,Male
4335_MichaelPalin_69_m.jpg,MichaelPalin,69,69,Senior,Male
4336_MichaelPalin_71_m.jpg,MichaelPalin,71,71,Elderly,Male
4337_RalphMacchio_14_m.jpg,RalphMacchio,14,14,Juvenile,Male
4338_RalphMacchio_15_m.jpg,RalphMacchio,15,15,Juvenile,Male
4339_RalphMacchio_16_m.jpg,RalphMacchio,16,16,Juvenile,Male
4340_RalphMacchio_17_m.jpg,RalphMacchio,17,17,Juvenile,Male
4341_RalphMacchio_18_m.jpg,RalphMacchio,18,18,Adult,Male
4342_RalphMacchio_19_m.jpg,RalphMacchio,19,19,Adult,Male
4343_RalphMacchio_20_m.jpg,RalphMacchio,20,20,Adult,Male
4344_RalphMacchio_22_m.jpg,RalphMacchio,22,22,Adult,Male
4345_RalphMacchio_23_m.jpg,RalphMacchio,23,23,Adult,Male
4346_RalphMacchio_24_m.jpg,RalphMacchio,24,24,Adult,Male
4347_RalphMacchio_27_m.jpg,RalphMacchio,27,27,Adult,Male
4348_RalphMacchio_28_m.jpg,RalphMacchio,28,28,Adult,Male
4349_RalphMacchio_29_m.jpg,RalphMacchio,29,29,Adult,Male
4350_RalphMacchio_30_m.jpg,RalphMacchio,30,30,Adult,Male
4351_RalphMacchio_31_m.jpg,RalphMacchio,31,31,Adult,Male
4352_RalphMacchio_32_m.jpg,RalphMacchio,32,32,Adult,Male
4353_RalphMacchio_34_m.jpg,RalphMacchio,34,34,Adult,Male
4354_RalphMacchio_37_m.jpg,RalphMacchio,37,37,Middle,Male
4355_RalphMacchio_39_m.jpg,RalphMacchio,39,39,Middle,Male
4356_RalphMacchio_41_m.jpg,RalphMacchio,41,41,Middle,Male
4357_RalphMacchio_42_m.jpg,RalphMacchio,42,42,Middle,Male
4358_RalphMacchio_43_m.jpg,RalphMacchio,43,43,Middle,Male
4359_RalphMacchio_44_m.jpg,RalphMacchio,44,44,Middle,Male
4360_RalphMacchio_45_m.jpg,RalphMacchio,45,45,Middle,Male
4361_RalphMacchio_46_m.jpg,RalphMacchio,46,46,Middle,Male
4362_RalphMacchio_47_m.jpg,RalphMacchio,47,47,Middle,Male
4363_RalphMacchio_48_m.jpg,RalphMacchio,48,48,Middle,Male
4364_RalphMacchio_49_m.jpg,RalphMacchio,49,49,Middle,Male
4365_RalphMacchio_50_m.jpg,RalphMacchio,50,50,Middle,Male
4366_RalphMacchio_51_m.jpg,RalphMacchio,51,51,Middle,Male
4367_RalphMacchio_52_m.jpg,RalphMacchio,52,52,Middle,Male
4368_RalphMacchio_53_m.jpg,RalphMacchio,53,53,Middle,Male
4369_RalphMacchio_54_m.jpg,RalphMacchio,54,54,Middle,Male
4370_RobertDuvall_30_m.jpg,RobertDuvall,30,30,Adult,Male
4371_RobertDuvall_30_m.jpg,RobertDuvall,30,30,Adult,Male
4372_RobertDuvall_31_m.jpg,RobertDuvall,31,31,Adult,Male
4373_RobertDuvall_35_m.jpg,RobertDuvall,35,35,Adult,Male
4374_RobertDuvall_37_m.jpg,RobertDuvall,37,37,Middle,Male
4375_RobertDuvall_38_m.jpg,RobertDuvall,38,38,Middle,Male
4376_RobertDuvall_40_m.jpg,RobertDuvall,40,40,Middle,Male
4377_RobertDuvall_41_m.jpg,RobertDuvall,41,41,Middle,Male
4378_RobertDuvall_41_m.jpg,RobertDuvall,41,41,Middle,Male
4379_RobertDuvall_42_m.jpg,RobertDuvall,42,42,Middle,Male
4380_RobertDuvall_45_m.jpg,RobertDuvall,45,45,Middle,Male
4381_RobertDuvall_48_m.jpg,RobertDuvall,48,48,Middle,Male
4382_RobertDuvall_50_m.jpg,RobertDuvall,50,50,Middle,Male
4383_RobertDuvall_53_m.jpg,RobertDuvall,53,53,Middle,Male
4384_RobertDuvall_55_m.jpg,RobertDuvall,55,55,Middle,Male
4385_RobertDuvall_56_m.jpg,RobertDuvall,56,56,Senior,Male
4386_RobertDuvall_58_m.jpg,RobertDuvall,58,58,Senior,Male
4387_RobertDuvall_60_m.jpg,RobertDuvall,60,60,Senior,Male
4388_RobertDuvall_61_m.jpg,RobertDuvall,61,61,Senior,Male
4389_RobertDuvall_62_m.jpg,RobertDuvall,62,62,Senior,Male
4390_RobertDuvall_64_m.jpg,RobertDuvall,64,64,Senior,Male
4391_RobertDuvall_65_m.jpg,RobertDuvall,65,65,Senior,Male
4392_RobertDuvall_65_m.jpg,RobertDuvall,65,65,Senior,Male
4393_RobertDuvall_67_m.jpg,RobertDuvall,67,67,Senior,Male
4394_RobertDuvall_71_m.jpg,RobertDuvall,71,71,Elderly,Male
4395_RobertDuvall_72_m.jpg,RobertDuvall,72,72,Elderly,Male
4396_RobertDuvall_73_m.jpg,RobertDuvall,73,73,Elderly,Male
4397_RobertDuvall_75_m.jpg,RobertDuvall,75,75,Elderly,Male
4398_RobertDuvall_77_m.jpg,RobertDuvall,77,77,Elderly,Male
4399_RobertDuvall_78_m.jpg,RobertDuvall,78,78,Elderly,Male
43_Pele_66_m.jpg,Pele,66,66,Senior,Male
4400_RobertDuvall_79_m.jpg,RobertDuvall,79,79,Elderly,Male
4401_RobertPowell_11_m.jpg,RobertPowell,11,11,Child,Male
4402_RobertPowell_24_m.jpg,RobertPowell,24,24,Adult,Male
4403_RobertPowell_25_m.jpg,RobertPowell,25,25,Adult,Male
4404_RobertPowell_26_m.jpg,RobertPowell,26,26,Adult,Male
4405_RobertPowell_28_m.jpg,RobertPowell,28,28,Adult,Male
4406_RobertPowell_29_m.jpg,RobertPowell,29,29,Adult,Male
4407_RobertPowell_30_m.jpg,RobertPowell,30,30,Adult,Male
4408_RobertPowell_32_m.jpg,RobertPowell,32,32,Adult,Male
4409_RobertPowell_33_m.jpg,RobertPowell,33,33,Adult,Male
4410_RobertPowell_34_m.jpg,RobertPowell,34,34,Adult,Male
4411_RobertPowell_35_m.jpg,RobertPowell,35,35,Adult,Male
4412_RobertPowell_36_m.jpg,RobertPowell,36,36,Middle,Male
4413_RobertPowell_37_m.jpg,RobertPowell,37,37,Middle,Male
4414_RobertPowell_38_m.jpg,RobertPowell,38,38,Middle,Male
4415_RobertPowell_39_m.jpg,RobertPowell,39,39,Middle,Male
4416_RobertPowell_40_m.jpg,RobertPowell,40,40,Middle,Male
4417_RobertPowell_42_m.jpg,RobertPowell,42,42,Middle,Male
4418_RobertPowell_43_m.jpg,RobertPowell,43,43,Middle,Male
4419_RobertPowell_44_m.jpg,RobertPowell,44,44,Middle,Male
4420_RobertPowell_46_m.jpg,RobertPowell,46,46,Middle,Male
4421_RobertPowell_47_m.jpg,RobertPowell,47,47,Middle,Male
4422_RobertPowell_49_m.jpg,RobertPowell,49,49,Middle,Male
4423_RobertPowell_51_m.jpg,RobertPowell,51,51,Middle,Male
4424_RobertPowell_54_m.jpg,RobertPowell,54,54,Middle,Male
4425_RobertPowell_56_m.jpg,RobertPowell,56,56,Senior,Male
4426_RobertPowell_61_m.jpg,RobertPowell,61,61,Senior,Male
4427_RobertPowell_63_m.jpg,RobertPowell,63,63,Senior,Male
4428_RobertPowell_64_m.jpg,RobertPowell,64,64,Senior,Male
4429_RobertPowell_65_m.jpg,RobertPowell,65,65,Senior,Male
4430_RobertPowell_67_m.jpg,RobertPowell,67,67,Senior,Male
4431_RobertPowell_69_m.jpg,RobertPowell,69,69,Senior,Male
443_BerryGordy_38_m.jpg,BerryGordy,38,38,Middle,Male
444_BerryGordy_36_m.jpg,BerryGordy,36,36,Middle,Male
4458_WilliamDafoe_26_m.jpg,WilliamDafoe,26,26,Adult,Male
4459_WilliamDafoe_27_m.jpg,WilliamDafoe,27,27,Adult,Male
445_BerryGordy_79_m.jpg,BerryGordy,79,79,Elderly,Male
4460_WilliamDafoe_27_m.jpg,WilliamDafoe,27,27,Adult,Male
4461_WilliamDafoe_29_m.jpg,WilliamDafoe,29,29,Adult,Male
4462_WilliamDafoe_29_m.jpg,WilliamDafoe,29,29,Adult,Male
4463_WilliamDafoe_30_m.jpg,WilliamDafoe,30,30,Adult,Male
4464_WilliamDafoe_30_m.jpg,WilliamDafoe,30,30,Adult,Male
4465_WilliamDafoe_34_m.jpg,WilliamDafoe,34,34,Adult,Male
4466_WilliamDafoe_36_m.jpg,WilliamDafoe,36,36,Middle,Male
4467_WilliamDafoe_36_m.jpg,WilliamDafoe,36,36,Middle,Male
4468_WilliamDafoe_37_m.jpg,WilliamDafoe,37,37,Middle,Male
4469_WilliamDafoe_38_m.jpg,WilliamDafoe,38,38,Middle,Male
446_BerryGordy_29_m.jpg,BerryGordy,29,29,Adult,Male
4470_WilliamDafoe_42_m.jpg,WilliamDafoe,42,42,Middle,Male
4471_WilliamDafoe_42_m.jpg,WilliamDafoe,42,42,Middle,Male
4472_WilliamDafoe_44_m.jpg,WilliamDafoe,44,44,Middle,Male
4473_WilliamDafoe_45_m.jpg,WilliamDafoe,45,45,Middle,Male
4474_WilliamDafoe_46_m.jpg,WilliamDafoe,46,46,Middle,Male
4475_WilliamDafoe_47_m.jpg,WilliamDafoe,47,47,Middle,Male
4476_WilliamDafoe_48_m.jpg,WilliamDafoe,48,48,Middle,Male
4477_WilliamDafoe_49_m.jpg,WilliamDafoe,49,49,Middle,Male
4478_WilliamDafoe_49_m.jpg,WilliamDafoe,49,49,Middle,Male
4479_WilliamDafoe_51_m.jpg,WilliamDafoe,51,51,Middle,Male
447_BerryGordy_72_m.jpg,BerryGordy,72,72,Elderly,Male
4480_WilliamDafoe_51_m.jpg,WilliamDafoe,51,51,Middle,Male
4481_WilliamDafoe_52_m.jpg,WilliamDafoe,52,52,Middle,Male
4482_WilliamDafoe_54_m.jpg,WilliamDafoe,54,54,Middle,Male
4483_WilliamDafoe_59_m.jpg,WilliamDafoe,59,59,Senior,Male
4484_CarlosSantana_12_m.jpg,CarlosSantana,12,12,Child,Male
4485_CarlosSantana_14_m.jpg,CarlosSantana,14,14,Juvenile,Male
4486_CarlosSantana_16_m.jpg,CarlosSantana,16,16,Juvenile,Male
4487_CarlosSantana_20_m.jpg,CarlosSantana,20,20,Adult,Male
4488_CarlosSantana_22_m.jpg,CarlosSantana,22,22,Adult,Male
4489_CarlosSantana_22_m.jpg,CarlosSantana,22,22,Adult,Male
448_BerryGordy_83_m.jpg,BerryGordy,83,83,Elderly,Male
4490_CarlosSantana_25_m.jpg,CarlosSantana,25,25,Adult,Male
4491_CarlosSantana_26_m.jpg,CarlosSantana,26,26,Adult,Male
4492_CarlosSantana_27_m.jpg,CarlosSantana,27,27,Adult,Male
4493_CarlosSantana_33_m.jpg,CarlosSantana,33,33,Adult,Male
4494_CarlosSantana_35_m.jpg,CarlosSantana,35,35,Adult,Male
4495_CarlosSantana_46_m.jpg,CarlosSantana,46,46,Middle,Male
4496_CarlosSantana_49_m.jpg,CarlosSantana,49,49,Middle,Male
4497_CarlosSantana_53_m.jpg,CarlosSantana,53,53,Middle,Male
4498_CarlosSantana_55_m.jpg,CarlosSantana,55,55,Middle,Male
4499_CarlosSantana_60_m.jpg,CarlosSantana,60,60,Senior,Male
449_BerryGordy_28_m.jpg,BerryGordy,28,28,Adult,Male
44_Pele_68_m.jpg,Pele,68,68,Senior,Male
4500_CarlosSantana_62_m.jpg,CarlosSantana,62,62,Senior,Male
4501_CarlosSantana_63_m.jpg,CarlosSantana,63,63,Senior,Male
4502_CarlosSantana_66_m.jpg,CarlosSantana,66,66,Senior,Male
4503_CarlosSantana_68_m.jpg,CarlosSantana,68,68,Senior,Male
4504_CarlosSantana_29_m.jpg,CarlosSantana,29,29,Adult,Male
4505_CarlosSantana_31_m.jpg,CarlosSantana,31,31,Adult,Male
4506_CarlosSantana_37_m.jpg,CarlosSantana,37,37,Middle,Male
4507_CarlosSantana_40_m.jpg,CarlosSantana,40,40,Middle,Male
4508_CarlosSantana_43_m.jpg,CarlosSantana,43,43,Middle,Male
4509_CarlosSantana_48_m.jpg,CarlosSantana,48,48,Middle,Male
450_BerryGordy_40_m.jpg,BerryGordy,40,40,Middle,Male
4510_CarlosSantana_51_m.jpg,CarlosSantana,51,51,Middle,Male
4511_CarlosSantana_52_m.jpg,CarlosSantana,52,52,Middle,Male
4512_CarlosSantana_54_m.jpg,CarlosSantana,54,54,Middle,Male
4513_CarlosSantana_56_m.jpg,CarlosSantana,56,56,Senior,Male
4514_CarlosSantana_58_m.jpg,CarlosSantana,58,58,Senior,Male
4515_CarlosSantana_61_m.jpg,CarlosSantana,61,61,Senior,Male
4516_CarlosSantana_67_m.jpg,CarlosSantana,67,67,Senior,Male
4517_DustinHoffman_29_m.jpg,DustinHoffman,29,29,Adult,Male
4518_DustinHoffman_60_m.jpg,DustinHoffman,60,60,Senior,Male
4519_DustinHoffman_76_m.jpg,DustinHoffman,76,76,Elderly,Male
451_BerryGordy_38_m.jpg,BerryGordy,38,38,Middle,Male
4520_DustinHoffman_38_m.jpg,DustinHoffman,38,38,Middle,Male
4521_DustinHoffman_71_m.jpg,DustinHoffman,71,71,Elderly,Male
4522_DustinHoffman_43_m.jpg,DustinHoffman,43,43,Middle,Male
4523_DustinHoffman_30_m.jpg,DustinHoffman,30,30,Adult,Male
4524_DustinHoffman_29_m.jpg,DustinHoffman,29,29,Adult,Male
4525_DustinHoffman_48_m.jpg,DustinHoffman,48,48,Middle,Male
4526_DustinHoffman_36_m.jpg,DustinHoffman,36,36,Middle,Male
4527_DustinHoffman_60_m.jpg,DustinHoffman,60,60,Senior,Male
4528_DustinHoffman_62_m.jpg,DustinHoffman,62,62,Senior,Male
4529_DustinHoffman_57_m.jpg,DustinHoffman,57,57,Senior,Male
452_BerryGordy_45_m.jpg,BerryGordy,45,45,Middle,Male
4530_DustinHoffman_42_m.jpg,DustinHoffman,42,42,Middle,Male
4531_DustinHoffman_54_m.jpg,DustinHoffman,54,54,Middle,Male
4532_DustinHoffman_60_m.jpg,DustinHoffman,60,60,Senior,Male
4533_DustinHoffman_30_m.jpg,DustinHoffman,30,30,Adult,Male
4534_DustinHoffman_37_m.jpg,DustinHoffman,37,37,Middle,Male
4535_DustinHoffman_42_m.jpg,DustinHoffman,42,42,Middle,Male
4536_DustinHoffman_37_m.jpg,DustinHoffman,37,37,Middle,Male
4537_DustinHoffman_32_m.jpg,DustinHoffman,32,32,Adult,Male
4538_DustinHoffman_45_m.jpg,DustinHoffman,45,45,Middle,Male
4539_DustinHoffman_54_m.jpg,DustinHoffman,54,54,Middle,Male
453_BerryGordy_41_m.jpg,BerryGordy,41,41,Middle,Male
4540_DustinHoffman_40_m.jpg,DustinHoffman,40,40,Middle,Male
4541_DustinHoffman_18_m.jpg,DustinHoffman,18,18,Adult,Male
4542_DustinHoffman_37_m.jpg,DustinHoffman,37,37,Middle,Male
4543_ElliottGould_28_m.jpg,ElliottGould,28,28,Adult,Male
4544_ElliottGould_30_m.jpg,ElliottGould,30,30,Adult,Male
4545_ElliottGould_31_m.jpg,ElliottGould,31,31,Adult,Male
4546_ElliottGould_32_m.jpg,ElliottGould,32,32,Adult,Male
4547_ElliottGould_34_m.jpg,ElliottGould,34,34,Adult,Male
4548_ElliottGould_76_m.jpg,ElliottGould,76,76,Elderly,Male
4549_Fernandel_10_m.jpg,Fernandel,10,10,Child,Male
454_BerryGordy_23_m.jpg,BerryGordy,23,23,Adult,Male
4550_Fernandel_29_m.jpg,Fernandel,29,29,Adult,Male
4551_Fernandel_30_m.jpg,Fernandel,30,30,Adult,Male
4552_Fernandel_31_m.jpg,Fernandel,31,31,Adult,Male
4553_Fernandel_32_m.jpg,Fernandel,32,32,Adult,Male
4554_Fernandel_33_m.jpg,Fernandel,33,33,Adult,Male
4555_Fernandel_34_m.jpg,Fernandel,34,34,Adult,Male
4556_Fernandel_35_m.jpg,Fernandel,35,35,Adult,Male
4557_Fernandel_37_m.jpg,Fernandel,37,37,Middle,Male
4558_Fernandel_39_m.jpg,Fernandel,39,39,Middle,Male
4559_Fernandel_40_m.jpg,Fernandel,40,40,Middle,Male
455_BerryGordy_43_m.jpg,BerryGordy,43,43,Middle,Male
4560_Fernandel_42_m.jpg,Fernandel,42,42,Middle,Male
4561_Fernandel_43_m.jpg,Fernandel,43,43,Middle,Male
4562_Fernandel_44_m.jpg,Fernandel,44,44,Middle,Male
4563_Fernandel_45_m.jpg,Fernandel,45,45,Middle,Male
4564_Fernandel_46_m.jpg,Fernandel,46,46,Middle,Male
4565_Fernandel_47_m.jpg,Fernandel,47,47,Middle,Male
4566_Fernandel_48_m.jpg,Fernandel,48,48,Middle,Male
4567_Fernandel_49_m.jpg,Fernandel,49,49,Middle,Male
4568_Fernandel_50_m.jpg,Fernandel,50,50,Middle,Male
4569_Fernandel_51_m.jpg,Fernandel,51,51,Middle,Male
456_BerryGordy_80_m.jpg,BerryGordy,80,80,Elderly,Male
4570_Fernandel_52_m.jpg,Fernandel,52,52,Middle,Male
4571_Fernandel_53_m.jpg,Fernandel,53,53,Middle,Male
4572_Fernandel_54_m.jpg,Fernandel,54,54,Middle,Male
4573_Fernandel_55_m.jpg,Fernandel,55,55,Middle,Male
4574_Fernandel_56_m.jpg,Fernandel,56,56,Senior,Male
4575_Fernandel_57_m.jpg,Fernandel,57,57,Senior,Male
4576_Fernandel_59_m.jpg,Fernandel,59,59,Senior,Male
4577_Fernandel_60_m.jpg,Fernandel,60,60,Senior,Male
4578_Fernandel_61_m.jpg,Fernandel,61,61,Senior,Male
4579_Fernandel_62_m.jpg,Fernandel,62,62,Senior,Male
457_BerryGordy_76_m.jpg,BerryGordy,76,76,Elderly,Male
4580_Fernandel_66_m.jpg,Fernandel,66,66,Senior,Male
4581_GordonThomson_35_m.jpg,GordonThomson,35,35,Adult,Male
4582_GordonThomson_36_m.jpg,GordonThomson,36,36,Middle,Male
4583_GordonThomson_37_m.jpg,GordonThomson,37,37,Middle,Male
4584_GordonThomson_38_m.jpg,GordonThomson,38,38,Middle,Male
4585_GordonThomson_39_m.jpg,GordonThomson,39,39,Middle,Male
4586_GordonThomson_40_m.jpg,GordonThomson,40,40,Middle,Male
4587_GordonThomson_41_m.jpg,GordonThomson,41,41,Middle,Male
4588_GordonThomson_41_m.jpg,GordonThomson,41,41,Middle,Male
4589_GordonThomson_42_m.jpg,GordonThomson,42,42,Middle,Male
458_BerryGordy_19_m.jpg,BerryGordy,19,19,Adult,Male
4590_GordonThomson_43_m.jpg,GordonThomson,43,43,Middle,Male
4591_GordonThomson_44_m.jpg,GordonThomson,44,44,Middle,Male
4592_GordonThomson_45_m.jpg,GordonThomson,45,45,Middle,Male
4593_GordonThomson_46_m.jpg,GordonThomson,46,46,Middle,Male
4594_GordonThomson_50_m.jpg,GordonThomson,50,50,Middle,Male
4595_GordonThomson_53_m.jpg,GordonThomson,53,53,Middle,Male
4596_GordonThomson_55_m.jpg,GordonThomson,55,55,Middle,Male
4597_GordonThomson_57_m.jpg,GordonThomson,57,57,Senior,Male
4598_GordonThomson_60_m.jpg,GordonThomson,60,60,Senior,Male
4599_GordonThomson_61_m.jpg,GordonThomson,61,61,Senior,Male
459_BerryGordy_62_m.jpg,BerryGordy,62,62,Senior,Male
45_Pele_21_m.jpg,Pele,21,21,Adult,Male
4600_GordonThomson_62_m.jpg,GordonThomson,62,62,Senior,Male
4601_GordonThomson_63_m.jpg,GordonThomson,63,63,Senior,Male
4602_GordonThomson_64_m.jpg,GordonThomson,64,64,Senior,Male
4603_GordonThomson_65_m.jpg,GordonThomson,65,65,Senior,Male
4604_GordonThomson_66_m.jpg,GordonThomson,66,66,Senior,Male
4605_GordonThomson_67_m.jpg,GordonThomson,67,67,Senior,Male
4606_GordonThomson_68_m.jpg,GordonThomson,68,68,Senior,Male
4607_GordonThomson_69_m.jpg,GordonThomson,69,69,Senior,Male
4608_GordonThomson_70_m.jpg,GordonThomson,70,70,Senior,Male
460_BerryGordy_52_m.jpg,BerryGordy,52,52,Middle,Male
461_BerryGordy_46_m.jpg,BerryGordy,46,46,Middle,Male
462_BerryGordy_78_m.jpg,BerryGordy,78,78,Elderly,Male
46_Pele_35_m.jpg,Pele,35,35,Adult,Male
4701_KostasVoutsas_61_m.jpg,KostasVoutsas,61,61,Senior,Male
4702_KostasVoutsas_32_m.jpg,KostasVoutsas,32,32,Adult,Male
4703_KostasVoutsas_53_m.jpg,KostasVoutsas,53,53,Middle,Male
4704_KostasVoutsas_62_m.jpg,KostasVoutsas,62,62,Senior,Male
4705_KostasVoutsas_40_m.jpg,KostasVoutsas,40,40,Middle,Male
4706_KostasVoutsas_60_m.jpg,KostasVoutsas,60,60,Senior,Male
4707_KostasVoutsas_58_m.jpg,KostasVoutsas,58,58,Senior,Male
4708_KostasVoutsas_32_m.jpg,KostasVoutsas,32,32,Adult,Male
4709_KostasVoutsas_32_m.jpg,KostasVoutsas,32,32,Adult,Male
4710_KostasVoutsas_60_m.jpg,KostasVoutsas,60,60,Senior,Male
4711_KostasVoutsas_48_m.jpg,KostasVoutsas,48,48,Middle,Male
4712_KostasVoutsas_70_m.jpg,KostasVoutsas,70,70,Senior,Male
4713_KostasVoutsas_80_m.jpg,KostasVoutsas,80,80,Elderly,Male
4714_KostasVoutsas_35_m.jpg,KostasVoutsas,35,35,Adult,Male
4715_KostasVoutsas_33_m.jpg,KostasVoutsas,33,33,Adult,Male
4716_KostasVoutsas_60_m.jpg,KostasVoutsas,60,60,Senior,Male
4717_KostasVoutsas_65_m.jpg,KostasVoutsas,65,65,Senior,Male
4718_KostasVoutsas_65_m.jpg,KostasVoutsas,65,65,Senior,Male
4719_KostasVoutsas_52_m.jpg,KostasVoutsas,52,52,Middle,Male
4720_MichaelCaine_60_m.jpg,MichaelCaine,60,60,Senior,Male
4721_MichaelCaine_66_m.jpg,MichaelCaine,66,66,Senior,Male
4722_MichaelCaine_52_m.jpg,MichaelCaine,52,52,Middle,Male
4723_MichaelCaine_78_m.jpg,MichaelCaine,78,78,Elderly,Male
4724_MichaelCaine_32_m.jpg,MichaelCaine,32,32,Adult,Male
4725_MichaelCaine_33_m.jpg,MichaelCaine,33,33,Adult,Male
4726_MichaelCaine_79_m.jpg,MichaelCaine,79,79,Elderly,Male
4727_MichaelCaine_32_m.jpg,MichaelCaine,32,32,Adult,Male
4728_MichaelCaine_75_m.jpg,MichaelCaine,75,75,Elderly,Male
4729_MichaelCaine_50_m.jpg,MichaelCaine,50,50,Middle,Male
4730_MichaelCaine_70_m.jpg,MichaelCaine,70,70,Senior,Male
4731_MichaelCaine_39_m.jpg,MichaelCaine,39,39,Middle,Male
4732_MichelPiccoli_30_m.jpg,MichelPiccoli,30,30,Adult,Male
4733_MichelPiccoli_31_m.jpg,MichelPiccoli,31,31,Adult,Male
4734_MichelPiccoli_32_m.jpg,MichelPiccoli,32,32,Adult,Male
4735_MichelPiccoli_33_m.jpg,MichelPiccoli,33,33,Adult,Male
4736_MichelPiccoli_34_m.jpg,MichelPiccoli,34,34,Adult,Male
4737_MichelPiccoli_35_m.jpg,MichelPiccoli,35,35,Adult,Male
4738_MichelPiccoli_36_m.jpg,MichelPiccoli,36,36,Middle,Male
4739_MichelPiccoli_37_m.jpg,MichelPiccoli,37,37,Middle,Male
4740_MichelPiccoli_38_m.jpg,MichelPiccoli,38,38,Middle,Male
4741_MichelPiccoli_38_m.jpg,MichelPiccoli,38,38,Middle,Male
4742_MichelPiccoli_38_m.jpg,MichelPiccoli,38,38,Middle,Male
4743_MichelPiccoli_39_m.jpg,MichelPiccoli,39,39,Middle,Male
4744_MichelPiccoli_40_m.jpg,MichelPiccoli,40,40,Middle,Male
4745_MichelPiccoli_41_m.jpg,MichelPiccoli,41,41,Middle,Male
4746_MichelPiccoli_41_m.jpg,MichelPiccoli,41,41,Middle,Male
4747_MichelPiccoli_42_m.jpg,MichelPiccoli,42,42,Middle,Male
4748_MichelPiccoli_43_m.jpg,MichelPiccoli,43,43,Middle,Male
4749_MichelPiccoli_44_m.jpg,MichelPiccoli,44,44,Middle,Male
4750_MichelPiccoli_45_m.jpg,MichelPiccoli,45,45,Middle,Male
4751_MichelPiccoli_46_m.jpg,MichelPiccoli,46,46,Middle,Male
4752_MichelPiccoli_47_m.jpg,MichelPiccoli,47,47,Middle,Male
4753_MichelPiccoli_48_m.jpg,MichelPiccoli,48,48,Middle,Male
4754_MichelPiccoli_49_m.jpg,MichelPiccoli,49,49,Middle,Male
4755_MichelPiccoli_50_m.jpg,MichelPiccoli,50,50,Middle,Male
4756_MichelPiccoli_50_m.jpg,MichelPiccoli,50,50,Middle,Male
4757_MichelPiccoli_51_m.jpg,MichelPiccoli,51,51,Middle,Male
4758_MichelPiccoli_52_m.jpg,MichelPiccoli,52,52,Middle,Male
4759_MichelPiccoli_53_m.jpg,MichelPiccoli,53,53,Middle,Male
4760_MichelPiccoli_54_m.jpg,MichelPiccoli,54,54,Middle,Male
4761_MichelPiccoli_55_m.jpg,MichelPiccoli,55,55,Middle,Male
4762_MichelPiccoli_56_m.jpg,MichelPiccoli,56,56,Senior,Male
4763_MichelPiccoli_57_m.jpg,MichelPiccoli,57,57,Senior,Male
4764_MichelPiccoli_57_m.jpg,MichelPiccoli,57,57,Senior,Male
4765_MichelPiccoli_58_m.jpg,MichelPiccoli,58,58,Senior,Male
4766_MichelPiccoli_59_m.jpg,MichelPiccoli,59,59,Senior,Male
4767_MichelPiccoli_60_m.jpg,MichelPiccoli,60,60,Senior,Male
4768_MichelPiccoli_61_m.jpg,MichelPiccoli,61,61,Senior,Male
4769_MichelPiccoli_62_m.jpg,MichelPiccoli,62,62,Senior,Male
4770_MichelPiccoli_63_m.jpg,MichelPiccoli,63,63,Senior,Male
4771_MichelPiccoli_64_m.jpg,MichelPiccoli,64,64,Senior,Male
4772_MichelPiccoli_65_m.jpg,MichelPiccoli,65,65,Senior,Male
4773_MichelPiccoli_66_m.jpg,MichelPiccoli,66,66,Senior,Male
4774_MichelPiccoli_66_m.jpg,MichelPiccoli,66,66,Senior,Male
4775_MichelPiccoli_70_m.jpg,MichelPiccoli,70,70,Senior,Male
4776_MichelPiccoli_72_m.jpg,MichelPiccoli,72,72,Elderly,Male
4777_MichelPiccoli_81_m.jpg,MichelPiccoli,81,81,Elderly,Male
4778_MichelPiccoli_82_m.jpg,MichelPiccoli,82,82,Elderly,Male
4779_MichelPiccoli_83_m.jpg,MichelPiccoli,83,83,Elderly,Male
4780_MichelPiccoli_86_m.jpg,MichelPiccoli,86,86,Elderly,Male
4781_MichelPiccoli_86_m.jpg,MichelPiccoli,86,86,Elderly,Male
4782_MichelPiccoli_87_m.jpg,MichelPiccoli,87,87,Elderly,Male
4783_PierceBrosnan_26_m.jpg,PierceBrosnan,26,26,Adult,Male
4784_PierceBrosnan_27_m.jpg,PierceBrosnan,27,27,Adult,Male
4785_PierceBrosnan_29_m.jpg,PierceBrosnan,29,29,Adult,Male
4786_PierceBrosnan_30_m.jpg,PierceBrosnan,30,30,Adult,Male
4787_PierceBrosnan_31_m.jpg,PierceBrosnan,31,31,Adult,Male
4788_PierceBrosnan_32_m.jpg,PierceBrosnan,32,32,Adult,Male
4789_PierceBrosnan_33_m.jpg,PierceBrosnan,33,33,Adult,Male
4790_PierceBrosnan_34_m.jpg,PierceBrosnan,34,34,Adult,Male
4791_PierceBrosnan_35_m.jpg,PierceBrosnan,35,35,Adult,Male
4792_PierceBrosnan_36_m.jpg,PierceBrosnan,36,36,Middle,Male
4793_PierceBrosnan_37_m.jpg,PierceBrosnan,37,37,Middle,Male
4794_PierceBrosnan_39_m.jpg,PierceBrosnan,39,39,Middle,Male
4795_PierceBrosnan_40_m.jpg,PierceBrosnan,40,40,Middle,Male
4796_PierceBrosnan_41_m.jpg,PierceBrosnan,41,41,Middle,Male
4797_PierceBrosnan_42_m.jpg,PierceBrosnan,42,42,Middle,Male
4798_PierceBrosnan_43_m.jpg,PierceBrosnan,43,43,Middle,Male
4799_PierceBrosnan_44_m.jpg,PierceBrosnan,44,44,Middle,Male
47_Pele_55_m.jpg,Pele,55,55,Middle,Male
4800_PierceBrosnan_46_m.jpg,PierceBrosnan,46,46,Middle,Male
4801_PierceBrosnan_47_m.jpg,PierceBrosnan,47,47,Middle,Male
4802_PierceBrosnan_48_m.jpg,PierceBrosnan,48,48,Middle,Male
4803_PierceBrosnan_49_m.jpg,PierceBrosnan,49,49,Middle,Male
4804_PierceBrosnan_49_m.jpg,PierceBrosnan,49,49,Middle,Male
4805_PierceBrosnan_50_m.jpg,PierceBrosnan,50,50,Middle,Male
4806_PierceBrosnan_51_m.jpg,PierceBrosnan,51,51,Middle,Male
4807_PierceBrosnan_52_m.jpg,PierceBrosnan,52,52,Middle,Male
4808_PierceBrosnan_52_m.jpg,PierceBrosnan,52,52,Middle,Male
4809_PierceBrosnan_53_m.jpg,PierceBrosnan,53,53,Middle,Male
4810_PierceBrosnan_53_m.jpg,PierceBrosnan,53,53,Middle,Male
4811_PierceBrosnan_54_m.jpg,PierceBrosnan,54,54,Middle,Male
4812_PierceBrosnan_55_m.jpg,PierceBrosnan,55,55,Middle,Male
4813_PierceBrosnan_56_m.jpg,PierceBrosnan,56,56,Senior,Male
4814_PierceBrosnan_57_m.jpg,PierceBrosnan,57,57,Senior,Male
4815_PierceBrosnan_57_m.jpg,PierceBrosnan,57,57,Senior,Male
4816_PierceBrosnan_58_m.jpg,PierceBrosnan,58,58,Senior,Male
4817_PierceBrosnan_59_m.jpg,PierceBrosnan,59,59,Senior,Male
4818_PierceBrosnan_60_m.jpg,PierceBrosnan,60,60,Senior,Male
4819_PierceBrosnan_61_m.jpg,PierceBrosnan,61,61,Senior,Male
4820_RobertRedford_27_m.jpg,RobertRedford,27,27,Adult,Male
4821_RobertRedford_28_m.jpg,RobertRedford,28,28,Adult,Male
4822_RobertRedford_31_m.jpg,RobertRedford,31,31,Adult,Male
4823_RobertRedford_33_m.jpg,RobertRedford,33,33,Adult,Male
4824_RobertRedford_34_m.jpg,RobertRedford,34,34,Adult,Male
4825_RobertRedford_40_m.jpg,RobertRedford,40,40,Middle,Male
4826_RobertRedford_37_m.jpg,RobertRedford,37,37,Middle,Male
4827_RobertRedford_37_m.jpg,RobertRedford,37,37,Middle,Male
4828_RobertRedford_45_m.jpg,RobertRedford,45,45,Middle,Male
4829_RobertRedford_48_m.jpg,RobertRedford,48,48,Middle,Male
4830_RobertRedford_49_m.jpg,RobertRedford,49,49,Middle,Male
4831_RobertRedford_51_m.jpg,RobertRedford,51,51,Middle,Male
4832_RobertRedford_54_m.jpg,RobertRedford,54,54,Middle,Male
4833_RobertRedford_56_m.jpg,RobertRedford,56,56,Senior,Male
4834_RobertRedford_64_m.jpg,RobertRedford,64,64,Senior,Male
4835_RobertRedford_66_m.jpg,RobertRedford,66,66,Senior,Male
4836_RobertRedford_70_m.jpg,RobertRedford,70,70,Senior,Male
4837_RobertRedford_71_m.jpg,RobertRedford,71,71,Elderly,Male
4838_RobertRedford_72_m.jpg,RobertRedford,72,72,Elderly,Male
4839_RobertRedford_73_m.jpg,RobertRedford,73,73,Elderly,Male
483_motherTereza_78_f.jpg,motherTereza,78,78,Elderly,Female
4840_RobertRedford_74_m.jpg,RobertRedford,74,74,Elderly,Male
4841_RobertRedford_75_m.jpg,RobertRedford,75,75,Elderly,Male
4842_RobertRedford_77_m.jpg,RobertRedford,77,77,Elderly,Male
4843_RobertRedford_10_m.jpg,RobertRedford,10,10,Child,Male
4844_RobertRedford_36_m.jpg,RobertRedford,36,36,Middle,Male
4845_RobertRedford_38_m.jpg,RobertRedford,38,38,Middle,Male
4846_RobertRedford_68_m.jpg,RobertRedford,68,68,Senior,Male
4847_RobertRedford_77_m.jpg,RobertRedford,77,77,Elderly,Male
4848_RobertRedford_29_m.jpg,RobertRedford,29,29,Adult,Male
4849_RobertRedford_52_m.jpg,RobertRedford,52,52,Middle,Male
484_motherTereza_76_f.jpg,motherTereza,76,76,Elderly,Female
4850_RogerMoore_84_m.jpg,RogerMoore,84,84,Elderly,Male
4851_RogerMoore_33_m.jpg,RogerMoore,33,33,Adult,Male
4852_RogerMoore_46_m.jpg,RogerMoore,46,46,Middle,Male
4853_RogerMoore_85_m.jpg,RogerMoore,85,85,Elderly,Male
4854_RogerMoore_70_m.jpg,RogerMoore,70,70,Senior,Male
4855_RogerMoore_40_m.jpg,RogerMoore,40,40,Middle,Male
4856_RogerMoore_28_m.jpg,RogerMoore,28,28,Adult,Male
4857_RogerMoore_42_m.jpg,RogerMoore,42,42,Middle,Male
4858_RogerMoore_75_m.jpg,RogerMoore,75,75,Elderly,Male
4859_RogerMoore_43_m.jpg,RogerMoore,43,43,Middle,Male
485_motherTereza_72_f.jpg,motherTereza,72,72,Elderly,Female
4860_RogerMoore_50_m.jpg,RogerMoore,50,50,Middle,Male
4861_RogerMoore_51_m.jpg,RogerMoore,51,51,Middle,Male
4862_RogerMoore_35_m.jpg,RogerMoore,35,35,Adult,Male
4863_RogerMoore_39_m.jpg,RogerMoore,39,39,Middle,Male
4864_RogerMoore_42_m.jpg,RogerMoore,42,42,Middle,Male
4865_RogerMoore_46_m.jpg,RogerMoore,46,46,Middle,Male
4866_RogerMoore_51_m.jpg,RogerMoore,51,51,Middle,Male
4867_RogerMoore_52_m.jpg,RogerMoore,52,52,Middle,Male
4868_RogerMoore_51_m.jpg,RogerMoore,51,51,Middle,Male
4869_RogerMoore_46_m.jpg,RogerMoore,46,46,Middle,Male
486_motherTereza_76_f.jpg,motherTereza,76,76,Elderly,Female
4870_RogerMoore_67_m.jpg,RogerMoore,67,67,Senior,Male
4871_RogerMoore_32_m.jpg,RogerMoore,32,32,Adult,Male
4872_RogerMoore_40_m.jpg,RogerMoore,40,40,Middle,Male
4873_RogerMoore_47_m.jpg,RogerMoore,47,47,Middle,Male
4874_RogerMoore_81_m.jpg,RogerMoore,81,81,Elderly,Male
4875_RomanPolanski_21_m.jpg,RomanPolanski,21,21,Adult,Male
4876_RomanPolanski_22_m.jpg,RomanPolanski,22,22,Adult,Male
4877_RomanPolanski_23_m.jpg,RomanPolanski,23,23,Adult,Male
4878_RomanPolanski_25_m.jpg,RomanPolanski,25,25,Adult,Male
4879_RomanPolanski_26_m.jpg,RomanPolanski,26,26,Adult,Male
487_motherTereza_75_f.jpg,motherTereza,75,75,Elderly,Female
4880_RomanPolanski_27_m.jpg,RomanPolanski,27,27,Adult,Male
4881_RomanPolanski_28_m.jpg,RomanPolanski,28,28,Adult,Male
4882_RomanPolanski_29_m.jpg,RomanPolanski,29,29,Adult,Male
4883_RomanPolanski_30_m.jpg,RomanPolanski,30,30,Adult,Male
4884_RomanPolanski_32_m.jpg,RomanPolanski,32,32,Adult,Male
4885_RomanPolanski_33_m.jpg,RomanPolanski,33,33,Adult,Male
4886_RomanPolanski_34_m.jpg,RomanPolanski,34,34,Adult,Male
4887_RomanPolanski_35_m.jpg,RomanPolanski,35,35,Adult,Male
4888_RomanPolanski_38_m.jpg,RomanPolanski,38,38,Middle,Male
4889_RomanPolanski_39_m.jpg,RomanPolanski,39,39,Middle,Male
488_motherTereza_45_f.jpg,motherTereza,45,45,Middle,Female
4890_RomanPolanski_31_m.jpg,RomanPolanski,31,31,Adult,Male
4891_RomanPolanski_35_m.jpg,RomanPolanski,35,35,Adult,Male
4892_RomanPolanski_36_m.jpg,RomanPolanski,36,36,Middle,Male
4893_RomanPolanski_37_m.jpg,RomanPolanski,37,37,Middle,Male
4894_RomanPolanski_39_m.jpg,RomanPolanski,39,39,Middle,Male
4895_RomanPolanski_40_m.jpg,RomanPolanski,40,40,Middle,Male
4896_RomanPolanski_40_m.jpg,RomanPolanski,40,40,Middle,Male
4897_RomanPolanski_41_m.jpg,RomanPolanski,41,41,Middle,Male
4898_RomanPolanski_42_m.jpg,RomanPolanski,42,42,Middle,Male
4899_RomanPolanski_43_m.jpg,RomanPolanski,43,43,Middle,Male
489_motherTereza_72_f.jpg,motherTereza,72,72,Elderly,Female
48_Pele_71_m.jpg,Pele,71,71,Elderly,Male
4900_RomanPolanski_44_m.jpg,RomanPolanski,44,44,Middle,Male
4901_RomanPolanski_46_m.jpg,RomanPolanski,46,46,Middle,Male
4902_RomanPolanski_47_m.jpg,RomanPolanski,47,47,Middle,Male
4903_RomanPolanski_48_m.jpg,RomanPolanski,48,48,Middle,Male
4904_RomanPolanski_49_m.jpg,RomanPolanski,49,49,Middle,Male
4905_RomanPolanski_50_m.jpg,RomanPolanski,50,50,Middle,Male
4906_RomanPolanski_51_m.jpg,RomanPolanski,51,51,Middle,Male
4907_RomanPolanski_52_m.jpg,RomanPolanski,52,52,Middle,Male
4908_RomanPolanski_53_m.jpg,RomanPolanski,53,53,Middle,Male
4909_RomanPolanski_54_m.jpg,RomanPolanski,54,54,Middle,Male
490_motherTereza_50_f.jpg,motherTereza,50,50,Middle,Female
4910_RomanPolanski_55_m.jpg,RomanPolanski,55,55,Middle,Male
4911_RomanPolanski_55_m.jpg,RomanPolanski,55,55,Middle,Male
4912_RomanPolanski_59_m.jpg,RomanPolanski,59,59,Senior,Male
4913_RomanPolanski_62_m.jpg,RomanPolanski,62,62,Senior,Male
4914_RomanPolanski_65_m.jpg,RomanPolanski,65,65,Senior,Male
4915_RomanPolanski_67_m.jpg,RomanPolanski,67,67,Senior,Male
4916_RomanPolanski_69_m.jpg,RomanPolanski,69,69,Senior,Male
4917_RomanPolanski_71_m.jpg,RomanPolanski,71,71,Elderly,Male
4918_RomanPolanski_73_m.jpg,RomanPolanski,73,73,Elderly,Male
4919_RomanPolanski_74_m.jpg,RomanPolanski,74,74,Elderly,Male
491_motherTereza_11_f.jpg,motherTereza,11,11,Child,Female
4920_RomanPolanski_75_m.jpg,RomanPolanski,75,75,Elderly,Male
4921_RomanPolanski_76_m.jpg,RomanPolanski,76,76,Elderly,Male
4922_RomanPolanski_77_m.jpg,RomanPolanski,77,77,Elderly,Male
4923_RomanPolanski_78_m.jpg,RomanPolanski,78,78,Elderly,Male
4924_RomanPolanski_79_m.jpg,RomanPolanski,79,79,Elderly,Male
4925_RomanPolanski_80_m.jpg,RomanPolanski,80,80,Elderly,Male
4926_StevenBerkoff_12_m.jpg,StevenBerkoff,12,12,Child,Male
4927_StevenBerkoff_28_m.jpg,StevenBerkoff,28,28,Adult,Male
4928_StevenBerkoff_30_m.jpg,StevenBerkoff,30,30,Adult,Male
4929_StevenBerkoff_31_m.jpg,StevenBerkoff,31,31,Adult,Male
492_motherTereza_73_f.jpg,motherTereza,73,73,Elderly,Female
4930_StevenBerkoff_32_m.jpg,StevenBerkoff,32,32,Adult,Male
4931_StevenBerkoff_33_m.jpg,StevenBerkoff,33,33,Adult,Male
4932_StevenBerkoff_34_m.jpg,StevenBerkoff,34,34,Adult,Male
4933_StevenBerkoff_38_m.jpg,StevenBerkoff,38,38,Middle,Male
4934_StevenBerkoff_41_m.jpg,StevenBerkoff,41,41,Middle,Male
4935_StevenBerkoff_43_m.jpg,StevenBerkoff,43,43,Middle,Male
4936_StevenBerkoff_44_m.jpg,StevenBerkoff,44,44,Middle,Male
4937_StevenBerkoff_45_m.jpg,StevenBerkoff,45,45,Middle,Male
4938_StevenBerkoff_46_m.jpg,StevenBerkoff,46,46,Middle,Male
4939_StevenBerkoff_47_m.jpg,StevenBerkoff,47,47,Middle,Male
493_motherTereza_70_f.jpg,motherTereza,70,70,Senior,Female
4940_StevenBerkoff_48_m.jpg,StevenBerkoff,48,48,Middle,Male
4941_StevenBerkoff_51_m.jpg,StevenBerkoff,51,51,Middle,Male
4942_StevenBerkoff_53_m.jpg,StevenBerkoff,53,53,Middle,Male
4943_StevenBerkoff_56_m.jpg,StevenBerkoff,56,56,Senior,Male
4944_StevenBerkoff_59_m.jpg,StevenBerkoff,59,59,Senior,Male
4945_StevenBerkoff_63_m.jpg,StevenBerkoff,63,63,Senior,Male
4946_StevenBerkoff_68_m.jpg,StevenBerkoff,68,68,Senior,Male
4947_StevenBerkoff_69_m.jpg,StevenBerkoff,69,69,Senior,Male
4948_StevenBerkoff_70_m.jpg,StevenBerkoff,70,70,Senior,Male
4949_StevenBerkoff_71_m.jpg,StevenBerkoff,71,71,Elderly,Male
494_motherTereza_85_f.jpg,motherTereza,85,85,Elderly,Female
4950_StevenBerkoff_58_m.jpg,StevenBerkoff,58,58,Senior,Male
4951_StevenBerkoff_61_m.jpg,StevenBerkoff,61,61,Senior,Male
4952_StevenBerkoff_64_m.jpg,StevenBerkoff,64,64,Senior,Male
4953_StevenBerkoff_65_m.jpg,StevenBerkoff,65,65,Senior,Male
4954_StevenBerkoff_67_m.jpg,StevenBerkoff,67,67,Senior,Male
4955_StevenBerkoff_72_m.jpg,StevenBerkoff,72,72,Elderly,Male
4956_StevenBerkoff_73_m.jpg,StevenBerkoff,73,73,Elderly,Male
4957_StevenBerkoff_74_m.jpg,StevenBerkoff,74,74,Elderly,Male
4958_StevenBerkoff_75_m.jpg,StevenBerkoff,75,75,Elderly,Male
4959_StevenBerkoff_76_m.jpg,StevenBerkoff,76,76,Elderly,Male
495_motherTereza_82_f.jpg,motherTereza,82,82,Elderly,Female
4960_StevenBerkoff_77_m.jpg,StevenBerkoff,77,77,Elderly,Male
4961_StevenBerkoff_78_m.jpg,StevenBerkoff,78,78,Elderly,Male
496_motherTereza_15_f.jpg,motherTereza,15,15,Juvenile,Female
497_motherTereza_18_f.jpg,motherTereza,18,18,Adult,Female
498_motherTereza_70_f.jpg,motherTereza,70,70,Senior,Female
499_motherTereza_72_f.jpg,motherTereza,72,72,Elderly,Female
49_Pele_21_m.jpg,Pele,21,21,Adult,Male
500_motherTereza_73_f.jpg,motherTereza,73,73,Elderly,Female
501_motherTereza_68_f.jpg,motherTereza,68,68,Senior,Female
502_motherTereza_69_f.jpg,motherTereza,69,69,Senior,Female
5031_AnthonyAndrews_25_m.jpg,AnthonyAndrews,25,25,Adult,Male
5032_AnthonyAndrews_27_m.jpg,AnthonyAndrews,27,27,Adult,Male
5033_AnthonyAndrews_29_m.jpg,AnthonyAndrews,29,29,Adult,Male
5034_AnthonyAndrews_31_m.jpg,AnthonyAndrews,31,31,Adult,Male
5035_AnthonyAndrews_32_m.jpg,AnthonyAndrews,32,32,Adult,Male
5036_AnthonyAndrews_33_m.jpg,AnthonyAndrews,33,33,Adult,Male
5037_AnthonyAndrews_34_m.jpg,AnthonyAndrews,34,34,Adult,Male
5038_AnthonyAndrews_35_m.jpg,AnthonyAndrews,35,35,Adult,Male
5039_AnthonyAndrews_36_m.jpg,AnthonyAndrews,36,36,Middle,Male
503_motherTereza_68_f.jpg,motherTereza,68,68,Senior,Female
5040_AnthonyAndrews_37_m.jpg,AnthonyAndrews,37,37,Middle,Male
5041_AnthonyAndrews_55_m.jpg,AnthonyAndrews,55,55,Middle,Male
5042_AnthonyAndrews_60_m.jpg,AnthonyAndrews,60,60,Senior,Male
5043_AnthonyAndrews_63_m.jpg,AnthonyAndrews,63,63,Senior,Male
5044_AnthonyAndrews_66_m.jpg,AnthonyAndrews,66,66,Senior,Male
5045_AnthonyAndrews_47_m.jpg,AnthonyAndrews,47,47,Middle,Male
5046_AnthonyAndrews_51_m.jpg,AnthonyAndrews,51,51,Middle,Male
5047_AnthonyAndrews_54_m.jpg,AnthonyAndrews,54,54,Middle,Male
5048_AnthonyAndrews_57_m.jpg,AnthonyAndrews,57,57,Senior,Male
5049_AnthonyAndrews_65_m.jpg,AnthonyAndrews,65,65,Senior,Male
504_motherTereza_15_f.jpg,motherTereza,15,15,Juvenile,Female
5050_AnthonyAndrews_39_m.jpg,AnthonyAndrews,39,39,Middle,Male
5051_AnthonyAndrews_53_m.jpg,AnthonyAndrews,53,53,Middle,Male
5052_AnthonyAndrews_56_m.jpg,AnthonyAndrews,56,56,Senior,Male
5053_AnthonyAndrews_61_m.jpg,AnthonyAndrews,61,61,Senior,Male
5054_AnthonyAndrews_62_m.jpg,AnthonyAndrews,62,62,Senior,Male
5055_AnthonyAndrews_38_m.jpg,AnthonyAndrews,38,38,Middle,Male
5056_AnthonyAndrews_41_m.jpg,AnthonyAndrews,41,41,Middle,Male
5057_AnthonyAndrews_42_m.jpg,AnthonyAndrews,42,42,Middle,Male
5058_AnthonyAndrews_45_m.jpg,AnthonyAndrews,45,45,Middle,Male
5059_AnthonyAndrews_49_m.jpg,AnthonyAndrews,49,49,Middle,Male
505_motherTereza_80_f.jpg,motherTereza,80,80,Elderly,Female
5060_AnthonyAndrews_52_m.jpg,AnthonyAndrews,52,52,Middle,Male
5061_AnthonyAndrews_58_m.jpg,AnthonyAndrews,58,58,Senior,Male
5062_AnthonyAndrews_59_m.jpg,AnthonyAndrews,59,59,Senior,Male
5063_AnthonyAndrews_64_m.jpg,AnthonyAndrews,64,64,Senior,Male
506_motherTereza_85_f.jpg,motherTereza,85,85,Elderly,Female
507_AlKapone_5_m.jpg,AlKapone,5,5,Child,Male
508_AlKapone_35_m.jpg,AlKapone,35,35,Adult,Male
509_AlKapone_23_m.jpg,AlKapone,23,23,Adult,Male
50_Pele_18_m.jpg,Pele,18,18,Adult,Male
510_AlKapone_28_m.jpg,AlKapone,28,28,Adult,Male
511_AlKapone_32_m.jpg,AlKapone,32,32,Adult,Male
512_AlKapone_32_m.jpg,AlKapone,32,32,Adult,Male
513_AlKapone_26_m.jpg,AlKapone,26,26,Adult,Male
514_AlKapone_30_m.jpg,AlKapone,30,30,Adult,Male
515_AlKapone_33_m.jpg,AlKapone,33,33,Adult,Male
516_AlKapone_30_m.jpg,AlKapone,30,30,Adult,Male
517_AlKapone_30_m.jpg,AlKapone,30,30,Adult,Male
518_AlKapone_32_m.jpg,AlKapone,32,32,Adult,Male
519_AlKapone_37_m.jpg,AlKapone,37,37,Middle,Male
51_Pele_17_m.jpg,Pele,17,17,Juvenile,Male
520_AlKapone_30_m.jpg,AlKapone,30,30,Adult,Male
521_AlKapone_33_m.jpg,AlKapone,33,33,Adult,Male
522_AlKapone_30_m.jpg,AlKapone,30,30,Adult,Male
523_AlKapone_32_m.jpg,AlKapone,32,32,Adult,Male
524_AlKapone_35_m.jpg,AlKapone,35,35,Adult,Male
5250_Fotopoulos_40_m.jpg,Fotopoulos,40,40,Middle,Male
5251_Fotopoulos_70_m.jpg,Fotopoulos,70,70,Senior,Male
5252_Fotopoulos_45_m.jpg,Fotopoulos,45,45,Middle,Male
5253_Fotopoulos_43_m.jpg,Fotopoulos,43,43,Middle,Male
5254_Fotopoulos_37_m.jpg,Fotopoulos,37,37,Middle,Male
5255_Fotopoulos_49_m.jpg,Fotopoulos,49,49,Middle,Male
5256_Fotopoulos_50_m.jpg,Fotopoulos,50,50,Middle,Male
5257_Fotopoulos_49_m.jpg,Fotopoulos,49,49,Middle,Male
5258_Fotopoulos_57_m.jpg,Fotopoulos,57,57,Senior,Male
5259_Fotopoulos_58_m.jpg,Fotopoulos,58,58,Senior,Male
525_AlKapone_30_m.jpg,AlKapone,30,30,Adult,Male
5260_Fotopoulos_49_m.jpg,Fotopoulos,49,49,Middle,Male
5261_Fotopoulos_74_m.jpg,Fotopoulos,74,74,Elderly,Male
5262_Fotopoulos_72_m.jpg,Fotopoulos,72,72,Elderly,Male
5263_Fotopoulos_65_m.jpg,Fotopoulos,65,65,Senior,Male
5264_Fotopoulos_43_m.jpg,Fotopoulos,43,43,Middle,Male
5265_Fotopoulos_64_m.jpg,Fotopoulos,64,64,Senior,Male
5266_Fotopoulos_58_m.jpg,Fotopoulos,58,58,Senior,Male
5267_Fotopoulos_57_m.jpg,Fotopoulos,57,57,Senior,Male
5268_JackNicolson_45_m.jpg,JackNicolson,45,45,Middle,Male
5269_JackNicolson_68_m.jpg,JackNicolson,68,68,Senior,Male
526_AlKapone_30_m.jpg,AlKapone,30,30,Adult,Male
5270_JackNicolson_36_m.jpg,JackNicolson,36,36,Middle,Male
5271_JackNicolson_58_m.jpg,JackNicolson,58,58,Senior,Male
5272_JackNicolson_35_m.jpg,JackNicolson,35,35,Adult,Male
5273_JackNicolson_48_m.jpg,JackNicolson,48,48,Middle,Male
5274_JackNicolson_62_m.jpg,JackNicolson,62,62,Senior,Male
5275_JackNicolson_42_m.jpg,JackNicolson,42,42,Middle,Male
5276_JackNicolson_52_m.jpg,JackNicolson,52,52,Middle,Male
5277_JackNicolson_48_m.jpg,JackNicolson,48,48,Middle,Male
5278_JackNicolson_50_m.jpg,JackNicolson,50,50,Middle,Male
5279_JackNicolson_71_m.jpg,JackNicolson,71,71,Elderly,Male
527_AlKapone_35_m.jpg,AlKapone,35,35,Adult,Male
5280_JackNicolson_34_m.jpg,JackNicolson,34,34,Adult,Male
5281_JackNicolson_73_m.jpg,JackNicolson,73,73,Elderly,Male
5282_JackNicolson_32_m.jpg,JackNicolson,32,32,Adult,Male
5283_JackNicolson_37_m.jpg,JackNicolson,37,37,Middle,Male
5284_JackNicolson_70_m.jpg,JackNicolson,70,70,Senior,Male
5285_JackNicolson_34_m.jpg,JackNicolson,34,34,Adult,Male
5286_JackNicolson_34_m.jpg,JackNicolson,34,34,Adult,Male
5287_JackNicolson_74_m.jpg,JackNicolson,74,74,Elderly,Male
5288_JackNicolson_43_m.jpg,JackNicolson,43,43,Middle,Male
5289_JackNicolson_69_m.jpg,JackNicolson,69,69,Senior,Male
5290_JackNicolson_74_m.jpg,JackNicolson,74,74,Elderly,Male
5291_JackNicolson_17_m.jpg,JackNicolson,17,17,Juvenile,Male
5292_JackNicolson_52_m.jpg,JackNicolson,52,52,Middle,Male
5293_JackNicolson_44_m.jpg,JackNicolson,44,44,Middle,Male
5294_JackLemon_13_m.jpg,JackLemon,13,13,Juvenile,Male
5295_JackLemon_15_m.jpg,JackLemon,15,15,Juvenile,Male
5296_JackLemon_17_m.jpg,JackLemon,17,17,Juvenile,Male
5297_JackLemon_19_m.jpg,JackLemon,19,19,Adult,Male
5298_JackLemon_16_m.jpg,JackLemon,16,16,Juvenile,Male
5299_JackLemon_20_m.jpg,JackLemon,20,20,Adult,Male
52_Pele_38_m.jpg,Pele,38,38,Middle,Male
5300_JackLemon_23_m.jpg,JackLemon,23,23,Adult,Male
5301_JackLemon_25_m.jpg,JackLemon,25,25,Adult,Male
5302_JackLemon_28_m.jpg,JackLemon,28,28,Adult,Male
5303_JackLemon_30_m.jpg,JackLemon,30,30,Adult,Male
5304_JackLemon_35_m.jpg,JackLemon,35,35,Adult,Male
5305_JackLemon_35_m.jpg,JackLemon,35,35,Adult,Male
5306_JackLemon_38_m.jpg,JackLemon,38,38,Middle,Male
5307_JackLemon_40_m.jpg,JackLemon,40,40,Middle,Male
5308_JackLemon_45_m.jpg,JackLemon,45,45,Middle,Male
5309_JackLemon_45_m.jpg,JackLemon,45,45,Middle,Male
5310_JackLemon_67_m.jpg,JackLemon,67,67,Senior,Male
5311_JackLemon_52_m.jpg,JackLemon,52,52,Middle,Male
5312_JackLemon_65_m.jpg,JackLemon,65,65,Senior,Male
5313_JackLemon_35_m.jpg,JackLemon,35,35,Adult,Male
5314_JackLemon_68_m.jpg,JackLemon,68,68,Senior,Male
5315_JackLemon_51_m.jpg,JackLemon,51,51,Middle,Male
5316_JackLemon_55_m.jpg,JackLemon,55,55,Middle,Male
5317_JackLemon_43_m.jpg,JackLemon,43,43,Middle,Male
5318_JackLemon_70_m.jpg,JackLemon,70,70,Senior,Male
5319_JackLemon_49_m.jpg,JackLemon,49,49,Middle,Male
5320_JackLemon_52_m.jpg,JackLemon,52,52,Middle,Male
5321_JackLemon_39_m.jpg,JackLemon,39,39,Middle,Male
5322_JackLemon_33_m.jpg,JackLemon,33,33,Adult,Male
5323_JackLemon_71_m.jpg,JackLemon,71,71,Elderly,Male
5324_JeanGabin_46_m.jpg,JeanGabin,46,46,Middle,Male
5325_JeanGabin_63_m.jpg,JeanGabin,63,63,Senior,Male
5326_JeanGabin_52_m.jpg,JeanGabin,52,52,Middle,Male
5327_JeanGabin_52_m.jpg,JeanGabin,52,52,Middle,Male
5328_JeanGabin_54_m.jpg,JeanGabin,54,54,Middle,Male
5329_JeanGabin_70_m.jpg,JeanGabin,70,70,Senior,Male
5330_JeanGabin_51_m.jpg,JeanGabin,51,51,Middle,Male
5331_JeanGabin_52_m.jpg,JeanGabin,52,52,Middle,Male
5332_JeanGabin_54_m.jpg,JeanGabin,54,54,Middle,Male
5333_JeanGabin_54_m.jpg,JeanGabin,54,54,Middle,Male
5334_JeanGabin_42_m.jpg,JeanGabin,42,42,Middle,Male
5335_JeanGabin_65_m.jpg,JeanGabin,65,65,Senior,Male
5336_JeanGabin_32_m.jpg,JeanGabin,32,32,Adult,Male
5337_JeanGabin_45_m.jpg,JeanGabin,45,45,Middle,Male
5338_JohnDerek_19_m.jpg,JohnDerek,19,19,Adult,Male
5339_JohnDerek_20_m.jpg,JohnDerek,20,20,Adult,Male
5340_JohnDerek_22_m.jpg,JohnDerek,22,22,Adult,Male
5341_JohnDerek_24_m.jpg,JohnDerek,24,24,Adult,Male
5342_JohnDerek_26_m.jpg,JohnDerek,26,26,Adult,Male
5343_JohnDerek_28_m.jpg,JohnDerek,28,28,Adult,Male
5344_JohnDerek_28_m.jpg,JohnDerek,28,28,Adult,Male
5345_JohnDerek_29_m.jpg,JohnDerek,29,29,Adult,Male
5346_JohnDerek_29_m.jpg,JohnDerek,29,29,Adult,Male
5347_JohnDerek_30_m.jpg,JohnDerek,30,30,Adult,Male
5348_JohnDerek_32_m.jpg,JohnDerek,32,32,Adult,Male
5349_JohnDerek_32_m.jpg,JohnDerek,32,32,Adult,Male
5350_JohnDerek_33_m.jpg,JohnDerek,33,33,Adult,Male
5351_JohnDerek_34_m.jpg,JohnDerek,34,34,Adult,Male
5352_JohnDerek_36_m.jpg,JohnDerek,36,36,Middle,Male
5353_JohnDerek_39_m.jpg,JohnDerek,39,39,Middle,Male
5354_JohnDerek_43_m.jpg,JohnDerek,43,43,Middle,Male
5355_JohnDerek_44_m.jpg,JohnDerek,44,44,Middle,Male
5356_JohnDerek_46_m.jpg,JohnDerek,46,46,Middle,Male
5357_JohnDerek_48_m.jpg,JohnDerek,48,48,Middle,Male
5358_JohnDerek_53_m.jpg,JohnDerek,53,53,Middle,Male
5359_JohnDerek_54_m.jpg,JohnDerek,54,54,Middle,Male
5360_JohnDerek_56_m.jpg,JohnDerek,56,56,Senior,Male
5361_JohnDerek_57_m.jpg,JohnDerek,57,57,Senior,Male
5362_JohnDerek_58_m.jpg,JohnDerek,58,58,Senior,Male
5363_JohnDerek_61_m.jpg,JohnDerek,61,61,Senior,Male
5364_JohnDerek_43_m.jpg,JohnDerek,43,43,Middle,Male
5397_JonFinch_28_m.jpg,JonFinch,28,28,Adult,Male
5398_JonFinch_29_m.jpg,JonFinch,29,29,Adult,Male
5399_JonFinch_29_m.jpg,JonFinch,29,29,Adult,Male
53_Pele_32_m.jpg,Pele,32,32,Adult,Male
5400_JonFinch_30_m.jpg,JonFinch,30,30,Adult,Male
5401_JonFinch_31_m.jpg,JonFinch,31,31,Adult,Male
5402_JonFinch_33_m.jpg,JonFinch,33,33,Adult,Male
5403_JonFinch_34_m.jpg,JonFinch,34,34,Adult,Male
5404_JonFinch_34_m.jpg,JonFinch,34,34,Adult,Male
5405_JonFinch_35_m.jpg,JonFinch,35,35,Adult,Male
5406_JonFinch_36_m.jpg,JonFinch,36,36,Middle,Male
5407_JonFinch_37_m.jpg,JonFinch,37,37,Middle,Male
5408_JonFinch_38_m.jpg,JonFinch,38,38,Middle,Male
5409_JonFinch_39_m.jpg,JonFinch,39,39,Middle,Male
5410_JonFinch_40_m.jpg,JonFinch,40,40,Middle,Male
5411_JonFinch_41_m.jpg,JonFinch,41,41,Middle,Male
5412_JonFinch_44_m.jpg,JonFinch,44,44,Middle,Male
5413_JonFinch_47_m.jpg,JonFinch,47,47,Middle,Male
5414_JonFinch_50_m.jpg,JonFinch,50,50,Middle,Male
5415_JonFinch_52_m.jpg,JonFinch,52,52,Middle,Male
5416_JonFinch_54_m.jpg,JonFinch,54,54,Middle,Male
5417_JonFinch_58_m.jpg,JonFinch,58,58,Senior,Male
5418_JonFinch_61_m.jpg,JonFinch,61,61,Senior,Male
5419_JonFinch_63_m.jpg,JonFinch,63,63,Senior,Male
5420_KennethBranagh_23_m.jpg,KennethBranagh,23,23,Adult,Male
5421_KennethBranagh_24_m.jpg,KennethBranagh,24,24,Adult,Male
5422_KennethBranagh_25_m.jpg,KennethBranagh,25,25,Adult,Male
5423_KennethBranagh_26_m.jpg,KennethBranagh,26,26,Adult,Male
5424_KennethBranagh_27_m.jpg,KennethBranagh,27,27,Adult,Male
5425_KennethBranagh_29_m.jpg,KennethBranagh,29,29,Adult,Male
5426_KennethBranagh_30_m.jpg,KennethBranagh,30,30,Adult,Male
5427_KennethBranagh_31_m.jpg,KennethBranagh,31,31,Adult,Male
5428_KennethBranagh_34_m.jpg,KennethBranagh,34,34,Adult,Male
5429_KennethBranagh_35_m.jpg,KennethBranagh,35,35,Adult,Male
5430_KennethBranagh_36_m.jpg,KennethBranagh,36,36,Middle,Male
5431_KennethBranagh_37_m.jpg,KennethBranagh,37,37,Middle,Male
5432_KennethBranagh_38_m.jpg,KennethBranagh,38,38,Middle,Male
5433_KennethBranagh_39_m.jpg,KennethBranagh,39,39,Middle,Male
5434_KennethBranagh_40_m.jpg,KennethBranagh,40,40,Middle,Male
5435_KennethBranagh_41_m.jpg,KennethBranagh,41,41,Middle,Male
5436_KennethBranagh_42_m.jpg,KennethBranagh,42,42,Middle,Male
5437_KennethBranagh_43_m.jpg,KennethBranagh,43,43,Middle,Male
5438_KennethBranagh_44_m.jpg,KennethBranagh,44,44,Middle,Male
5439_KennethBranagh_44_m.jpg,KennethBranagh,44,44,Middle,Male
5440_KennethBranagh_45_m.jpg,KennethBranagh,45,45,Middle,Male
5441_KennethBranagh_47_m.jpg,KennethBranagh,47,47,Middle,Male
5442_KennethBranagh_49_m.jpg,KennethBranagh,49,49,Middle,Male
5443_KennethBranagh_51_m.jpg,KennethBranagh,51,51,Middle,Male
5444_KennethBranagh_53_m.jpg,KennethBranagh,53,53,Middle,Male
5445_KennethBranagh_54_m.jpg,KennethBranagh,54,54,Middle,Male
5446_MartinScorsese_40_m.jpg,MartinScorsese,40,40,Middle,Male
5447_MartinScorsese_34_m.jpg,MartinScorsese,34,34,Adult,Male
5448_MartinScorsese_21_m.jpg,MartinScorsese,21,21,Adult,Male
5449_MartinScorsese_55_m.jpg,MartinScorsese,55,55,Middle,Male
5450_MartinScorsese_25_m.jpg,MartinScorsese,25,25,Adult,Male
5451_MartinScorsese_31_m.jpg,MartinScorsese,31,31,Adult,Male
5452_MartinScorsese_35_m.jpg,MartinScorsese,35,35,Adult,Male
5453_MartinScorsese_38_m.jpg,MartinScorsese,38,38,Middle,Male
5454_MartinScorsese_42_m.jpg,MartinScorsese,42,42,Middle,Male
5455_MartinScorsese_45_m.jpg,MartinScorsese,45,45,Middle,Male
5456_MartinScorsese_47_m.jpg,MartinScorsese,47,47,Middle,Male
5457_MartinScorsese_51_m.jpg,MartinScorsese,51,51,Middle,Male
5458_MartinScorsese_54_m.jpg,MartinScorsese,54,54,Middle,Male
5459_MartinScorsese_57_m.jpg,MartinScorsese,57,57,Senior,Male
5460_MartinScorsese_58_m.jpg,MartinScorsese,58,58,Senior,Male
5461_MartinScorsese_60_m.jpg,MartinScorsese,60,60,Senior,Male
5462_MartinScorsese_61_m.jpg,MartinScorsese,61,61,Senior,Male
5463_MartinScorsese_62_m.jpg,MartinScorsese,62,62,Senior,Male
5464_MartinScorsese_63_m.jpg,MartinScorsese,63,63,Senior,Male
5465_MartinScorsese_64_m.jpg,MartinScorsese,64,64,Senior,Male
5466_MartinScorsese_65_m.jpg,MartinScorsese,65,65,Senior,Male
5467_MartinScorsese_66_m.jpg,MartinScorsese,66,66,Senior,Male
5468_MartinScorsese_67_m.jpg,MartinScorsese,67,67,Senior,Male
5469_MartinScorsese_70_m.jpg,MartinScorsese,70,70,Senior,Male
5470_MartinScorsese_71_m.jpg,MartinScorsese,71,71,Elderly,Male
5471_MartinScorsese_72_m.jpg,MartinScorsese,72,72,Elderly,Male
5472_MartinScorsese_50_m.jpg,MartinScorsese,50,50,Middle,Male
5473_MartinScorsese_39_m.jpg,MartinScorsese,39,39,Middle,Male
5474_MartinScorsese_41_m.jpg,MartinScorsese,41,41,Middle,Male
5475_MartinScorsese_27_m.jpg,MartinScorsese,27,27,Adult,Male
5476_MartinScorsese_59_m.jpg,MartinScorsese,59,59,Senior,Male
5477_MartinScorsese_36_m.jpg,MartinScorsese,36,36,Middle,Male
5478_MichaelKeaton_23_m.jpg,MichaelKeaton,23,23,Adult,Male
5479_MichaelKeaton_28_m.jpg,MichaelKeaton,28,28,Adult,Male
5480_MichaelKeaton_14_m.jpg,MichaelKeaton,14,14,Juvenile,Male
5481_MichaelKeaton_18_m.jpg,MichaelKeaton,18,18,Adult,Male
5482_MichaelKeaton_25_m.jpg,MichaelKeaton,25,25,Adult,Male
5483_MichaelKeaton_29_m.jpg,MichaelKeaton,29,29,Adult,Male
5484_MichaelKeaton_30_m.jpg,MichaelKeaton,30,30,Adult,Male
5485_MichaelKeaton_31_m.jpg,MichaelKeaton,31,31,Adult,Male
5486_MichaelKeaton_34_m.jpg,MichaelKeaton,34,34,Adult,Male
5487_MichaelKeaton_35_m.jpg,MichaelKeaton,35,35,Adult,Male
5488_MichaelKeaton_36_m.jpg,MichaelKeaton,36,36,Middle,Male
5489_MichaelKeaton_37_m.jpg,MichaelKeaton,37,37,Middle,Male
5490_MichaelKeaton_38_m.jpg,MichaelKeaton,38,38,Middle,Male
5491_MichaelKeaton_39_m.jpg,MichaelKeaton,39,39,Middle,Male
5492_MichaelKeaton_40_m.jpg,MichaelKeaton,40,40,Middle,Male
5493_MichaelKeaton_41_m.jpg,MichaelKeaton,41,41,Middle,Male
5494_MichaelKeaton_42_m.jpg,MichaelKeaton,42,42,Middle,Male
5495_MichaelKeaton_43_m.jpg,MichaelKeaton,43,43,Middle,Male
5496_MichaelKeaton_44_m.jpg,MichaelKeaton,44,44,Middle,Male
5497_MichaelKeaton_45_m.jpg,MichaelKeaton,45,45,Middle,Male
5498_MichaelKeaton_46_m.jpg,MichaelKeaton,46,46,Middle,Male
5499_MichaelKeaton_47_m.jpg,MichaelKeaton,47,47,Middle,Male
54_Pele_30_m.jpg,Pele,30,30,Adult,Male
5500_MichaelKeaton_49_m.jpg,MichaelKeaton,49,49,Middle,Male
5501_MichaelKeaton_50_m.jpg,MichaelKeaton,50,50,Middle,Male
5502_MichaelKeaton_51_m.jpg,MichaelKeaton,51,51,Middle,Male
5503_MichaelKeaton_52_m.jpg,MichaelKeaton,52,52,Middle,Male
5504_MichaelKeaton_53_m.jpg,MichaelKeaton,53,53,Middle,Male
5505_MichaelKeaton_55_m.jpg,MichaelKeaton,55,55,Middle,Male
5506_MichaelKeaton_58_m.jpg,MichaelKeaton,58,58,Senior,Male
5507_MichaelKeaton_59_m.jpg,MichaelKeaton,59,59,Senior,Male
5508_MichaelKeaton_60_m.jpg,MichaelKeaton,60,60,Senior,Male
5509_MichaelKeaton_61_m.jpg,MichaelKeaton,61,61,Senior,Male
5510_MichaelKeaton_62_m.jpg,MichaelKeaton,62,62,Senior,Male
5511_MichaelKeaton_63_m.jpg,MichaelKeaton,63,63,Senior,Male
5512_MichaelKeaton_64_m.jpg,MichaelKeaton,64,64,Senior,Male
5513_MichaelKeaton_65_m.jpg,MichaelKeaton,65,65,Senior,Male
5514_NicolasSarkozy_20_m.jpg,NicolasSarkozy,20,20,Adult,Male
5515_NicolasSarkozy_21_m.jpg,NicolasSarkozy,21,21,Adult,Male
5516_NicolasSarkozy_23_m.jpg,NicolasSarkozy,23,23,Adult,Male
5517_NicolasSarkozy_25_m.jpg,NicolasSarkozy,25,25,Adult,Male
5518_NicolasSarkozy_26_m.jpg,NicolasSarkozy,26,26,Adult,Male
5519_NicolasSarkozy_27_m.jpg,NicolasSarkozy,27,27,Adult,Male
5520_NicolasSarkozy_28_m.jpg,NicolasSarkozy,28,28,Adult,Male
5521_NicolasSarkozy_30_m.jpg,NicolasSarkozy,30,30,Adult,Male
5522_NicolasSarkozy_31_m.jpg,NicolasSarkozy,31,31,Adult,Male
5523_NicolasSarkozy_32_m.jpg,NicolasSarkozy,32,32,Adult,Male
5524_NicolasSarkozy_34_m.jpg,NicolasSarkozy,34,34,Adult,Male
5525_NicolasSarkozy_35_m.jpg,NicolasSarkozy,35,35,Adult,Male
5526_NicolasSarkozy_37_m.jpg,NicolasSarkozy,37,37,Middle,Male
5527_NicolasSarkozy_37_m.jpg,NicolasSarkozy,37,37,Middle,Male
5528_NicolasSarkozy_38_m.jpg,NicolasSarkozy,38,38,Middle,Male
5529_NicolasSarkozy_40_m.jpg,NicolasSarkozy,40,40,Middle,Male
5530_NicolasSarkozy_41_m.jpg,NicolasSarkozy,41,41,Middle,Male
5531_NicolasSarkozy_41_m.jpg,NicolasSarkozy,41,41,Middle,Male
5532_NicolasSarkozy_43_m.jpg,NicolasSarkozy,43,43,Middle,Male
5533_NicolasSarkozy_44_m.jpg,NicolasSarkozy,44,44,Middle,Male
5534_NicolasSarkozy_45_m.jpg,NicolasSarkozy,45,45,Middle,Male
5535_NicolasSarkozy_47_m.jpg,NicolasSarkozy,47,47,Middle,Male
5536_NicolasSarkozy_48_m.jpg,NicolasSarkozy,48,48,Middle,Male
5537_NicolasSarkozy_49_m.jpg,NicolasSarkozy,49,49,Middle,Male
5538_NicolasSarkozy_50_m.jpg,NicolasSarkozy,50,50,Middle,Male
5539_NicolasSarkozy_51_m.jpg,NicolasSarkozy,51,51,Middle,Male
5540_NicolasSarkozy_52_m.jpg,NicolasSarkozy,52,52,Middle,Male
5541_NicolasSarkozy_53_m.jpg,NicolasSarkozy,53,53,Middle,Male
5542_NicolasSarkozy_54_m.jpg,NicolasSarkozy,54,54,Middle,Male
5543_NicolasSarkozy_55_m.jpg,NicolasSarkozy,55,55,Middle,Male
5544_NicolasSarkozy_56_m.jpg,NicolasSarkozy,56,56,Senior,Male
5545_NicolasSarkozy_57_m.jpg,NicolasSarkozy,57,57,Senior,Male
5546_NicolasSarkozy_58_m.jpg,NicolasSarkozy,58,58,Senior,Male
5547_NicolasSarkozy_59_m.jpg,NicolasSarkozy,59,59,Senior,Male
5548_NicolasSarkozy_60_m.jpg,NicolasSarkozy,60,60,Senior,Male
5549_NicolasSarkozy_61_m.jpg,NicolasSarkozy,61,61,Senior,Male
5550_PatrickStewart_74_m.jpg,PatrickStewart,74,74,Elderly,Male
5551_PatrickStewart_11_m.jpg,PatrickStewart,11,11,Child,Male
5552_PatrickStewart_18_m.jpg,PatrickStewart,18,18,Adult,Male
5553_PatrickStewart_28_m.jpg,PatrickStewart,28,28,Adult,Male
5554_PatrickStewart_34_m.jpg,PatrickStewart,34,34,Adult,Male
5555_PatrickStewart_35_m.jpg,PatrickStewart,35,35,Adult,Male
5556_PatrickStewart_35_m.jpg,PatrickStewart,35,35,Adult,Male
5557_PatrickStewart_36_m.jpg,PatrickStewart,36,36,Middle,Male
5558_PatrickStewart_39_m.jpg,PatrickStewart,39,39,Middle,Male
5559_PatrickStewart_40_m.jpg,PatrickStewart,40,40,Middle,Male
5560_PatrickStewart_42_m.jpg,PatrickStewart,42,42,Middle,Male
5561_PatrickStewart_44_m.jpg,PatrickStewart,44,44,Middle,Male
5562_PatrickStewart_45_m.jpg,PatrickStewart,45,45,Middle,Male
5563_PatrickStewart_46_m.jpg,PatrickStewart,46,46,Middle,Male
5564_PatrickStewart_47_m.jpg,PatrickStewart,47,47,Middle,Male
5565_PatrickStewart_48_m.jpg,PatrickStewart,48,48,Middle,Male
5566_PatrickStewart_51_m.jpg,PatrickStewart,51,51,Middle,Male
5567_PatrickStewart_53_m.jpg,PatrickStewart,53,53,Middle,Male
5568_PatrickStewart_55_m.jpg,PatrickStewart,55,55,Middle,Male
5569_PatrickStewart_57_m.jpg,PatrickStewart,57,57,Senior,Male
556_MargaretThatcher_82_f.jpg,MargaretThatcher,82,82,Elderly,Female
5570_PatrickStewart_58_m.jpg,PatrickStewart,58,58,Senior,Male
5571_PatrickStewart_59_m.jpg,PatrickStewart,59,59,Senior,Male
5572_PatrickStewart_60_m.jpg,PatrickStewart,60,60,Senior,Male
5573_PatrickStewart_62_m.jpg,PatrickStewart,62,62,Senior,Male
5574_PatrickStewart_63_m.jpg,PatrickStewart,63,63,Senior,Male
5575_PatrickStewart_64_m.jpg,PatrickStewart,64,64,Senior,Male
5576_PatrickStewart_65_m.jpg,PatrickStewart,65,65,Senior,Male
5577_PatrickStewart_66_m.jpg,PatrickStewart,66,66,Senior,Male
5578_PatrickStewart_68_m.jpg,PatrickStewart,68,68,Senior,Male
5579_PatrickStewart_69_m.jpg,PatrickStewart,69,69,Senior,Male
557_MargaretThatcher_34_f.jpg,MargaretThatcher,34,34,Adult,Female
5580_PatrickStewart_70_m.jpg,PatrickStewart,70,70,Senior,Male
5581_PatrickStewart_71_m.jpg,PatrickStewart,71,71,Elderly,Male
5582_PatrickStewart_71_m.jpg,PatrickStewart,71,71,Elderly,Male
5583_PatrickStewart_72_m.jpg,PatrickStewart,72,72,Elderly,Male
5584_PatrickStewart_72_m.jpg,PatrickStewart,72,72,Elderly,Male
5585_PatrickStewart_74_m.jpg,PatrickStewart,74,74,Elderly,Male
558_MargaretThatcher_26_f.jpg,MargaretThatcher,26,26,Adult,Female
559_MargaretThatcher_45_f.jpg,MargaretThatcher,45,45,Middle,Female
55_Pele_40_m.jpg,Pele,40,40,Middle,Male
560_MargaretThatcher_57_f.jpg,MargaretThatcher,57,57,Senior,Female
561_MargaretThatcher_71_f.jpg,MargaretThatcher,71,71,Elderly,Female
562_MargaretThatcher_50_f.jpg,MargaretThatcher,50,50,Middle,Female
5631_PeterOToole_53_m.jpg,PeterOToole,53,53,Middle,Male
5632_PeterOToole_30_m.jpg,PeterOToole,30,30,Adult,Male
5633_PeterOToole_36_m.jpg,PeterOToole,36,36,Middle,Male
5634_PeterOToole_40_m.jpg,PeterOToole,40,40,Middle,Male
5635_PeterOToole_26_m.jpg,PeterOToole,26,26,Adult,Male
5636_PeterOToole_42_m.jpg,PeterOToole,42,42,Middle,Male
5637_PeterOToole_48_m.jpg,PeterOToole,48,48,Middle,Male
5638_PeterOToole_48_m.jpg,PeterOToole,48,48,Middle,Male
5639_PeterOToole_50_m.jpg,PeterOToole,50,50,Middle,Male
563_MargaretThatcher_49_f.jpg,MargaretThatcher,49,49,Middle,Female
5640_PeterOToole_50_m.jpg,PeterOToole,50,50,Middle,Male
5641_PeterOToole_55_m.jpg,PeterOToole,55,55,Middle,Male
5642_PeterOToole_56_m.jpg,PeterOToole,56,56,Senior,Male
5643_PeterOToole_66_m.jpg,PeterOToole,66,66,Senior,Male
5644_PeterOToole_71_m.jpg,PeterOToole,71,71,Elderly,Male
5645_PeterOToole_74_m.jpg,PeterOToole,74,74,Elderly,Male
5646_PeterOToole_74_m.jpg,PeterOToole,74,74,Elderly,Male
5647_PeterOToole_60_m.jpg,PeterOToole,60,60,Senior,Male
5648_PeterOToole_42_m.jpg,PeterOToole,42,42,Middle,Male
5649_PeterOToole_68_m.jpg,PeterOToole,68,68,Senior,Male
564_MargaretThatcher_24_f.jpg,MargaretThatcher,24,24,Adult,Female
5650_PeterOToole_41_m.jpg,PeterOToole,41,41,Middle,Male
5651_PeterOToole_38_m.jpg,PeterOToole,38,38,Middle,Male
5652_RayDanton_21_m.jpg,RayDanton,21,21,Adult,Male
5653_RayDanton_22_m.jpg,RayDanton,22,22,Adult,Male
5654_RayDanton_23_m.jpg,RayDanton,23,23,Adult,Male
5655_RayDanton_24_m.jpg,RayDanton,24,24,Adult,Male
5656_RayDanton_26_m.jpg,RayDanton,26,26,Adult,Male
5657_RayDanton_27_m.jpg,RayDanton,27,27,Adult,Male
5658_RayDanton_28_m.jpg,RayDanton,28,28,Adult,Male
5659_RayDanton_29_m.jpg,RayDanton,29,29,Adult,Male
565_MargaretThatcher_47_f.jpg,MargaretThatcher,47,47,Middle,Female
5660_RayDanton_30_m.jpg,RayDanton,30,30,Adult,Male
5661_RayDanton_31_m.jpg,RayDanton,31,31,Adult,Male
5662_RayDanton_32_m.jpg,RayDanton,32,32,Adult,Male
5663_RayDanton_33_m.jpg,RayDanton,33,33,Adult,Male
5664_RayDanton_34_m.jpg,RayDanton,34,34,Adult,Male
5665_RayDanton_35_m.jpg,RayDanton,35,35,Adult,Male
5666_RayDanton_36_m.jpg,RayDanton,36,36,Middle,Male
5667_RayDanton_37_m.jpg,RayDanton,37,37,Middle,Male
5668_RayDanton_38_m.jpg,RayDanton,38,38,Middle,Male
5669_RayDanton_39_m.jpg,RayDanton,39,39,Middle,Male
566_MargaretThatcher_48_f.jpg,MargaretThatcher,48,48,Middle,Female
5670_RayDanton_41_m.jpg,RayDanton,41,41,Middle,Male
5671_RayDanton_43_m.jpg,RayDanton,43,43,Middle,Male
5672_RayDanton_44_m.jpg,RayDanton,44,44,Middle,Male
5673_RayDanton_45_m.jpg,RayDanton,45,45,Middle,Male
5674_RayDanton_49_m.jpg,RayDanton,49,49,Middle,Male
5675_RobertDeNiro_40_m.jpg,RobertDeNiro,40,40,Middle,Male
5676_RobertDeNiro_40_m.jpg,RobertDeNiro,40,40,Middle,Male
5677_RobertDeNiro_41_m.jpg,RobertDeNiro,41,41,Middle,Male
5678_RobertDeNiro_36_m.jpg,RobertDeNiro,36,36,Middle,Male
5679_RobertDeNiro_32_m.jpg,RobertDeNiro,32,32,Adult,Male
567_MargaretThatcher_43_f.jpg,MargaretThatcher,43,43,Middle,Female
5680_RobertDeNiro_30_m.jpg,RobertDeNiro,30,30,Adult,Male
5681_RobertDeNiro_43_m.jpg,RobertDeNiro,43,43,Middle,Male
5682_RobertDeNiro_34_m.jpg,RobertDeNiro,34,34,Adult,Male
5683_RobertDeNiro_54_m.jpg,RobertDeNiro,54,54,Middle,Male
5684_RobertDeNiro_28_m.jpg,RobertDeNiro,28,28,Adult,Male
5685_RobertDeNiro_33_m.jpg,RobertDeNiro,33,33,Adult,Male
5686_RobertDeNiro_64_m.jpg,RobertDeNiro,64,64,Senior,Male
5687_RobertDeNiro_68_m.jpg,RobertDeNiro,68,68,Senior,Male
5688_RobertDeNiro_69_m.jpg,RobertDeNiro,69,69,Senior,Male
568_MargaretThatcher_55_f.jpg,MargaretThatcher,55,55,Middle,Female
569_MargaretThatcher_78_f.jpg,MargaretThatcher,78,78,Elderly,Female
56_Pele_37_m.jpg,Pele,37,37,Middle,Male
570_MargaretThatcher_83_f.jpg,MargaretThatcher,83,83,Elderly,Female
571_MargaretThatcher_77_f.jpg,MargaretThatcher,77,77,Elderly,Female
5725_TommyLeeJones_18_m.jpg,TommyLeeJones,18,18,Adult,Male
5726_TommyLeeJones_23_m.jpg,TommyLeeJones,23,23,Adult,Male
5727_TommyLeeJones_24_m.jpg,TommyLeeJones,24,24,Adult,Male
5728_TommyLeeJones_25_m.jpg,TommyLeeJones,25,25,Adult,Male
5729_TommyLeeJones_29_m.jpg,TommyLeeJones,29,29,Adult,Male
572_MargaretThatcher_75_f.jpg,MargaretThatcher,75,75,Elderly,Female
5730_TommyLeeJones_30_m.jpg,TommyLeeJones,30,30,Adult,Male
5731_TommyLeeJones_30_m.jpg,TommyLeeJones,30,30,Adult,Male
5732_TommyLeeJones_31_m.jpg,TommyLeeJones,31,31,Adult,Male
5733_TommyLeeJones_32_m.jpg,TommyLeeJones,32,32,Adult,Male
5734_TommyLeeJones_34_m.jpg,TommyLeeJones,34,34,Adult,Male
5735_TommyLeeJones_37_m.jpg,TommyLeeJones,37,37,Middle,Male
5736_TommyLeeJones_38_m.jpg,TommyLeeJones,38,38,Middle,Male
5737_TommyLeeJones_39_m.jpg,TommyLeeJones,39,39,Middle,Male
5738_TommyLeeJones_41_m.jpg,TommyLeeJones,41,41,Middle,Male
5739_TommyLeeJones_42_m.jpg,TommyLeeJones,42,42,Middle,Male
573_MargaretThatcher_26_f.jpg,MargaretThatcher,26,26,Adult,Female
5740_TommyLeeJones_43_m.jpg,TommyLeeJones,43,43,Middle,Male
5741_TommyLeeJones_45_m.jpg,TommyLeeJones,45,45,Middle,Male
5742_TommyLeeJones_46_m.jpg,TommyLeeJones,46,46,Middle,Male
5743_TommyLeeJones_47_m.jpg,TommyLeeJones,47,47,Middle,Male
5744_TommyLeeJones_48_m.jpg,TommyLeeJones,48,48,Middle,Male
5745_TommyLeeJones_49_m.jpg,TommyLeeJones,49,49,Middle,Male
5746_TommyLeeJones_49_m.jpg,TommyLeeJones,49,49,Middle,Male
5747_TommyLeeJones_51_m.jpg,TommyLeeJones,51,51,Middle,Male
5748_TommyLeeJones_51_m.jpg,TommyLeeJones,51,51,Middle,Male
5749_TommyLeeJones_52_m.jpg,TommyLeeJones,52,52,Middle,Male
574_MargaretThatcher_87_f.jpg,MargaretThatcher,87,87,Elderly,Female
5750_TommyLeeJones_53_m.jpg,TommyLeeJones,53,53,Middle,Male
5751_TommyLeeJones_54_m.jpg,TommyLeeJones,54,54,Middle,Male
5752_TommyLeeJones_57_m.jpg,TommyLeeJones,57,57,Senior,Male
5753_TommyLeeJones_57_m.jpg,TommyLeeJones,57,57,Senior,Male
5754_TommyLeeJones_59_m.jpg,TommyLeeJones,59,59,Senior,Male
5755_TommyLeeJones_60_m.jpg,TommyLeeJones,60,60,Senior,Male
5756_TommyLeeJones_62_m.jpg,TommyLeeJones,62,62,Senior,Male
5757_TommyLeeJones_63_m.jpg,TommyLeeJones,63,63,Senior,Male
5758_TommyLeeJones_63_m.jpg,TommyLeeJones,63,63,Senior,Male
5759_TommyLeeJones_65_m.jpg,TommyLeeJones,65,65,Senior,Male
575_MargaretThatcher_19_f.jpg,MargaretThatcher,19,19,Adult,Female
5760_BenGazzara_20_m.jpg,BenGazzara,20,20,Adult,Male
5761_BenGazzara_22_m.jpg,BenGazzara,22,22,Adult,Male
5762_BenGazzara_23_m.jpg,BenGazzara,23,23,Adult,Male
5763_BenGazzara_24_m.jpg,BenGazzara,24,24,Adult,Male
5764_BenGazzara_26_m.jpg,BenGazzara,26,26,Adult,Male
5765_BenGazzara_27_m.jpg,BenGazzara,27,27,Adult,Male
5766_BenGazzara_28_m.jpg,BenGazzara,28,28,Adult,Male
5767_BenGazzara_29_m.jpg,BenGazzara,29,29,Adult,Male
5768_BenGazzara_30_m.jpg,BenGazzara,30,30,Adult,Male
5769_BenGazzara_31_m.jpg,BenGazzara,31,31,Adult,Male
576_MargaretThatcher_57_f.jpg,MargaretThatcher,57,57,Senior,Female
5770_BenGazzara_32_m.jpg,BenGazzara,32,32,Adult,Male
5771_BenGazzara_34_m.jpg,BenGazzara,34,34,Adult,Male
5772_BenGazzara_35_m.jpg,BenGazzara,35,35,Adult,Male
5773_BenGazzara_36_m.jpg,BenGazzara,36,36,Middle,Male
5774_BenGazzara_37_m.jpg,BenGazzara,37,37,Middle,Male
5775_BenGazzara_38_m.jpg,BenGazzara,38,38,Middle,Male
5776_BenGazzara_40_m.jpg,BenGazzara,40,40,Middle,Male
5777_BenGazzara_42_m.jpg,BenGazzara,42,42,Middle,Male
5778_BenGazzara_43_m.jpg,BenGazzara,43,43,Middle,Male
5779_BenGazzara_45_m.jpg,BenGazzara,45,45,Middle,Male
577_MargaretThatcher_59_f.jpg,MargaretThatcher,59,59,Senior,Female
5780_BenGazzara_47_m.jpg,BenGazzara,47,47,Middle,Male
5781_BenGazzara_49_m.jpg,BenGazzara,49,49,Middle,Male
5782_BenGazzara_51_m.jpg,BenGazzara,51,51,Middle,Male
5783_BenGazzara_52_m.jpg,BenGazzara,52,52,Middle,Male
5784_BenGazzara_53_m.jpg,BenGazzara,53,53,Middle,Male
5785_BenGazzara_55_m.jpg,BenGazzara,55,55,Middle,Male
5786_BenGazzara_59_m.jpg,BenGazzara,59,59,Senior,Male
5787_BenGazzara_61_m.jpg,BenGazzara,61,61,Senior,Male
5788_BenGazzara_64_m.jpg,BenGazzara,64,64,Senior,Male
5789_BenGazzara_67_m.jpg,BenGazzara,67,67,Senior,Male
578_MargaretThatcher_60_f.jpg,MargaretThatcher,60,60,Senior,Female
5790_BenGazzara_70_m.jpg,BenGazzara,70,70,Senior,Male
5791_BenGazzara_72_m.jpg,BenGazzara,72,72,Elderly,Male
5792_BenGazzara_73_m.jpg,BenGazzara,73,73,Elderly,Male
5793_BenGazzara_74_m.jpg,BenGazzara,74,74,Elderly,Male
5794_BenGazzara_74_m.jpg,BenGazzara,74,74,Elderly,Male
5795_BenGazzara_75_m.jpg,BenGazzara,75,75,Elderly,Male
5796_BenGazzara_76_m.jpg,BenGazzara,76,76,Elderly,Male
5797_BenGazzara_77_m.jpg,BenGazzara,77,77,Elderly,Male
5798_BenGazzara_78_m.jpg,BenGazzara,78,78,Elderly,Male
5799_BenGazzara_80_m.jpg,BenGazzara,80,80,Elderly,Male
57_Pele_52_m.jpg,Pele,52,52,Middle,Male
5800_BenGazzara_81_m.jpg,BenGazzara,81,81,Elderly,Male
5801_BenGazzara_82_m.jpg,BenGazzara,82,82,Elderly,Male
5802_ClarkGable_35_m.jpg,ClarkGable,35,35,Adult,Male
5803_ClarkGable_22_m.jpg,ClarkGable,22,22,Adult,Male
5804_ClarkGable_35_m.jpg,ClarkGable,35,35,Adult,Male
5805_ClarkGable_35_m.jpg,ClarkGable,35,35,Adult,Male
5806_ClarkGable_30_m.jpg,ClarkGable,30,30,Adult,Male
5807_ClarkGable_37_m.jpg,ClarkGable,37,37,Middle,Male
5808_ClarkGable_46_m.jpg,ClarkGable,46,46,Middle,Male
5809_ClarkGable_42_m.jpg,ClarkGable,42,42,Middle,Male
5810_ClarkGable_40_m.jpg,ClarkGable,40,40,Middle,Male
5811_ClarkGable_48_m.jpg,ClarkGable,48,48,Middle,Male
5812_ClarkGable_43_m.jpg,ClarkGable,43,43,Middle,Male
5813_ClarkGable_31_m.jpg,ClarkGable,31,31,Adult,Male
5814_ClarkGable_31_m.jpg,ClarkGable,31,31,Adult,Male
5815_ClarkGable_32_m.jpg,ClarkGable,32,32,Adult,Male
5816_ClarkGable_35_m.jpg,ClarkGable,35,35,Adult,Male
5817_FrancesDee_22_m.jpg,FrancesDee,22,22,Adult,Male
5818_FrancesDee_24_m.jpg,FrancesDee,24,24,Adult,Male
5819_FrancesDee_25_m.jpg,FrancesDee,25,25,Adult,Male
5820_FrancesDee_29_m.jpg,FrancesDee,29,29,Adult,Male
5821_FrancesDee_30_m.jpg,FrancesDee,30,30,Adult,Male
5822_FrancesDee_31_m.jpg,FrancesDee,31,31,Adult,Male
5823_FrancesDee_33_m.jpg,FrancesDee,33,33,Adult,Male
5824_FrancesDee_35_m.jpg,FrancesDee,35,35,Adult,Male
5825_FrancesDee_37_m.jpg,FrancesDee,37,37,Middle,Male
5826_FrancesDee_38_m.jpg,FrancesDee,38,38,Middle,Male
5827_FrancesDee_40_m.jpg,FrancesDee,40,40,Middle,Male
5828_FrancesDee_41_m.jpg,FrancesDee,41,41,Middle,Male
5829_FrancesDee_43_m.jpg,FrancesDee,43,43,Middle,Male
5830_FrancesDee_44_m.jpg,FrancesDee,44,44,Middle,Male
5831_FrancesDee_45_m.jpg,FrancesDee,45,45,Middle,Male
5832_FrancesDee_70_m.jpg,FrancesDee,70,70,Senior,Male
5833_FrancesDee_76_m.jpg,FrancesDee,76,76,Elderly,Male
5834_FrancesDee_83_m.jpg,FrancesDee,83,83,Elderly,Male
5835_FrancesDee_89_m.jpg,FrancesDee,89,89,Elderly,Male
5836_FrancesDee_90_m.jpg,FrancesDee,90,90,Elderly,Male
5837_FrancesDee_91_m.jpg,FrancesDee,91,91,Elderly,Male
5838_FrancesDee_93_m.jpg,FrancesDee,93,93,Elderly,Male
5839_HerbertLom_23_m.jpg,HerbertLom,23,23,Adult,Male
5840_HerbertLom_26_m.jpg,HerbertLom,26,26,Adult,Male
5841_HerbertLom_28_m.jpg,HerbertLom,28,28,Adult,Male
5842_HerbertLom_29_m.jpg,HerbertLom,29,29,Adult,Male
5843_HerbertLom_32_m.jpg,HerbertLom,32,32,Adult,Male
5844_HerbertLom_33_m.jpg,HerbertLom,33,33,Adult,Male
5845_HerbertLom_35_m.jpg,HerbertLom,35,35,Adult,Male
5846_HerbertLom_36_m.jpg,HerbertLom,36,36,Middle,Male
5847_HerbertLom_37_m.jpg,HerbertLom,37,37,Middle,Male
5848_HerbertLom_38_m.jpg,HerbertLom,38,38,Middle,Male
5849_HerbertLom_40_m.jpg,HerbertLom,40,40,Middle,Male
5850_HerbertLom_41_m.jpg,HerbertLom,41,41,Middle,Male
5851_HerbertLom_42_m.jpg,HerbertLom,42,42,Middle,Male
5852_HerbertLom_43_m.jpg,HerbertLom,43,43,Middle,Male
5853_HerbertLom_44_m.jpg,HerbertLom,44,44,Middle,Male
5854_HerbertLom_45_m.jpg,HerbertLom,45,45,Middle,Male
5855_HerbertLom_46_m.jpg,HerbertLom,46,46,Middle,Male
5856_HerbertLom_49_m.jpg,HerbertLom,49,49,Middle,Male
5857_HerbertLom_51_m.jpg,HerbertLom,51,51,Middle,Male
5858_HerbertLom_52_m.jpg,HerbertLom,52,52,Middle,Male
5859_HerbertLom_53_m.jpg,HerbertLom,53,53,Middle,Male
5860_HerbertLom_54_m.jpg,HerbertLom,54,54,Middle,Male
5861_HerbertLom_55_m.jpg,HerbertLom,55,55,Middle,Male
5862_HerbertLom_57_m.jpg,HerbertLom,57,57,Senior,Male
5863_HerbertLom_58_m.jpg,HerbertLom,58,58,Senior,Male
5864_HerbertLom_61_m.jpg,HerbertLom,61,61,Senior,Male
5865_HerbertLom_62_m.jpg,HerbertLom,62,62,Senior,Male
5866_HerbertLom_63_m.jpg,HerbertLom,63,63,Senior,Male
5867_HerbertLom_64_m.jpg,HerbertLom,64,64,Senior,Male
5868_HerbertLom_65_m.jpg,HerbertLom,65,65,Senior,Male
5869_HerbertLom_66_m.jpg,HerbertLom,66,66,Senior,Male
5870_HerbertLom_67_m.jpg,HerbertLom,67,67,Senior,Male
5871_HerbertLom_68_m.jpg,HerbertLom,68,68,Senior,Male
5872_HerbertLom_72_m.jpg,HerbertLom,72,72,Elderly,Male
5873_HerbertLom_74_m.jpg,HerbertLom,74,74,Elderly,Male
5874_HerbertLom_76_m.jpg,HerbertLom,76,76,Elderly,Male
5875_HerbertLom_78_m.jpg,HerbertLom,78,78,Elderly,Male
5876_HerbertLom_81_m.jpg,HerbertLom,81,81,Elderly,Male
5877_HerbertLom_83_m.jpg,HerbertLom,83,83,Elderly,Male
5878_HerbertLom_85_m.jpg,HerbertLom,85,85,Elderly,Male
5879_HerbertLom_87_m.jpg,HerbertLom,87,87,Elderly,Male
5880_HerbertLom_91_m.jpg,HerbertLom,91,91,Elderly,Male
5881_HerbertLom_93_m.jpg,HerbertLom,93,93,Elderly,Male
5882_HerbertLom_94_m.jpg,HerbertLom,94,94,Elderly,Male
5883_HerbertLom_95_m.jpg,HerbertLom,95,95,Elderly,Male
5884_HowardKeel_29_m.jpg,HowardKeel,29,29,Adult,Male
5885_HowardKeel_30_m.jpg,HowardKeel,30,30,Adult,Male
5886_HowardKeel_31_m.jpg,HowardKeel,31,31,Adult,Male
5887_HowardKeel_32_m.jpg,HowardKeel,32,32,Adult,Male
5888_HowardKeel_33_m.jpg,HowardKeel,33,33,Adult,Male
5889_HowardKeel_34_m.jpg,HowardKeel,34,34,Adult,Male
5890_HowardKeel_35_m.jpg,HowardKeel,35,35,Adult,Male
5891_HowardKeel_36_m.jpg,HowardKeel,36,36,Middle,Male
5892_HowardKeel_37_m.jpg,HowardKeel,37,37,Middle,Male
5893_HowardKeel_38_m.jpg,HowardKeel,38,38,Middle,Male
5894_HowardKeel_39_m.jpg,HowardKeel,39,39,Middle,Male
5895_HowardKeel_40_m.jpg,HowardKeel,40,40,Middle,Male
5896_HowardKeel_42_m.jpg,HowardKeel,42,42,Middle,Male
5897_HowardKeel_43_m.jpg,HowardKeel,43,43,Middle,Male
5898_HowardKeel_46_m.jpg,HowardKeel,46,46,Middle,Male
5899_HowardKeel_50_m.jpg,HowardKeel,50,50,Middle,Male
58_Pele_55_m.jpg,Pele,55,55,Middle,Male
5900_HowardKeel_52_m.jpg,HowardKeel,52,52,Middle,Male
5901_HowardKeel_56_m.jpg,HowardKeel,56,56,Senior,Male
5902_HowardKeel_58_m.jpg,HowardKeel,58,58,Senior,Male
5903_HowardKeel_59_m.jpg,HowardKeel,59,59,Senior,Male
5904_HowardKeel_60_m.jpg,HowardKeel,60,60,Senior,Male
5905_HowardKeel_61_m.jpg,HowardKeel,61,61,Senior,Male
5906_HowardKeel_62_m.jpg,HowardKeel,62,62,Senior,Male
5907_HowardKeel_63_m.jpg,HowardKeel,63,63,Senior,Male
5908_HowardKeel_64_m.jpg,HowardKeel,64,64,Senior,Male
5909_HowardKeel_65_m.jpg,HowardKeel,65,65,Senior,Male
5910_HowardKeel_67_m.jpg,HowardKeel,67,67,Senior,Male
5911_HowardKeel_68_m.jpg,HowardKeel,68,68,Senior,Male
5912_HowardKeel_70_m.jpg,HowardKeel,70,70,Senior,Male
5913_HowardKeel_71_m.jpg,HowardKeel,71,71,Elderly,Male
5914_HowardKeel_72_m.jpg,HowardKeel,72,72,Elderly,Male
5915_HowardKeel_73_m.jpg,HowardKeel,73,73,Elderly,Male
5916_HowardKeel_77_m.jpg,HowardKeel,77,77,Elderly,Male
5917_HowardKeel_80_m.jpg,HowardKeel,80,80,Elderly,Male
5918_HowardKeel_83_m.jpg,HowardKeel,83,83,Elderly,Male
5919_HowardKeel_84_m.jpg,HowardKeel,84,84,Elderly,Male
5920_HowardKeel_85_m.jpg,HowardKeel,85,85,Elderly,Male
5921_HowardKeel_75_m.jpg,HowardKeel,75,75,Elderly,Male
5922_HowardKeel_81_m.jpg,HowardKeel,81,81,Elderly,Male
5923_JackLarson_22_m.jpg,JackLarson,22,22,Adult,Male
5924_JackLarson_23_m.jpg,JackLarson,23,23,Adult,Male
5925_JackLarson_24_m.jpg,JackLarson,24,24,Adult,Male
5926_JackLarson_26_m.jpg,JackLarson,26,26,Adult,Male
5927_JackLarson_27_m.jpg,JackLarson,27,27,Adult,Male
5928_JackLarson_30_m.jpg,JackLarson,30,30,Adult,Male
5929_JackLarson_32_m.jpg,JackLarson,32,32,Adult,Male
5930_JackLarson_37_m.jpg,JackLarson,37,37,Middle,Male
5931_JackLarson_40_m.jpg,JackLarson,40,40,Middle,Male
5932_JackLarson_45_m.jpg,JackLarson,45,45,Middle,Male
5933_JackLarson_57_m.jpg,JackLarson,57,57,Senior,Male
5934_JackLarson_62_m.jpg,JackLarson,62,62,Senior,Male
5935_JackLarson_67_m.jpg,JackLarson,67,67,Senior,Male
5936_JackLarson_69_m.jpg,JackLarson,69,69,Senior,Male
5937_JackLarson_72_m.jpg,JackLarson,72,72,Elderly,Male
5938_JackLarson_73_m.jpg,JackLarson,73,73,Elderly,Male
5939_JackLarson_74_m.jpg,JackLarson,74,74,Elderly,Male
5940_JackLarson_76_m.jpg,JackLarson,76,76,Elderly,Male
5941_JackLarson_77_m.jpg,JackLarson,77,77,Elderly,Male
5942_JackLarson_78_m.jpg,JackLarson,78,78,Elderly,Male
5943_JackLarson_79_m.jpg,JackLarson,79,79,Elderly,Male
5944_JackLarson_80_m.jpg,JackLarson,80,80,Elderly,Male
5945_JackLarson_81_m.jpg,JackLarson,81,81,Elderly,Male
5946_JackLarson_82_m.jpg,JackLarson,82,82,Elderly,Male
5947_JackLarson_83_m.jpg,JackLarson,83,83,Elderly,Male
5948_JackLarson_84_m.jpg,JackLarson,84,84,Elderly,Male
5949_JeanMarais_17_m.jpg,JeanMarais,17,17,Juvenile,Male
5950_JeanMarais_24_m.jpg,JeanMarais,24,24,Adult,Male
5951_JeanMarais_25_m.jpg,JeanMarais,25,25,Adult,Male
5952_JeanMarais_27_m.jpg,JeanMarais,27,27,Adult,Male
5953_JeanMarais_29_m.jpg,JeanMarais,29,29,Adult,Male
5954_JeanMarais_30_m.jpg,JeanMarais,30,30,Adult,Male
5955_JeanMarais_31_m.jpg,JeanMarais,31,31,Adult,Male
5956_JeanMarais_31_m.jpg,JeanMarais,31,31,Adult,Male
5957_JeanMarais_32_m.jpg,JeanMarais,32,32,Adult,Male
5958_JeanMarais_33_m.jpg,JeanMarais,33,33,Adult,Male
5959_JeanMarais_34_m.jpg,JeanMarais,34,34,Adult,Male
5960_JeanMarais_35_m.jpg,JeanMarais,35,35,Adult,Male
5961_JeanMarais_36_m.jpg,JeanMarais,36,36,Middle,Male
5962_JeanMarais_37_m.jpg,JeanMarais,37,37,Middle,Male
5963_JeanMarais_38_m.jpg,JeanMarais,38,38,Middle,Male
5964_JeanMarais_43_m.jpg,JeanMarais,43,43,Middle,Male
5965_JeanMarais_44_m.jpg,JeanMarais,44,44,Middle,Male
5966_JeanMarais_45_m.jpg,JeanMarais,45,45,Middle,Male
5967_JeanMarais_47_m.jpg,JeanMarais,47,47,Middle,Male
5968_JeanMarais_48_m.jpg,JeanMarais,48,48,Middle,Male
5969_JeanMarais_49_m.jpg,JeanMarais,49,49,Middle,Male
5970_JeanMarais_51_m.jpg,JeanMarais,51,51,Middle,Male
5971_JeanMarais_52_m.jpg,JeanMarais,52,52,Middle,Male
5972_JeanMarais_53_m.jpg,JeanMarais,53,53,Middle,Male
5973_JeanMarais_56_m.jpg,JeanMarais,56,56,Senior,Male
5974_JeanMarais_57_m.jpg,JeanMarais,57,57,Senior,Male
5975_JeanMarais_59_m.jpg,JeanMarais,59,59,Senior,Male
5976_JeanMarais_66_m.jpg,JeanMarais,66,66,Senior,Male
5977_JeanMarais_67_m.jpg,JeanMarais,67,67,Senior,Male
5978_JeanMarais_69_m.jpg,JeanMarais,69,69,Senior,Male
5979_JeanMarais_73_m.jpg,JeanMarais,73,73,Elderly,Male
5980_JeanMarais_77_m.jpg,JeanMarais,77,77,Elderly,Male
5981_JeanMarais_79_m.jpg,JeanMarais,79,79,Elderly,Male
5982_JeanMarais_80_m.jpg,JeanMarais,80,80,Elderly,Male
5983_JeanMarais_81_m.jpg,JeanMarais,81,81,Elderly,Male
5984_JeanMarais_82_m.jpg,JeanMarais,82,82,Elderly,Male
5985_JeanMarais_83_m.jpg,JeanMarais,83,83,Elderly,Male
5986_JeanMarais_84_m.jpg,JeanMarais,84,84,Elderly,Male
5987_JeanMarais_85_m.jpg,JeanMarais,85,85,Elderly,Male
59_Pele_19_m.jpg,Pele,19,19,Adult,Male
6023_RafVallone_34_m.jpg,RafVallone,34,34,Adult,Male
6024_RafVallone_25_m.jpg,RafVallone,25,25,Adult,Male
6025_RafVallone_26_m.jpg,RafVallone,26,26,Adult,Male
6026_RafVallone_28_m.jpg,RafVallone,28,28,Adult,Male
6027_RafVallone_32_m.jpg,RafVallone,32,32,Adult,Male
6028_RafVallone_33_m.jpg,RafVallone,33,33,Adult,Male
6029_RafVallone_35_m.jpg,RafVallone,35,35,Adult,Male
6030_RafVallone_36_m.jpg,RafVallone,36,36,Middle,Male
6031_RafVallone_37_m.jpg,RafVallone,37,37,Middle,Male
6032_RafVallone_38_m.jpg,RafVallone,38,38,Middle,Male
6033_RafVallone_39_m.jpg,RafVallone,39,39,Middle,Male
6034_RafVallone_40_m.jpg,RafVallone,40,40,Middle,Male
6035_RafVallone_41_m.jpg,RafVallone,41,41,Middle,Male
6036_RafVallone_42_m.jpg,RafVallone,42,42,Middle,Male
6037_RafVallone_45_m.jpg,RafVallone,45,45,Middle,Male
6038_RafVallone_46_m.jpg,RafVallone,46,46,Middle,Male
6039_RafVallone_47_m.jpg,RafVallone,47,47,Middle,Male
6040_RafVallone_48_m.jpg,RafVallone,48,48,Middle,Male
6041_RafVallone_49_m.jpg,RafVallone,49,49,Middle,Male
6042_RafVallone_50_m.jpg,RafVallone,50,50,Middle,Male
6043_RafVallone_51_m.jpg,RafVallone,51,51,Middle,Male
6044_RafVallone_52_m.jpg,RafVallone,52,52,Middle,Male
6045_RafVallone_56_m.jpg,RafVallone,56,56,Senior,Male
6046_RafVallone_57_m.jpg,RafVallone,57,57,Senior,Male
6047_RafVallone_60_m.jpg,RafVallone,60,60,Senior,Male
6048_RafVallone_61_m.jpg,RafVallone,61,61,Senior,Male
6049_RafVallone_62_m.jpg,RafVallone,62,62,Senior,Male
6050_RafVallone_63_m.jpg,RafVallone,63,63,Senior,Male
6051_RafVallone_65_m.jpg,RafVallone,65,65,Senior,Male
6052_RafVallone_67_m.jpg,RafVallone,67,67,Senior,Male
6053_RafVallone_68_m.jpg,RafVallone,68,68,Senior,Male
6054_RafVallone_72_m.jpg,RafVallone,72,72,Elderly,Male
6055_RafVallone_77_m.jpg,RafVallone,77,77,Elderly,Male
6056_RafVallone_82_m.jpg,RafVallone,82,82,Elderly,Male
6057_RafVallone_84_m.jpg,RafVallone,84,84,Elderly,Male
6058_RafVallone_86_m.jpg,RafVallone,86,86,Elderly,Male
6059_WilliamShatner_24_m.jpg,WilliamShatner,24,24,Adult,Male
6060_WilliamShatner_27_m.jpg,WilliamShatner,27,27,Adult,Male
6061_WilliamShatner_28_m.jpg,WilliamShatner,28,28,Adult,Male
6062_WilliamShatner_29_m.jpg,WilliamShatner,29,29,Adult,Male
6063_WilliamShatner_32_m.jpg,WilliamShatner,32,32,Adult,Male
6064_WilliamShatner_33_m.jpg,WilliamShatner,33,33,Adult,Male
6065_WilliamShatner_36_m.jpg,WilliamShatner,36,36,Middle,Male
6066_WilliamShatner_38_m.jpg,WilliamShatner,38,38,Middle,Male
6067_WilliamShatner_40_m.jpg,WilliamShatner,40,40,Middle,Male
6068_WilliamShatner_41_m.jpg,WilliamShatner,41,41,Middle,Male
6069_WilliamShatner_42_m.jpg,WilliamShatner,42,42,Middle,Male
6070_WilliamShatner_44_m.jpg,WilliamShatner,44,44,Middle,Male
6071_WilliamShatner_45_m.jpg,WilliamShatner,45,45,Middle,Male
6072_WilliamShatner_47_m.jpg,WilliamShatner,47,47,Middle,Male
6073_WilliamShatner_48_m.jpg,WilliamShatner,48,48,Middle,Male
6074_WilliamShatner_50_m.jpg,WilliamShatner,50,50,Middle,Male
6075_WilliamShatner_52_m.jpg,WilliamShatner,52,52,Middle,Male
6076_WilliamShatner_55_m.jpg,WilliamShatner,55,55,Middle,Male
6077_WilliamShatner_58_m.jpg,WilliamShatner,58,58,Senior,Male
6078_WilliamShatner_60_m.jpg,WilliamShatner,60,60,Senior,Male
6079_WilliamShatner_63_m.jpg,WilliamShatner,63,63,Senior,Male
6080_WilliamShatner_64_m.jpg,WilliamShatner,64,64,Senior,Male
6081_WilliamShatner_65_m.jpg,WilliamShatner,65,65,Senior,Male
6082_WilliamShatner_67_m.jpg,WilliamShatner,67,67,Senior,Male
6083_WilliamShatner_69_m.jpg,WilliamShatner,69,69,Senior,Male
6084_WilliamShatner_70_m.jpg,WilliamShatner,70,70,Senior,Male
6085_WilliamShatner_71_m.jpg,WilliamShatner,71,71,Elderly,Male
6086_WilliamShatner_74_m.jpg,WilliamShatner,74,74,Elderly,Male
6087_WilliamShatner_76_m.jpg,WilliamShatner,76,76,Elderly,Male
6088_WilliamShatner_77_m.jpg,WilliamShatner,77,77,Elderly,Male
6089_WilliamShatner_80_m.jpg,WilliamShatner,80,80,Elderly,Male
6090_WilliamShatner_39_m.jpg,WilliamShatner,39,39,Middle,Male
6091_WilliamShatner_49_m.jpg,WilliamShatner,49,49,Middle,Male
6092_WilliamShatner_72_m.jpg,WilliamShatner,72,72,Elderly,Male
6093_WilliamShatner_75_m.jpg,WilliamShatner,75,75,Elderly,Male
6094_WilliamShatner_81_m.jpg,WilliamShatner,81,81,Elderly,Male
6095_CaryGrant_40_m.jpg,CaryGrant,40,40,Middle,Male
6096_CaryGrant_70_m.jpg,CaryGrant,70,70,Senior,Male
6097_CaryGrant_52_m.jpg,CaryGrant,52,52,Middle,Male
6098_CaryGrant_72_m.jpg,CaryGrant,72,72,Elderly,Male
6099_CaryGrant_69_m.jpg,CaryGrant,69,69,Senior,Male
60_Pele_21_m.jpg,Pele,21,21,Adult,Male
6100_CaryGrant_27_m.jpg,CaryGrant,27,27,Adult,Male
6101_CaryGrant_75_m.jpg,CaryGrant,75,75,Elderly,Male
6102_CaryGrant_50_m.jpg,CaryGrant,50,50,Middle,Male
6103_CaryGrant_36_m.jpg,CaryGrant,36,36,Middle,Male
6104_CaryGrant_37_m.jpg,CaryGrant,37,37,Middle,Male
6105_CaryGrant_44_m.jpg,CaryGrant,44,44,Middle,Male
6106_CaryGrant_45_m.jpg,CaryGrant,45,45,Middle,Male
6107_CaryGrant_48_m.jpg,CaryGrant,48,48,Middle,Male
6108_CaryGrant_55_m.jpg,CaryGrant,55,55,Middle,Male
6109_CaryGrant_59_m.jpg,CaryGrant,59,59,Senior,Male
6110_CaryGrant_66_m.jpg,CaryGrant,66,66,Senior,Male
6111_CaryGrant_69_m.jpg,CaryGrant,69,69,Senior,Male
6112_CaryGrant_69_m.jpg,CaryGrant,69,69,Senior,Male
6113_CaryGrant_74_m.jpg,CaryGrant,74,74,Elderly,Male
6114_CaryGrant_77_m.jpg,CaryGrant,77,77,Elderly,Male
6115_CaryGrant_34_m.jpg,CaryGrant,34,34,Adult,Male
6116_CaryGrant_32_m.jpg,CaryGrant,32,32,Adult,Male
6117_CaryGrant_58_m.jpg,CaryGrant,58,58,Senior,Male
6118_CaryGrant_30_m.jpg,CaryGrant,30,30,Adult,Male
6119_CaryGrant_53_m.jpg,CaryGrant,53,53,Middle,Male
6120_CaryGrant_52_m.jpg,CaryGrant,52,52,Middle,Male
6121_CaryGrant_28_m.jpg,CaryGrant,28,28,Adult,Male
6122_CaryGrant_30_m.jpg,CaryGrant,30,30,Adult,Male
6123_CaryGrant_35_m.jpg,CaryGrant,35,35,Adult,Male
6124_CaryGrant_32_m.jpg,CaryGrant,32,32,Adult,Male
6125_CaryGrant_48_m.jpg,CaryGrant,48,48,Middle,Male
6126_CaryGrant_28_m.jpg,CaryGrant,28,28,Adult,Male
6127_CaryGrant_33_m.jpg,CaryGrant,33,33,Adult,Male
6128_CaryGrant_28_m.jpg,CaryGrant,28,28,Adult,Male
6129_CaryGrant_28_m.jpg,CaryGrant,28,28,Adult,Male
6169_DenzelWashington_42_m.jpg,DenzelWashington,42,42,Middle,Male
6170_DenzelWashington_50_m.jpg,DenzelWashington,50,50,Middle,Male
6171_DenzelWashington_38_m.jpg,DenzelWashington,38,38,Middle,Male
6172_DenzelWashington_55_m.jpg,DenzelWashington,55,55,Middle,Male
6173_DenzelWashington_35_m.jpg,DenzelWashington,35,35,Adult,Male
6174_DenzelWashington_40_m.jpg,DenzelWashington,40,40,Middle,Male
6175_DenzelWashington_15_m.jpg,DenzelWashington,15,15,Juvenile,Male
6176_DenzelWashington_20_m.jpg,DenzelWashington,20,20,Adult,Male
6177_DenzelWashington_50_m.jpg,DenzelWashington,50,50,Middle,Male
6178_DenzelWashington_45_m.jpg,DenzelWashington,45,45,Middle,Male
6179_DenzelWashington_50_m.jpg,DenzelWashington,50,50,Middle,Male
6180_DenzelWashington_22_m.jpg,DenzelWashington,22,22,Adult,Male
6181_DenzelWashington_25_m.jpg,DenzelWashington,25,25,Adult,Male
6182_DenzelWashington_40_m.jpg,DenzelWashington,40,40,Middle,Male
6183_DenzelWashington_55_m.jpg,DenzelWashington,55,55,Middle,Male
6184_DenzelWashington_52_m.jpg,DenzelWashington,52,52,Middle,Male
6185_DenzelWashington_50_m.jpg,DenzelWashington,50,50,Middle,Male
6186_DenzelWashington_48_m.jpg,DenzelWashington,48,48,Middle,Male
6187_DenzelWashington_55_m.jpg,DenzelWashington,55,55,Middle,Male
6188_DickieMoore_7_m.jpg,DickieMoore,7,7,Child,Male
6189_DickieMoore_8_m.jpg,DickieMoore,8,8,Child,Male
6190_DickieMoore_9_m.jpg,DickieMoore,9,9,Child,Male
6191_DickieMoore_10_m.jpg,DickieMoore,10,10,Child,Male
6192_DickieMoore_11_m.jpg,DickieMoore,11,11,Child,Male
6193_DickieMoore_15_m.jpg,DickieMoore,15,15,Juvenile,Male
6194_DickieMoore_16_m.jpg,DickieMoore,16,16,Juvenile,Male
6195_DickieMoore_17_m.jpg,DickieMoore,17,17,Juvenile,Male
6196_DickieMoore_18_m.jpg,DickieMoore,18,18,Adult,Male
6197_DickieMoore_20_m.jpg,DickieMoore,20,20,Adult,Male
6198_DickieMoore_23_m.jpg,DickieMoore,23,23,Adult,Male
6199_DickieMoore_24_m.jpg,DickieMoore,24,24,Adult,Male
61_Pele_58_m.jpg,Pele,58,58,Senior,Male
6200_DickieMoore_27_m.jpg,DickieMoore,27,27,Adult,Male
6201_DickieMoore_57_m.jpg,DickieMoore,57,57,Senior,Male
6202_DickieMoore_62_m.jpg,DickieMoore,62,62,Senior,Male
6203_DickieMoore_63_m.jpg,DickieMoore,63,63,Senior,Male
6204_DickieMoore_66_m.jpg,DickieMoore,66,66,Senior,Male
6205_DickieMoore_73_m.jpg,DickieMoore,73,73,Elderly,Male
6206_DickieMoore_79_m.jpg,DickieMoore,79,79,Elderly,Male
6207_DickieMoore_80_m.jpg,DickieMoore,80,80,Elderly,Male
6208_DickieMoore_84_m.jpg,DickieMoore,84,84,Elderly,Male
6209_DickieMoore_86_m.jpg,DickieMoore,86,86,Elderly,Male
6210_DickieMoore_88_m.jpg,DickieMoore,88,88,Elderly,Male
6211_DickieMoore_19_m.jpg,DickieMoore,19,19,Adult,Male
6212_DickieMoore_21_m.jpg,DickieMoore,21,21,Adult,Male
6213_DickieMoore_22_m.jpg,DickieMoore,22,22,Adult,Male
6214_DickieMoore_59_m.jpg,DickieMoore,59,59,Senior,Male
6215_DickieMoore_61_m.jpg,DickieMoore,61,61,Senior,Male
6216_DickieMoore_64_m.jpg,DickieMoore,64,64,Senior,Male
6217_DickieMoore_75_m.jpg,DickieMoore,75,75,Elderly,Male
6218_DickieMoore_77_m.jpg,DickieMoore,77,77,Elderly,Male
6219_DickieMoore_78_m.jpg,DickieMoore,78,78,Elderly,Male
6220_DickieMoore_81_m.jpg,DickieMoore,81,81,Elderly,Male
6221_DickieMoore_85_m.jpg,DickieMoore,85,85,Elderly,Male
6222_DickieMoore_87_m.jpg,DickieMoore,87,87,Elderly,Male
6223_DirkBogarde_11_m.jpg,DirkBogarde,11,11,Child,Male
6224_DirkBogarde_18_m.jpg,DirkBogarde,18,18,Adult,Male
6225_DirkBogarde_22_m.jpg,DirkBogarde,22,22,Adult,Male
6226_DirkBogarde_27_m.jpg,DirkBogarde,27,27,Adult,Male
6227_DirkBogarde_27_m.jpg,DirkBogarde,27,27,Adult,Male
6228_DirkBogarde_28_m.jpg,DirkBogarde,28,28,Adult,Male
6229_DirkBogarde_23_m.jpg,DirkBogarde,23,23,Adult,Male
6230_DirkBogarde_29_m.jpg,DirkBogarde,29,29,Adult,Male
6231_DirkBogarde_31_m.jpg,DirkBogarde,31,31,Adult,Male
6232_DirkBogarde_31_m.jpg,DirkBogarde,31,31,Adult,Male
6233_DirkBogarde_32_m.jpg,DirkBogarde,32,32,Adult,Male
6234_DirkBogarde_33_m.jpg,DirkBogarde,33,33,Adult,Male
6235_DirkBogarde_34_m.jpg,DirkBogarde,34,34,Adult,Male
6236_DirkBogarde_35_m.jpg,DirkBogarde,35,35,Adult,Male
6237_DirkBogarde_36_m.jpg,DirkBogarde,36,36,Middle,Male
6238_DirkBogarde_37_m.jpg,DirkBogarde,37,37,Middle,Male
6239_DirkBogarde_37_m.jpg,DirkBogarde,37,37,Middle,Male
6240_DirkBogarde_38_m.jpg,DirkBogarde,38,38,Middle,Male
6241_DirkBogarde_39_m.jpg,DirkBogarde,39,39,Middle,Male
6242_DirkBogarde_40_m.jpg,DirkBogarde,40,40,Middle,Male
6243_DirkBogarde_40_m.jpg,DirkBogarde,40,40,Middle,Male
6244_DirkBogarde_41_m.jpg,DirkBogarde,41,41,Middle,Male
6245_DirkBogarde_42_m.jpg,DirkBogarde,42,42,Middle,Male
6246_DirkBogarde_43_m.jpg,DirkBogarde,43,43,Middle,Male
6247_DirkBogarde_45_m.jpg,DirkBogarde,45,45,Middle,Male
6248_DirkBogarde_45_m.jpg,DirkBogarde,45,45,Middle,Male
6249_DirkBogarde_46_m.jpg,DirkBogarde,46,46,Middle,Male
624_mitsotakis_44_m.jpg,mitsotakis,44,44,Middle,Male
6250_DirkBogarde_47_m.jpg,DirkBogarde,47,47,Middle,Male
6251_DirkBogarde_51_m.jpg,DirkBogarde,51,51,Middle,Male
6252_DirkBogarde_52_m.jpg,DirkBogarde,52,52,Middle,Male
6253_DirkBogarde_53_m.jpg,DirkBogarde,53,53,Middle,Male
6254_DirkBogarde_54_m.jpg,DirkBogarde,54,54,Middle,Male
6255_DirkBogarde_56_m.jpg,DirkBogarde,56,56,Senior,Male
6256_DirkBogarde_56_m.jpg,DirkBogarde,56,56,Senior,Male
6257_DirkBogarde_57_m.jpg,DirkBogarde,57,57,Senior,Male
6258_DirkBogarde_60_m.jpg,DirkBogarde,60,60,Senior,Male
6259_DirkBogarde_62_m.jpg,DirkBogarde,62,62,Senior,Male
625_mitsotakis_83_m.jpg,mitsotakis,83,83,Elderly,Male
6260_DirkBogarde_65_m.jpg,DirkBogarde,65,65,Senior,Male
6261_DirkBogarde_65_m.jpg,DirkBogarde,65,65,Senior,Male
6262_DirkBogarde_67_m.jpg,DirkBogarde,67,67,Senior,Male
6263_DirkBogarde_69_m.jpg,DirkBogarde,69,69,Senior,Male
6264_DirkBogarde_72_m.jpg,DirkBogarde,72,72,Elderly,Male
626_mitsotakis_75_m.jpg,mitsotakis,75,75,Elderly,Male
627_mitsotakis_85_m.jpg,mitsotakis,85,85,Elderly,Male
628_mitsotakis_34_m.jpg,mitsotakis,34,34,Adult,Male
629_mitsotakis_34_m.jpg,mitsotakis,34,34,Adult,Male
62_Pele_55_m.jpg,Pele,55,55,Middle,Male
630_mitsotakis_37_m.jpg,mitsotakis,37,37,Middle,Male
631_mitsotakis_93_m.jpg,mitsotakis,93,93,Elderly,Male
632_mitsotakis_46_m.jpg,mitsotakis,46,46,Middle,Male
633_mitsotakis_66_m.jpg,mitsotakis,66,66,Senior,Male
634_mitsotakis_70_m.jpg,mitsotakis,70,70,Senior,Male
635_mitsotakis_72_m.jpg,mitsotakis,72,72,Elderly,Male
636_mitsotakis_75_m.jpg,mitsotakis,75,75,Elderly,Male
637_mitsotakis_81_m.jpg,mitsotakis,81,81,Elderly,Male
638_mitsotakis_95_m.jpg,mitsotakis,95,95,Elderly,Male
639_mitsotakis_76_m.jpg,mitsotakis,76,76,Elderly,Male
63_Pele_58_m.jpg,Pele,58,58,Senior,Male
640_mitsotakis_44_m.jpg,mitsotakis,44,44,Middle,Male
641_mitsotakis_70_m.jpg,mitsotakis,70,70,Senior,Male
642_mitsotakis_35_m.jpg,mitsotakis,35,35,Adult,Male
643_mitsotakis_72_m.jpg,mitsotakis,72,72,Elderly,Male
6444_JohnVernon_30_m.jpg,JohnVernon,30,30,Adult,Male
6445_JohnVernon_31_m.jpg,JohnVernon,31,31,Adult,Male
6446_JohnVernon_32_m.jpg,JohnVernon,32,32,Adult,Male
6447_JohnVernon_33_m.jpg,JohnVernon,33,33,Adult,Male
6448_JohnVernon_34_m.jpg,JohnVernon,34,34,Adult,Male
6449_JohnVernon_35_m.jpg,JohnVernon,35,35,Adult,Male
644_mitsotakis_93_m.jpg,mitsotakis,93,93,Elderly,Male
6450_JohnVernon_36_m.jpg,JohnVernon,36,36,Middle,Male
6451_JohnVernon_37_m.jpg,JohnVernon,37,37,Middle,Male
6452_JohnVernon_38_m.jpg,JohnVernon,38,38,Middle,Male
6453_JohnVernon_39_m.jpg,JohnVernon,39,39,Middle,Male
6454_JohnVernon_40_m.jpg,JohnVernon,40,40,Middle,Male
6455_JohnVernon_41_m.jpg,JohnVernon,41,41,Middle,Male
6456_JohnVernon_42_m.jpg,JohnVernon,42,42,Middle,Male
6457_JohnVernon_46_m.jpg,JohnVernon,46,46,Middle,Male
6458_JohnVernon_47_m.jpg,JohnVernon,47,47,Middle,Male
6459_JohnVernon_49_m.jpg,JohnVernon,49,49,Middle,Male
645_mitsotakis_83_m.jpg,mitsotakis,83,83,Elderly,Male
6460_JohnVernon_50_m.jpg,JohnVernon,50,50,Middle,Male
6461_JohnVernon_51_m.jpg,JohnVernon,51,51,Middle,Male
6462_JohnVernon_52_m.jpg,JohnVernon,52,52,Middle,Male
6463_JohnVernon_53_m.jpg,JohnVernon,53,53,Middle,Male
6464_JohnVernon_54_m.jpg,JohnVernon,54,54,Middle,Male
6465_JohnVernon_56_m.jpg,JohnVernon,56,56,Senior,Male
6466_JohnVernon_57_m.jpg,JohnVernon,57,57,Senior,Male
6467_JohnVernon_58_m.jpg,JohnVernon,58,58,Senior,Male
6468_JohnVernon_60_m.jpg,JohnVernon,60,60,Senior,Male
6469_JohnVernon_63_m.jpg,JohnVernon,63,63,Senior,Male
646_TonyBlair_43_m.jpg,TonyBlair,43,43,Middle,Male
6470_JohnVernon_67_m.jpg,JohnVernon,67,67,Senior,Male
6471_JohnVernon_71_m.jpg,JohnVernon,71,71,Elderly,Male
647_TonyBlair_51_m.jpg,TonyBlair,51,51,Middle,Male
648_TonyBlair_39_m.jpg,TonyBlair,39,39,Middle,Male
649_TonyBlair_52_m.jpg,TonyBlair,52,52,Middle,Male
64_Pele_20_m.jpg,Pele,20,20,Adult,Male
650_TonyBlair_54_m.jpg,TonyBlair,54,54,Middle,Male
6517_KlausKinski_22_m.jpg,KlausKinski,22,22,Adult,Male
6518_KlausKinski_24_m.jpg,KlausKinski,24,24,Adult,Male
6519_KlausKinski_28_m.jpg,KlausKinski,28,28,Adult,Male
651_TonyBlair_55_m.jpg,TonyBlair,55,55,Middle,Male
6520_KlausKinski_29_m.jpg,KlausKinski,29,29,Adult,Male
6521_KlausKinski_29_m.jpg,KlausKinski,29,29,Adult,Male
6522_KlausKinski_30_m.jpg,KlausKinski,30,30,Adult,Male
6523_KlausKinski_34_m.jpg,KlausKinski,34,34,Adult,Male
6524_KlausKinski_35_m.jpg,KlausKinski,35,35,Adult,Male
6525_KlausKinski_36_m.jpg,KlausKinski,36,36,Middle,Male
6526_KlausKinski_37_m.jpg,KlausKinski,37,37,Middle,Male
6527_KlausKinski_38_m.jpg,KlausKinski,38,38,Middle,Male
6528_KlausKinski_39_m.jpg,KlausKinski,39,39,Middle,Male
6529_KlausKinski_40_m.jpg,KlausKinski,40,40,Middle,Male
652_TonyBlair_58_m.jpg,TonyBlair,58,58,Senior,Male
6530_KlausKinski_41_m.jpg,KlausKinski,41,41,Middle,Male
6531_KlausKinski_42_m.jpg,KlausKinski,42,42,Middle,Male
6532_KlausKinski_43_m.jpg,KlausKinski,43,43,Middle,Male
6533_KlausKinski_44_m.jpg,KlausKinski,44,44,Middle,Male
6534_KlausKinski_45_m.jpg,KlausKinski,45,45,Middle,Male
6535_KlausKinski_46_m.jpg,KlausKinski,46,46,Middle,Male
6536_KlausKinski_47_m.jpg,KlausKinski,47,47,Middle,Male
6537_KlausKinski_48_m.jpg,KlausKinski,48,48,Middle,Male
6538_KlausKinski_50_m.jpg,KlausKinski,50,50,Middle,Male
6539_KlausKinski_51_m.jpg,KlausKinski,51,51,Middle,Male
653_TonyBlair_51_m.jpg,TonyBlair,51,51,Middle,Male
6540_KlausKinski_52_m.jpg,KlausKinski,52,52,Middle,Male
6541_KlausKinski_54_m.jpg,KlausKinski,54,54,Middle,Male
6542_KlausKinski_56_m.jpg,KlausKinski,56,56,Senior,Male
6543_KlausKinski_59_m.jpg,KlausKinski,59,59,Senior,Male
6544_KlausKinski_61_m.jpg,KlausKinski,61,61,Senior,Male
6545_KlausKinski_62_m.jpg,KlausKinski,62,62,Senior,Male
6546_KlausKinski_63_m.jpg,KlausKinski,63,63,Senior,Male
6547_LeeJCobb_24_m.jpg,LeeJCobb,24,24,Adult,Male
6548_LeeJCobb_26_m.jpg,LeeJCobb,26,26,Adult,Male
6549_LeeJCobb_28_m.jpg,LeeJCobb,28,28,Adult,Male
654_TonyBlair_54_m.jpg,TonyBlair,54,54,Middle,Male
6550_LeeJCobb_34_m.jpg,LeeJCobb,34,34,Adult,Male
6551_LeeJCobb_35_m.jpg,LeeJCobb,35,35,Adult,Male
6552_LeeJCobb_37_m.jpg,LeeJCobb,37,37,Middle,Male
6553_LeeJCobb_38_m.jpg,LeeJCobb,38,38,Middle,Male
6554_LeeJCobb_39_m.jpg,LeeJCobb,39,39,Middle,Male
6555_LeeJCobb_47_m.jpg,LeeJCobb,47,47,Middle,Male
6556_LeeJCobb_51_m.jpg,LeeJCobb,51,51,Middle,Male
6557_LeeJCobb_53_m.jpg,LeeJCobb,53,53,Middle,Male
6558_LeeJCobb_57_m.jpg,LeeJCobb,57,57,Senior,Male
6559_LeeJCobb_61_m.jpg,LeeJCobb,61,61,Senior,Male
655_TonyBlair_38_m.jpg,TonyBlair,38,38,Middle,Male
6560_LeeJCobb_63_m.jpg,LeeJCobb,63,63,Senior,Male
6561_LeeJCobb_40_m.jpg,LeeJCobb,40,40,Middle,Male
6562_LeeJCobb_42_m.jpg,LeeJCobb,42,42,Middle,Male
6563_LeeJCobb_43_m.jpg,LeeJCobb,43,43,Middle,Male
6564_LeeJCobb_44_m.jpg,LeeJCobb,44,44,Middle,Male
6565_LeeJCobb_46_m.jpg,LeeJCobb,46,46,Middle,Male
6566_LeeJCobb_48_m.jpg,LeeJCobb,48,48,Middle,Male
6567_LeeJCobb_50_m.jpg,LeeJCobb,50,50,Middle,Male
6568_LeeJCobb_55_m.jpg,LeeJCobb,55,55,Middle,Male
6569_LeeJCobb_59_m.jpg,LeeJCobb,59,59,Senior,Male
656_TonyBlair_51_m.jpg,TonyBlair,51,51,Middle,Male
6570_LeeJCobb_60_m.jpg,LeeJCobb,60,60,Senior,Male
6571_LeeJCobb_62_m.jpg,LeeJCobb,62,62,Senior,Male
6572_LeeJCobb_64_m.jpg,LeeJCobb,64,64,Senior,Male
657_TonyBlair_57_m.jpg,TonyBlair,57,57,Senior,Male
658_TonyBlair_37_m.jpg,TonyBlair,37,37,Middle,Male
6598_LouCostello_23_m.jpg,LouCostello,23,23,Adult,Male
6599_LouCostello_32_m.jpg,LouCostello,32,32,Adult,Male
659_TonyBlair_44_m.jpg,TonyBlair,44,44,Middle,Male
65_Pele_18_m.jpg,Pele,18,18,Adult,Male
6600_LouCostello_33_m.jpg,LouCostello,33,33,Adult,Male
6601_LouCostello_34_m.jpg,LouCostello,34,34,Adult,Male
6602_LouCostello_35_m.jpg,LouCostello,35,35,Adult,Male
6603_LouCostello_36_m.jpg,LouCostello,36,36,Middle,Male
6604_LouCostello_37_m.jpg,LouCostello,37,37,Middle,Male
6605_LouCostello_38_m.jpg,LouCostello,38,38,Middle,Male
6606_LouCostello_39_m.jpg,LouCostello,39,39,Middle,Male
6607_LouCostello_40_m.jpg,LouCostello,40,40,Middle,Male
6608_LouCostello_41_m.jpg,LouCostello,41,41,Middle,Male
6609_LouCostello_42_m.jpg,LouCostello,42,42,Middle,Male
660_TonyBlair_47_m.jpg,TonyBlair,47,47,Middle,Male
6610_LouCostello_43_m.jpg,LouCostello,43,43,Middle,Male
6611_LouCostello_44_m.jpg,LouCostello,44,44,Middle,Male
6612_LouCostello_45_m.jpg,LouCostello,45,45,Middle,Male
6613_LouCostello_46_m.jpg,LouCostello,46,46,Middle,Male
6614_LouCostello_47_m.jpg,LouCostello,47,47,Middle,Male
6615_LouCostello_48_m.jpg,LouCostello,48,48,Middle,Male
6616_LouCostello_49_m.jpg,LouCostello,49,49,Middle,Male
6617_LouCostello_50_m.jpg,LouCostello,50,50,Middle,Male
6618_LouCostello_52_m.jpg,LouCostello,52,52,Middle,Male
6619_LouCostello_53_m.jpg,LouCostello,53,53,Middle,Male
661_TonyBlair_50_m.jpg,TonyBlair,50,50,Middle,Male
6620_MelFerrer_32_m.jpg,MelFerrer,32,32,Adult,Male
6621_MelFerrer_34_m.jpg,MelFerrer,34,34,Adult,Male
6622_MelFerrer_38_m.jpg,MelFerrer,38,38,Middle,Male
6623_MelFerrer_40_m.jpg,MelFerrer,40,40,Middle,Male
6624_MelFerrer_33_m.jpg,MelFerrer,33,33,Adult,Male
6625_MelFerrer_35_m.jpg,MelFerrer,35,35,Adult,Male
6626_MelFerrer_36_m.jpg,MelFerrer,36,36,Middle,Male
6627_MelFerrer_39_m.jpg,MelFerrer,39,39,Middle,Male
6628_MelFerrer_41_m.jpg,MelFerrer,41,41,Middle,Male
6629_MelFerrer_42_m.jpg,MelFerrer,42,42,Middle,Male
662_TonyBlair_54_m.jpg,TonyBlair,54,54,Middle,Male
6630_MelFerrer_44_m.jpg,MelFerrer,44,44,Middle,Male
6631_MelFerrer_45_m.jpg,MelFerrer,45,45,Middle,Male
6632_MelFerrer_46_m.jpg,MelFerrer,46,46,Middle,Male
6633_MelFerrer_48_m.jpg,MelFerrer,48,48,Middle,Male
6634_MelFerrer_51_m.jpg,MelFerrer,51,51,Middle,Male
6635_MelFerrer_54_m.jpg,MelFerrer,54,54,Middle,Male
6636_MelFerrer_55_m.jpg,MelFerrer,55,55,Middle,Male
6637_MelFerrer_56_m.jpg,MelFerrer,56,56,Senior,Male
6638_MelFerrer_57_m.jpg,MelFerrer,57,57,Senior,Male
6639_MelFerrer_58_m.jpg,MelFerrer,58,58,Senior,Male
663_TonyBlair_52_m.jpg,TonyBlair,52,52,Middle,Male
6640_MelFerrer_60_m.jpg,MelFerrer,60,60,Senior,Male
6641_MelFerrer_63_m.jpg,MelFerrer,63,63,Senior,Male
6642_MelFerrer_65_m.jpg,MelFerrer,65,65,Senior,Male
6643_MelFerrer_72_m.jpg,MelFerrer,72,72,Elderly,Male
6644_MelFerrer_75_m.jpg,MelFerrer,75,75,Elderly,Male
6645_MelFerrer_79_m.jpg,MelFerrer,79,79,Elderly,Male
6646_MelFerrer_83_m.jpg,MelFerrer,83,83,Elderly,Male
6647_MelFerrer_87_m.jpg,MelFerrer,87,87,Elderly,Male
6648_MelFerrer_89_m.jpg,MelFerrer,89,89,Elderly,Male
6649_OrsonWelles_22_m.jpg,OrsonWelles,22,22,Adult,Male
664_TonyBlair_44_m.jpg,TonyBlair,44,44,Middle,Male
6650_OrsonWelles_52_m.jpg,OrsonWelles,52,52,Middle,Male
6651_OrsonWelles_45_m.jpg,OrsonWelles,45,45,Middle,Male
6652_OrsonWelles_26_m.jpg,OrsonWelles,26,26,Adult,Male
6653_OrsonWelles_31_m.jpg,OrsonWelles,31,31,Adult,Male
6654_OrsonWelles_38_m.jpg,OrsonWelles,38,38,Middle,Male
6655_OrsonWelles_30_m.jpg,OrsonWelles,30,30,Adult,Male
6656_OrsonWelles_32_m.jpg,OrsonWelles,32,32,Adult,Male
6657_OrsonWelles_45_m.jpg,OrsonWelles,45,45,Middle,Male
6658_OrsonWelles_52_m.jpg,OrsonWelles,52,52,Middle,Male
6659_OrsonWelles_43_m.jpg,OrsonWelles,43,43,Middle,Male
665_TonyBlair_57_m.jpg,TonyBlair,57,57,Senior,Male
6660_OrsonWelles_62_m.jpg,OrsonWelles,62,62,Senior,Male
6661_OrsonWelles_52_m.jpg,OrsonWelles,52,52,Middle,Male
6662_OrsonWelles_50_m.jpg,OrsonWelles,50,50,Middle,Male
6663_OrsonWelles_24_m.jpg,OrsonWelles,24,24,Adult,Male
6664_OrsonWelles_32_m.jpg,OrsonWelles,32,32,Adult,Male
6665_OrsonWelles_67_m.jpg,OrsonWelles,67,67,Senior,Male
6666_OrsonWelles_23_m.jpg,OrsonWelles,23,23,Adult,Male
6667_PeterGraves_23_m.jpg,PeterGraves,23,23,Adult,Male
6668_PeterGraves_24_m.jpg,PeterGraves,24,24,Adult,Male
6669_PeterGraves_25_m.jpg,PeterGraves,25,25,Adult,Male
666_TonyBlair_57_m.jpg,TonyBlair,57,57,Senior,Male
6670_PeterGraves_26_m.jpg,PeterGraves,26,26,Adult,Male
6671_PeterGraves_27_m.jpg,PeterGraves,27,27,Adult,Male
6672_PeterGraves_28_m.jpg,PeterGraves,28,28,Adult,Male
6673_PeterGraves_29_m.jpg,PeterGraves,29,29,Adult,Male
6674_PeterGraves_30_m.jpg,PeterGraves,30,30,Adult,Male
6675_PeterGraves_31_m.jpg,PeterGraves,31,31,Adult,Male
6676_PeterGraves_34_m.jpg,PeterGraves,34,34,Adult,Male
6677_PeterGraves_36_m.jpg,PeterGraves,36,36,Middle,Male
6678_PeterGraves_37_m.jpg,PeterGraves,37,37,Middle,Male
6679_PeterGraves_39_m.jpg,PeterGraves,39,39,Middle,Male
667_TonyBlair_25_m.jpg,TonyBlair,25,25,Adult,Male
6680_PeterGraves_40_m.jpg,PeterGraves,40,40,Middle,Male
6681_PeterGraves_41_m.jpg,PeterGraves,41,41,Middle,Male
6682_PeterGraves_43_m.jpg,PeterGraves,43,43,Middle,Male
6683_PeterGraves_44_m.jpg,PeterGraves,44,44,Middle,Male
6684_PeterGraves_45_m.jpg,PeterGraves,45,45,Middle,Male
6685_PeterGraves_48_m.jpg,PeterGraves,48,48,Middle,Male
6686_PeterGraves_53_m.jpg,PeterGraves,53,53,Middle,Male
6687_PeterGraves_56_m.jpg,PeterGraves,56,56,Senior,Male
6688_PeterGraves_57_m.jpg,PeterGraves,57,57,Senior,Male
6689_PeterGraves_60_m.jpg,PeterGraves,60,60,Senior,Male
668_TonyBlair_52_m.jpg,TonyBlair,52,52,Middle,Male
6690_PeterGraves_61_m.jpg,PeterGraves,61,61,Senior,Male
6691_PeterGraves_66_m.jpg,PeterGraves,66,66,Senior,Male
6692_PeterGraves_69_m.jpg,PeterGraves,69,69,Senior,Male
6693_PeterGraves_70_m.jpg,PeterGraves,70,70,Senior,Male
6694_PeterGraves_75_m.jpg,PeterGraves,75,75,Elderly,Male
6695_PeterGraves_79_m.jpg,PeterGraves,79,79,Elderly,Male
6696_PeterGraves_80_m.jpg,PeterGraves,80,80,Elderly,Male
6697_PeterGraves_81_m.jpg,PeterGraves,81,81,Elderly,Male
6698_PeterGraves_82_m.jpg,PeterGraves,82,82,Elderly,Male
6699_PeterGraves_42_m.jpg,PeterGraves,42,42,Middle,Male
669_TonyBlair_57_m.jpg,TonyBlair,57,57,Senior,Male
66_Pele_60_m.jpg,Pele,60,60,Senior,Male
6700_PeterGraves_46_m.jpg,PeterGraves,46,46,Middle,Male
6701_PeterGraves_51_m.jpg,PeterGraves,51,51,Middle,Male
6702_PeterGraves_52_m.jpg,PeterGraves,52,52,Middle,Male
6703_PeterGraves_54_m.jpg,PeterGraves,54,54,Middle,Male
6704_PeterGraves_62_m.jpg,PeterGraves,62,62,Senior,Male
6705_PeterGraves_72_m.jpg,PeterGraves,72,72,Elderly,Male
6706_PeterGraves_77_m.jpg,PeterGraves,77,77,Elderly,Male
6707_PeterGraves_83_m.jpg,PeterGraves,83,83,Elderly,Male
6708_RexHarrison_26_m.jpg,RexHarrison,26,26,Adult,Male
6709_RexHarrison_27_m.jpg,RexHarrison,27,27,Adult,Male
670_TonyBlair_44_m.jpg,TonyBlair,44,44,Middle,Male
6710_RexHarrison_28_m.jpg,RexHarrison,28,28,Adult,Male
6711_RexHarrison_29_m.jpg,RexHarrison,29,29,Adult,Male
6712_RexHarrison_30_m.jpg,RexHarrison,30,30,Adult,Male
6713_RexHarrison_31_m.jpg,RexHarrison,31,31,Adult,Male
6714_RexHarrison_32_m.jpg,RexHarrison,32,32,Adult,Male
6715_RexHarrison_33_m.jpg,RexHarrison,33,33,Adult,Male
6716_RexHarrison_34_m.jpg,RexHarrison,34,34,Adult,Male
6717_RexHarrison_38_m.jpg,RexHarrison,38,38,Middle,Male
6718_RexHarrison_39_m.jpg,RexHarrison,39,39,Middle,Male
6719_RexHarrison_48_m.jpg,RexHarrison,48,48,Middle,Male
671_TonyBlair_51_m.jpg,TonyBlair,51,51,Middle,Male
6720_RexHarrison_53_m.jpg,RexHarrison,53,53,Middle,Male
6721_RexHarrison_55_m.jpg,RexHarrison,55,55,Middle,Male
6722_RexHarrison_59_m.jpg,RexHarrison,59,59,Senior,Male
6723_RexHarrison_61_m.jpg,RexHarrison,61,61,Senior,Male
6724_RexHarrison_69_m.jpg,RexHarrison,69,69,Senior,Male
6725_RexHarrison_69_m.jpg,RexHarrison,69,69,Senior,Male
6726_RexHarrison_71_m.jpg,RexHarrison,71,71,Elderly,Male
6727_RexHarrison_74_m.jpg,RexHarrison,74,74,Elderly,Male
6728_RexHarrison_78_m.jpg,RexHarrison,78,78,Elderly,Male
6729_RexHarrison_41_m.jpg,RexHarrison,41,41,Middle,Male
672_TonyBlair_33_m.jpg,TonyBlair,33,33,Adult,Male
6730_RexHarrison_42_m.jpg,RexHarrison,42,42,Middle,Male
6731_RexHarrison_44_m.jpg,RexHarrison,44,44,Middle,Male
6732_RexHarrison_46_m.jpg,RexHarrison,46,46,Middle,Male
6733_RexHarrison_51_m.jpg,RexHarrison,51,51,Middle,Male
6734_RexHarrison_55_m.jpg,RexHarrison,55,55,Middle,Male
6735_RexHarrison_56_m.jpg,RexHarrison,56,56,Senior,Male
6736_RexHarrison_57_m.jpg,RexHarrison,57,57,Senior,Male
6737_RexHarrison_70_m.jpg,RexHarrison,70,70,Senior,Male
6738_RexHarrison_75_m.jpg,RexHarrison,75,75,Elderly,Male
6739_RexHarrison_76_m.jpg,RexHarrison,76,76,Elderly,Male
673_TonyBlair_54_m.jpg,TonyBlair,54,54,Middle,Male
6740_RexHarrison_79_m.jpg,RexHarrison,79,79,Elderly,Male
6778_RowanAtkinson_30_m.jpg,RowanAtkinson,30,30,Adult,Male
6779_RowanAtkinson_25_m.jpg,RowanAtkinson,25,25,Adult,Male
6780_RowanAtkinson_28_m.jpg,RowanAtkinson,28,28,Adult,Male
6781_RowanAtkinson_28_m.jpg,RowanAtkinson,28,28,Adult,Male
6782_RowanAtkinson_29_m.jpg,RowanAtkinson,29,29,Adult,Male
6783_RowanAtkinson_30_m.jpg,RowanAtkinson,30,30,Adult,Male
6784_RowanAtkinson_35_m.jpg,RowanAtkinson,35,35,Adult,Male
6785_RowanAtkinson_39_m.jpg,RowanAtkinson,39,39,Middle,Male
6786_RowanAtkinson_51_m.jpg,RowanAtkinson,51,51,Middle,Male
6787_RowanAtkinson_52_m.jpg,RowanAtkinson,52,52,Middle,Male
6788_RowanAtkinson_56_m.jpg,RowanAtkinson,56,56,Senior,Male
6789_RowanAtkinson_49_m.jpg,RowanAtkinson,49,49,Middle,Male
6790_RowanAtkinson_47_m.jpg,RowanAtkinson,47,47,Middle,Male
6791_RowanAtkinson_45_m.jpg,RowanAtkinson,45,45,Middle,Male
6792_RoyScheider_39_m.jpg,RoyScheider,39,39,Middle,Male
6793_RoyScheider_40_m.jpg,RoyScheider,40,40,Middle,Male
6794_RoyScheider_41_m.jpg,RoyScheider,41,41,Middle,Male
6795_RoyScheider_33_m.jpg,RoyScheider,33,33,Adult,Male
6796_RoyScheider_41_m.jpg,RoyScheider,41,41,Middle,Male
6797_RoyScheider_42_m.jpg,RoyScheider,42,42,Middle,Male
6798_RoyScheider_43_m.jpg,RoyScheider,43,43,Middle,Male
6799_RoyScheider_45_m.jpg,RoyScheider,45,45,Middle,Male
67_Pele_20_m.jpg,Pele,20,20,Adult,Male
6800_RoyScheider_46_m.jpg,RoyScheider,46,46,Middle,Male
6801_RoyScheider_47_m.jpg,RoyScheider,47,47,Middle,Male
6802_RoyScheider_48_m.jpg,RoyScheider,48,48,Middle,Male
6803_RoyScheider_49_m.jpg,RoyScheider,49,49,Middle,Male
6804_RoyScheider_50_m.jpg,RoyScheider,50,50,Middle,Male
6805_RoyScheider_51_m.jpg,RoyScheider,51,51,Middle,Male
6806_RoyScheider_56_m.jpg,RoyScheider,56,56,Senior,Male
6807_RoyScheider_57_m.jpg,RoyScheider,57,57,Senior,Male
6808_RoyScheider_58_m.jpg,RoyScheider,58,58,Senior,Male
6809_RoyScheider_60_m.jpg,RoyScheider,60,60,Senior,Male
6810_RoyScheider_63_m.jpg,RoyScheider,63,63,Senior,Male
6811_RoyScheider_65_m.jpg,RoyScheider,65,65,Senior,Male
6812_RoyScheider_70_m.jpg,RoyScheider,70,70,Senior,Male
6813_RoyScheider_72_m.jpg,RoyScheider,72,72,Elderly,Male
6814_RoyScheider_73_m.jpg,RoyScheider,73,73,Elderly,Male
6815_RoyScheider_74_m.jpg,RoyScheider,74,74,Elderly,Male
6816_RoyScheider_74_m.jpg,RoyScheider,74,74,Elderly,Male
6817_RoyScheider_75_m.jpg,RoyScheider,75,75,Elderly,Male
6818_RoyScheider_76_m.jpg,RoyScheider,76,76,Elderly,Male
6819_StevenSpielberg_45_m.jpg,StevenSpielberg,45,45,Middle,Male
6820_StevenSpielberg_22_m.jpg,StevenSpielberg,22,22,Adult,Male
6821_StevenSpielberg_29_m.jpg,StevenSpielberg,29,29,Adult,Male
6822_StevenSpielberg_34_m.jpg,StevenSpielberg,34,34,Adult,Male
6823_StevenSpielberg_35_m.jpg,StevenSpielberg,35,35,Adult,Male
6824_StevenSpielberg_43_m.jpg,StevenSpielberg,43,43,Middle,Male
6825_StevenSpielberg_56_m.jpg,StevenSpielberg,56,56,Senior,Male
6826_StevenSpielberg_60_m.jpg,StevenSpielberg,60,60,Senior,Male
6827_StevenSpielberg_61_m.jpg,StevenSpielberg,61,61,Senior,Male
6828_StevenSpielberg_63_m.jpg,StevenSpielberg,63,63,Senior,Male
6829_StevenSpielberg_66_m.jpg,StevenSpielberg,66,66,Senior,Male
6830_StevenSpielberg_27_m.jpg,StevenSpielberg,27,27,Adult,Male
6831_StevenSpielberg_47_m.jpg,StevenSpielberg,47,47,Middle,Male
6832_StevenSpielberg_52_m.jpg,StevenSpielberg,52,52,Middle,Male
6833_StevenSpielberg_53_m.jpg,StevenSpielberg,53,53,Middle,Male
6834_StevenSpielberg_57_m.jpg,StevenSpielberg,57,57,Senior,Male
6835_StevenSpielberg_58_m.jpg,StevenSpielberg,58,58,Senior,Male
6836_StevenSpielberg_65_m.jpg,StevenSpielberg,65,65,Senior,Male
6837_StevenSpielberg_35_m.jpg,StevenSpielberg,35,35,Adult,Male
6838_StevenSpielberg_40_m.jpg,StevenSpielberg,40,40,Middle,Male
6839_StevenSpielberg_24_m.jpg,StevenSpielberg,24,24,Adult,Male
6840_StevenSpielberg_50_m.jpg,StevenSpielberg,50,50,Middle,Male
6841_StevenSpielberg_34_m.jpg,StevenSpielberg,34,34,Adult,Male
6872_YvesMontand_19_m.jpg,YvesMontand,19,19,Adult,Male
6873_YvesMontand_23_m.jpg,YvesMontand,23,23,Adult,Male
6874_YvesMontand_25_m.jpg,YvesMontand,25,25,Adult,Male
6875_YvesMontand_29_m.jpg,YvesMontand,29,29,Adult,Male
6876_YvesMontand_30_m.jpg,YvesMontand,30,30,Adult,Male
6877_YvesMontand_32_m.jpg,YvesMontand,32,32,Adult,Male
6878_YvesMontand_33_m.jpg,YvesMontand,33,33,Adult,Male
6879_YvesMontand_34_m.jpg,YvesMontand,34,34,Adult,Male
6880_YvesMontand_36_m.jpg,YvesMontand,36,36,Middle,Male
6881_YvesMontand_36_m.jpg,YvesMontand,36,36,Middle,Male
6882_YvesMontand_37_m.jpg,YvesMontand,37,37,Middle,Male
6883_YvesMontand_38_m.jpg,YvesMontand,38,38,Middle,Male
6884_YvesMontand_39_m.jpg,YvesMontand,39,39,Middle,Male
6885_YvesMontand_41_m.jpg,YvesMontand,41,41,Middle,Male
6886_YvesMontand_42_m.jpg,YvesMontand,42,42,Middle,Male
6887_YvesMontand_54_m.jpg,YvesMontand,54,54,Middle,Male
6888_YvesMontand_45_m.jpg,YvesMontand,45,45,Middle,Male
6889_YvesMontand_47_m.jpg,YvesMontand,47,47,Middle,Male
6890_YvesMontand_48_m.jpg,YvesMontand,48,48,Middle,Male
6891_YvesMontand_49_m.jpg,YvesMontand,49,49,Middle,Male
6892_YvesMontand_50_m.jpg,YvesMontand,50,50,Middle,Male
6893_YvesMontand_51_m.jpg,YvesMontand,51,51,Middle,Male
6894_YvesMontand_52_m.jpg,YvesMontand,52,52,Middle,Male
6895_YvesMontand_53_m.jpg,YvesMontand,53,53,Middle,Male
6896_YvesMontand_54_m.jpg,YvesMontand,54,54,Middle,Male
6897_YvesMontand_58_m.jpg,YvesMontand,58,58,Senior,Male
6898_YvesMontand_58_m.jpg,YvesMontand,58,58,Senior,Male
6899_YvesMontand_59_m.jpg,YvesMontand,59,59,Senior,Male
68_Pele_12_m.jpg,Pele,12,12,Child,Male
6900_YvesMontand_59_m.jpg,YvesMontand,59,59,Senior,Male
6901_YvesMontand_60_m.jpg,YvesMontand,60,60,Senior,Male
6902_YvesMontand_61_m.jpg,YvesMontand,61,61,Senior,Male
6903_YvesMontand_62_m.jpg,YvesMontand,62,62,Senior,Male
6904_YvesMontand_62_m.jpg,YvesMontand,62,62,Senior,Male
6905_YvesMontand_64_m.jpg,YvesMontand,64,64,Senior,Male
6906_YvesMontand_64_m.jpg,YvesMontand,64,64,Senior,Male
6907_YvesMontand_65_m.jpg,YvesMontand,65,65,Senior,Male
6908_YvesMontand_67_m.jpg,YvesMontand,67,67,Senior,Male
6909_YvesMontand_69_m.jpg,YvesMontand,69,69,Senior,Male
6910_YvesMontand_70_m.jpg,YvesMontand,70,70,Senior,Male
6911_BorisKarloff_32_m.jpg,BorisKarloff,32,32,Adult,Male
6912_BorisKarloff_38_m.jpg,BorisKarloff,38,38,Middle,Male
6913_BorisKarloff_39_m.jpg,BorisKarloff,39,39,Middle,Male
6914_BorisKarloff_40_m.jpg,BorisKarloff,40,40,Middle,Male
6915_BorisKarloff_41_m.jpg,BorisKarloff,41,41,Middle,Male
6916_BorisKarloff_42_m.jpg,BorisKarloff,42,42,Middle,Male
6917_BorisKarloff_43_m.jpg,BorisKarloff,43,43,Middle,Male
6918_BorisKarloff_43_m.jpg,BorisKarloff,43,43,Middle,Male
6919_BorisKarloff_44_m.jpg,BorisKarloff,44,44,Middle,Male
6920_BorisKarloff_47_m.jpg,BorisKarloff,47,47,Middle,Male
6921_BorisKarloff_48_m.jpg,BorisKarloff,48,48,Middle,Male
6922_BorisKarloff_49_m.jpg,BorisKarloff,49,49,Middle,Male
6923_BorisKarloff_53_m.jpg,BorisKarloff,53,53,Middle,Male
6924_BorisKarloff_54_m.jpg,BorisKarloff,54,54,Middle,Male
6925_BorisKarloff_64_m.jpg,BorisKarloff,64,64,Senior,Male
6926_BorisKarloff_65_m.jpg,BorisKarloff,65,65,Senior,Male
6927_BorisKarloff_73_m.jpg,BorisKarloff,73,73,Elderly,Male
6928_BorisKarloff_79_m.jpg,BorisKarloff,79,79,Elderly,Male
6929_BorisKarloff_45_m.jpg,BorisKarloff,45,45,Middle,Male
6930_BorisKarloff_45_m.jpg,BorisKarloff,45,45,Middle,Male
6931_BorisKarloff_46_m.jpg,BorisKarloff,46,46,Middle,Male
6932_BorisKarloff_47_m.jpg,BorisKarloff,47,47,Middle,Male
6933_BorisKarloff_48_m.jpg,BorisKarloff,48,48,Middle,Male
6934_BorisKarloff_50_m.jpg,BorisKarloff,50,50,Middle,Male
6935_BorisKarloff_51_m.jpg,BorisKarloff,51,51,Middle,Male
6936_BorisKarloff_52_m.jpg,BorisKarloff,52,52,Middle,Male
6937_BorisKarloff_55_m.jpg,BorisKarloff,55,55,Middle,Male
6938_BorisKarloff_56_m.jpg,BorisKarloff,56,56,Senior,Male
6939_BorisKarloff_58_m.jpg,BorisKarloff,58,58,Senior,Male
6940_BorisKarloff_63_m.jpg,BorisKarloff,63,63,Senior,Male
6941_BorisKarloff_67_m.jpg,BorisKarloff,67,67,Senior,Male
6942_BorisKarloff_68_m.jpg,BorisKarloff,68,68,Senior,Male
6943_BorisKarloff_69_m.jpg,BorisKarloff,69,69,Senior,Male
6944_BorisKarloff_71_m.jpg,BorisKarloff,71,71,Elderly,Male
6945_BorisKarloff_74_m.jpg,BorisKarloff,74,74,Elderly,Male
6946_BorisKarloff_75_m.jpg,BorisKarloff,75,75,Elderly,Male
6947_BorisKarloff_76_m.jpg,BorisKarloff,76,76,Elderly,Male
6948_BorisKarloff_78_m.jpg,BorisKarloff,78,78,Elderly,Male
6949_BorisKarloff_81_m.jpg,BorisKarloff,81,81,Elderly,Male
6985_ChristopherWalken_15_m.jpg,ChristopherWalken,15,15,Juvenile,Male
6986_ChristopherWalken_17_m.jpg,ChristopherWalken,17,17,Juvenile,Male
6987_ChristopherWalken_19_m.jpg,ChristopherWalken,19,19,Adult,Male
6988_ChristopherWalken_23_m.jpg,ChristopherWalken,23,23,Adult,Male
6989_ChristopherWalken_25_m.jpg,ChristopherWalken,25,25,Adult,Male
6990_ChristopherWalken_27_m.jpg,ChristopherWalken,27,27,Adult,Male
6991_ChristopherWalken_28_m.jpg,ChristopherWalken,28,28,Adult,Male
6992_ChristopherWalken_29_m.jpg,ChristopherWalken,29,29,Adult,Male
6993_ChristopherWalken_30_m.jpg,ChristopherWalken,30,30,Adult,Male
6994_ChristopherWalken_33_m.jpg,ChristopherWalken,33,33,Adult,Male
6995_ChristopherWalken_34_m.jpg,ChristopherWalken,34,34,Adult,Male
6996_ChristopherWalken_35_m.jpg,ChristopherWalken,35,35,Adult,Male
6997_ChristopherWalken_36_m.jpg,ChristopherWalken,36,36,Middle,Male
6998_ChristopherWalken_37_m.jpg,ChristopherWalken,37,37,Middle,Male
6999_ChristopherWalken_37_m.jpg,ChristopherWalken,37,37,Middle,Male
7000_ChristopherWalken_37_m.jpg,ChristopherWalken,37,37,Middle,Male
7001_ChristopherWalken_38_m.jpg,ChristopherWalken,38,38,Middle,Male
7002_ChristopherWalken_39_m.jpg,ChristopherWalken,39,39,Middle,Male
7003_ChristopherWalken_41_m.jpg,ChristopherWalken,41,41,Middle,Male
7004_ChristopherWalken_42_m.jpg,ChristopherWalken,42,42,Middle,Male
7005_ChristopherWalken_42_m.jpg,ChristopherWalken,42,42,Middle,Male
7006_ChristopherWalken_43_m.jpg,ChristopherWalken,43,43,Middle,Male
7007_ChristopherWalken_45_m.jpg,ChristopherWalken,45,45,Middle,Male
7008_ChristopherWalken_46_m.jpg,ChristopherWalken,46,46,Middle,Male
7009_ChristopherWalken_47_m.jpg,ChristopherWalken,47,47,Middle,Male
7010_ChristopherWalken_48_m.jpg,ChristopherWalken,48,48,Middle,Male
7011_ChristopherWalken_49_m.jpg,ChristopherWalken,49,49,Middle,Male
7012_ChristopherWalken_50_m.jpg,ChristopherWalken,50,50,Middle,Male
7013_ChristopherWalken_52_m.jpg,ChristopherWalken,52,52,Middle,Male
7014_ChristopherWalken_53_m.jpg,ChristopherWalken,53,53,Middle,Male
7015_ChristopherWalken_55_m.jpg,ChristopherWalken,55,55,Middle,Male
7016_ChristopherWalken_56_m.jpg,ChristopherWalken,56,56,Senior,Male
7017_ChristopherWalken_60_m.jpg,ChristopherWalken,60,60,Senior,Male
7018_ChristopherWalken_61_m.jpg,ChristopherWalken,61,61,Senior,Male
7019_ChristopherWalken_62_m.jpg,ChristopherWalken,62,62,Senior,Male
7020_ChristopherWalken_64_m.jpg,ChristopherWalken,64,64,Senior,Male
7021_ChristopherWalken_65_m.jpg,ChristopherWalken,65,65,Senior,Male
7022_ChristopherWalken_66_m.jpg,ChristopherWalken,66,66,Senior,Male
7023_ChristopherWalken_66_m.jpg,ChristopherWalken,66,66,Senior,Male
7024_ChristopherWalken_67_m.jpg,ChristopherWalken,67,67,Senior,Male
7025_ChristopherWalken_68_m.jpg,ChristopherWalken,68,68,Senior,Male
7026_DavidNiven_20_m.jpg,DavidNiven,20,20,Adult,Male
7027_DavidNiven_26_m.jpg,DavidNiven,26,26,Adult,Male
7028_DavidNiven_27_m.jpg,DavidNiven,27,27,Adult,Male
7029_DavidNiven_28_m.jpg,DavidNiven,28,28,Adult,Male
7030_DavidNiven_29_m.jpg,DavidNiven,29,29,Adult,Male
7031_DavidNiven_29_m.jpg,DavidNiven,29,29,Adult,Male
7032_DavidNiven_30_m.jpg,DavidNiven,30,30,Adult,Male
7033_DavidNiven_32_m.jpg,DavidNiven,32,32,Adult,Male
7034_DavidNiven_32_m.jpg,DavidNiven,32,32,Adult,Male
7035_DavidNiven_33_m.jpg,DavidNiven,33,33,Adult,Male
7036_DavidNiven_34_m.jpg,DavidNiven,34,34,Adult,Male
7037_DavidNiven_37_m.jpg,DavidNiven,37,37,Middle,Male
7038_DavidNiven_40_m.jpg,DavidNiven,40,40,Middle,Male
7039_DavidNiven_42_m.jpg,DavidNiven,42,42,Middle,Male
7040_DavidNiven_44_m.jpg,DavidNiven,44,44,Middle,Male
7041_DavidNiven_47_m.jpg,DavidNiven,47,47,Middle,Male
7042_DavidNiven_51_m.jpg,DavidNiven,51,51,Middle,Male
7043_DavidNiven_54_m.jpg,DavidNiven,54,54,Middle,Male
7044_DavidNiven_56_m.jpg,DavidNiven,56,56,Senior,Male
7045_DavidNiven_59_m.jpg,DavidNiven,59,59,Senior,Male
7046_DavidNiven_65_m.jpg,DavidNiven,65,65,Senior,Male
7047_DavidNiven_68_m.jpg,DavidNiven,68,68,Senior,Male
7048_DavidNiven_69_m.jpg,DavidNiven,69,69,Senior,Male
7049_DavidNiven_69_m.jpg,DavidNiven,69,69,Senior,Male
7050_DavidNiven_72_m.jpg,DavidNiven,72,72,Elderly,Male
7051_DavidNiven_73_m.jpg,DavidNiven,73,73,Elderly,Male
7052_DavidNiven_23_m.jpg,DavidNiven,23,23,Adult,Male
7053_DavidNiven_35_m.jpg,DavidNiven,35,35,Adult,Male
7054_DavidNiven_36_m.jpg,DavidNiven,36,36,Middle,Male
7055_DavidNiven_41_m.jpg,DavidNiven,41,41,Middle,Male
7056_DavidNiven_48_m.jpg,DavidNiven,48,48,Middle,Male
7057_DavidNiven_52_m.jpg,DavidNiven,52,52,Middle,Male
7058_DavidNiven_53_m.jpg,DavidNiven,53,53,Middle,Male
7059_DavidNiven_64_m.jpg,DavidNiven,64,64,Senior,Male
7060_DavidNiven_66_m.jpg,DavidNiven,66,66,Senior,Male
7061_DavidNiven_70_m.jpg,DavidNiven,70,70,Senior,Male
7062_DavidNiven_71_m.jpg,DavidNiven,71,71,Elderly,Male
7083_Garycooper_34_m.jpg,Garycooper,34,34,Adult,Male
7084_Garycooper_35_m.jpg,Garycooper,35,35,Adult,Male
7085_Garycooper_37_m.jpg,Garycooper,37,37,Middle,Male
7086_Garycooper_53_m.jpg,Garycooper,53,53,Middle,Male
7087_Garycooper_54_m.jpg,Garycooper,54,54,Middle,Male
7088_Garycooper_27_m.jpg,Garycooper,27,27,Adult,Male
7089_Garycooper_42_m.jpg,Garycooper,42,42,Middle,Male
7090_Garycooper_35_m.jpg,Garycooper,35,35,Adult,Male
7091_Garycooper_39_m.jpg,Garycooper,39,39,Middle,Male
7092_Garycooper_55_m.jpg,Garycooper,55,55,Middle,Male
7093_Garycooper_55_m.jpg,Garycooper,55,55,Middle,Male
7094_Garycooper_29_m.jpg,Garycooper,29,29,Adult,Male
7095_Garycooper_19_m.jpg,Garycooper,19,19,Adult,Male
7096_GladysCooper_9_m.jpg,GladysCooper,9,9,Child,Male
7097_GladysCooper_19_m.jpg,GladysCooper,19,19,Adult,Male
7098_GladysCooper_15_m.jpg,GladysCooper,15,15,Juvenile,Male
7099_GladysCooper_16_m.jpg,GladysCooper,16,16,Juvenile,Male
7100_GladysCooper_18_m.jpg,GladysCooper,18,18,Adult,Male
7101_GladysCooper_21_m.jpg,GladysCooper,21,21,Adult,Male
7102_GladysCooper_22_m.jpg,GladysCooper,22,22,Adult,Male
7103_GladysCooper_24_m.jpg,GladysCooper,24,24,Adult,Male
7104_GladysCooper_25_m.jpg,GladysCooper,25,25,Adult,Male
7105_GladysCooper_27_m.jpg,GladysCooper,27,27,Adult,Male
7106_GladysCooper_30_m.jpg,GladysCooper,30,30,Adult,Male
7107_GladysCooper_36_m.jpg,GladysCooper,36,36,Middle,Male
7108_GladysCooper_40_m.jpg,GladysCooper,40,40,Middle,Male
7109_GladysCooper_42_m.jpg,GladysCooper,42,42,Middle,Male
7110_GladysCooper_49_m.jpg,GladysCooper,49,49,Middle,Male
7111_GladysCooper_51_m.jpg,GladysCooper,51,51,Middle,Male
7112_GladysCooper_52_m.jpg,GladysCooper,52,52,Middle,Male
7113_GladysCooper_53_m.jpg,GladysCooper,53,53,Middle,Male
7114_GladysCooper_54_m.jpg,GladysCooper,54,54,Middle,Male
7115_GladysCooper_55_m.jpg,GladysCooper,55,55,Middle,Male
7116_GladysCooper_57_m.jpg,GladysCooper,57,57,Senior,Male
7117_GladysCooper_59_m.jpg,GladysCooper,59,59,Senior,Male
7118_GladysCooper_62_m.jpg,GladysCooper,62,62,Senior,Male
7119_GladysCooper_66_m.jpg,GladysCooper,66,66,Senior,Male
7120_GladysCooper_70_m.jpg,GladysCooper,70,70,Senior,Male
7121_GladysCooper_74_m.jpg,GladysCooper,74,74,Elderly,Male
7122_GladysCooper_77_m.jpg,GladysCooper,77,77,Elderly,Male
7123_GladysCooper_80_m.jpg,GladysCooper,80,80,Elderly,Male
7124_GladysCooper_83_m.jpg,GladysCooper,83,83,Elderly,Male
7125_JeanPaulBelmondo_25_m.jpg,JeanPaulBelmondo,25,25,Adult,Male
7126_JeanPaulBelmondo_26_m.jpg,JeanPaulBelmondo,26,26,Adult,Male
7127_JeanPaulBelmondo_27_m.jpg,JeanPaulBelmondo,27,27,Adult,Male
7128_JeanPaulBelmondo_28_m.jpg,JeanPaulBelmondo,28,28,Adult,Male
7129_JeanPaulBelmondo_30_m.jpg,JeanPaulBelmondo,30,30,Adult,Male
7130_JeanPaulBelmondo_31_m.jpg,JeanPaulBelmondo,31,31,Adult,Male
7131_JeanPaulBelmondo_32_m.jpg,JeanPaulBelmondo,32,32,Adult,Male
7132_JeanPaulBelmondo_35_m.jpg,JeanPaulBelmondo,35,35,Adult,Male
7133_JeanPaulBelmondo_36_m.jpg,JeanPaulBelmondo,36,36,Middle,Male
7134_JeanPaulBelmondo_37_m.jpg,JeanPaulBelmondo,37,37,Middle,Male
7135_JeanPaulBelmondo_38_m.jpg,JeanPaulBelmondo,38,38,Middle,Male
7136_JeanPaulBelmondo_39_m.jpg,JeanPaulBelmondo,39,39,Middle,Male
7137_JeanPaulBelmondo_42_m.jpg,JeanPaulBelmondo,42,42,Middle,Male
7138_JeanPaulBelmondo_43_m.jpg,JeanPaulBelmondo,43,43,Middle,Male
7139_JeanPaulBelmondo_44_m.jpg,JeanPaulBelmondo,44,44,Middle,Male
7140_JeanPaulBelmondo_45_m.jpg,JeanPaulBelmondo,45,45,Middle,Male
7141_JeanPaulBelmondo_47_m.jpg,JeanPaulBelmondo,47,47,Middle,Male
7142_JeanPaulBelmondo_48_m.jpg,JeanPaulBelmondo,48,48,Middle,Male
7143_JeanPaulBelmondo_51_m.jpg,JeanPaulBelmondo,51,51,Middle,Male
7144_JeanPaulBelmondo_52_m.jpg,JeanPaulBelmondo,52,52,Middle,Male
7145_JeanPaulBelmondo_53_m.jpg,JeanPaulBelmondo,53,53,Middle,Male
7146_JeanPaulBelmondo_54_m.jpg,JeanPaulBelmondo,54,54,Middle,Male
7147_JeanPaulBelmondo_62_m.jpg,JeanPaulBelmondo,62,62,Senior,Male
7148_JeanPaulBelmondo_62_m.jpg,JeanPaulBelmondo,62,62,Senior,Male
7149_JeanPaulBelmondo_63_m.jpg,JeanPaulBelmondo,63,63,Senior,Male
7150_JeanPaulBelmondo_67_m.jpg,JeanPaulBelmondo,67,67,Senior,Male
7151_JeanPaulBelmondo_77_m.jpg,JeanPaulBelmondo,77,77,Elderly,Male
7152_JeanPaulBelmondo_78_m.jpg,JeanPaulBelmondo,78,78,Elderly,Male
7153_JeanPaulBelmondo_33_m.jpg,JeanPaulBelmondo,33,33,Adult,Male
7154_JeanPaulBelmondo_56_m.jpg,JeanPaulBelmondo,56,56,Senior,Male
7155_JeanPaulBelmondo_59_m.jpg,JeanPaulBelmondo,59,59,Senior,Male
7156_JeanPaulBelmondo_71_m.jpg,JeanPaulBelmondo,71,71,Elderly,Male
7157_JeanPaulBelmondo_76_m.jpg,JeanPaulBelmondo,76,76,Elderly,Male
715_RonaldReagan_53_m.jpg,RonaldReagan,53,53,Middle,Male
716_RonaldReagan_70_m.jpg,RonaldReagan,70,70,Senior,Male
717_RonaldReagan_13_m.jpg,RonaldReagan,13,13,Juvenile,Male
7184_JohnWayne_34_m.jpg,JohnWayne,34,34,Adult,Male
7185_JohnWayne_45_m.jpg,JohnWayne,45,45,Middle,Male
7186_JohnWayne_45_m.jpg,JohnWayne,45,45,Middle,Male
7187_JohnWayne_34_m.jpg,JohnWayne,34,34,Adult,Male
7188_JohnWayne_43_m.jpg,JohnWayne,43,43,Middle,Male
7189_JohnWayne_45_m.jpg,JohnWayne,45,45,Middle,Male
718_RonaldReagan_16_m.jpg,RonaldReagan,16,16,Juvenile,Male
7190_JohnWayne_39_m.jpg,JohnWayne,39,39,Middle,Male
7191_JohnWayne_34_m.jpg,JohnWayne,34,34,Adult,Male
7192_JohnWayne_35_m.jpg,JohnWayne,35,35,Adult,Male
7193_JohnWayne_41_m.jpg,JohnWayne,41,41,Middle,Male
7194_JohnWayne_34_m.jpg,JohnWayne,34,34,Adult,Male
7195_JohnWayne_40_m.jpg,JohnWayne,40,40,Middle,Male
7196_JohnWayne_49_m.jpg,JohnWayne,49,49,Middle,Male
7197_JohnWayne_62_m.jpg,JohnWayne,62,62,Senior,Male
7198_JohnWayne_67_m.jpg,JohnWayne,67,67,Senior,Male
7199_JohnWayne_68_m.jpg,JohnWayne,68,68,Senior,Male
719_RonaldReagan_19_m.jpg,RonaldReagan,19,19,Adult,Male
7200_JohnWayne_69_m.jpg,JohnWayne,69,69,Senior,Male
7201_JohnWayne_68_m.jpg,JohnWayne,68,68,Senior,Male
7202_JohnWayne_71_m.jpg,JohnWayne,71,71,Elderly,Male
7203_JohnWayne_71_m.jpg,JohnWayne,71,71,Elderly,Male
7204_JohnWayne_25_m.jpg,JohnWayne,25,25,Adult,Male
7205_JohnWayne_34_m.jpg,JohnWayne,34,34,Adult,Male
7206_JohnWayne_36_m.jpg,JohnWayne,36,36,Middle,Male
7207_JohnWayne_28_m.jpg,JohnWayne,28,28,Adult,Male
7208_JohnWayne_42_m.jpg,JohnWayne,42,42,Middle,Male
7209_JosephCotten_6_m.jpg,JosephCotten,6,6,Child,Male
720_RonaldReagan_28_m.jpg,RonaldReagan,28,28,Adult,Male
7210_JosephCotten_33_m.jpg,JosephCotten,33,33,Adult,Male
7211_JosephCotten_35_m.jpg,JosephCotten,35,35,Adult,Male
7212_JosephCotten_36_m.jpg,JosephCotten,36,36,Middle,Male
7213_JosephCotten_37_m.jpg,JosephCotten,37,37,Middle,Male
7214_JosephCotten_38_m.jpg,JosephCotten,38,38,Middle,Male
7215_JosephCotten_38_m.jpg,JosephCotten,38,38,Middle,Male
7216_JosephCotten_39_m.jpg,JosephCotten,39,39,Middle,Male
7217_JosephCotten_40_m.jpg,JosephCotten,40,40,Middle,Male
7218_JosephCotten_42_m.jpg,JosephCotten,42,42,Middle,Male
7219_JosephCotten_46_m.jpg,JosephCotten,46,46,Middle,Male
721_RonaldReagan_21_m.jpg,RonaldReagan,21,21,Adult,Male
7220_JosephCotten_47_m.jpg,JosephCotten,47,47,Middle,Male
7221_JosephCotten_48_m.jpg,JosephCotten,48,48,Middle,Male
7222_JosephCotten_50_m.jpg,JosephCotten,50,50,Middle,Male
7223_JosephCotten_51_m.jpg,JosephCotten,51,51,Middle,Male
7224_JosephCotten_55_m.jpg,JosephCotten,55,55,Middle,Male
7225_JosephCotten_60_m.jpg,JosephCotten,60,60,Senior,Male
7226_JosephCotten_72_m.jpg,JosephCotten,72,72,Elderly,Male
7227_JosephCotten_74_m.jpg,JosephCotten,74,74,Elderly,Male
7228_JosephCotten_85_m.jpg,JosephCotten,85,85,Elderly,Male
7229_JosephCotten_87_m.jpg,JosephCotten,87,87,Elderly,Male
722_RonaldReagan_29_m.jpg,RonaldReagan,29,29,Adult,Male
7230_JosephCotten_41_m.jpg,JosephCotten,41,41,Middle,Male
7231_JosephCotten_54_m.jpg,JosephCotten,54,54,Middle,Male
7232_JosephCotten_59_m.jpg,JosephCotten,59,59,Senior,Male
7233_JosephCotten_61_m.jpg,JosephCotten,61,61,Senior,Male
7234_JosephCotten_62_m.jpg,JosephCotten,62,62,Senior,Male
7235_JosephCotten_64_m.jpg,JosephCotten,64,64,Senior,Male
7236_JosephCotten_66_m.jpg,JosephCotten,66,66,Senior,Male
7237_JosephCotten_67_m.jpg,JosephCotten,67,67,Senior,Male
7238_JosephCotten_69_m.jpg,JosephCotten,69,69,Senior,Male
7239_JosephCotten_70_m.jpg,JosephCotten,70,70,Senior,Male
723_RonaldReagan_30_m.jpg,RonaldReagan,30,30,Adult,Male
7240_JosephCotten_76_m.jpg,JosephCotten,76,76,Elderly,Male
7241_JosephCotten_80_m.jpg,JosephCotten,80,80,Elderly,Male
7242_KrisKristofferson_24_m.jpg,KrisKristofferson,24,24,Adult,Male
7243_KrisKristofferson_32_m.jpg,KrisKristofferson,32,32,Adult,Male
7244_KrisKristofferson_35_m.jpg,KrisKristofferson,35,35,Adult,Male
7245_KrisKristofferson_36_m.jpg,KrisKristofferson,36,36,Middle,Male
7246_KrisKristofferson_37_m.jpg,KrisKristofferson,37,37,Middle,Male
7247_KrisKristofferson_38_m.jpg,KrisKristofferson,38,38,Middle,Male
7248_KrisKristofferson_40_m.jpg,KrisKristofferson,40,40,Middle,Male
7249_KrisKristofferson_41_m.jpg,KrisKristofferson,41,41,Middle,Male
724_RonaldReagan_51_m.jpg,RonaldReagan,51,51,Middle,Male
7250_KrisKristofferson_45_m.jpg,KrisKristofferson,45,45,Middle,Male
7251_KrisKristofferson_47_m.jpg,KrisKristofferson,47,47,Middle,Male
7252_KrisKristofferson_49_m.jpg,KrisKristofferson,49,49,Middle,Male
7253_KrisKristofferson_50_m.jpg,KrisKristofferson,50,50,Middle,Male
7254_KrisKristofferson_52_m.jpg,KrisKristofferson,52,52,Middle,Male
7255_KrisKristofferson_53_m.jpg,KrisKristofferson,53,53,Middle,Male
7256_KrisKristofferson_57_m.jpg,KrisKristofferson,57,57,Senior,Male
7257_KrisKristofferson_58_m.jpg,KrisKristofferson,58,58,Senior,Male
7258_KrisKristofferson_59_m.jpg,KrisKristofferson,59,59,Senior,Male
7259_KrisKristofferson_60_m.jpg,KrisKristofferson,60,60,Senior,Male
725_RonaldReagan_56_m.jpg,RonaldReagan,56,56,Senior,Male
7260_KrisKristofferson_62_m.jpg,KrisKristofferson,62,62,Senior,Male
7261_KrisKristofferson_64_m.jpg,KrisKristofferson,64,64,Senior,Male
7262_KrisKristofferson_66_m.jpg,KrisKristofferson,66,66,Senior,Male
7263_KrisKristofferson_68_m.jpg,KrisKristofferson,68,68,Senior,Male
7264_KrisKristofferson_69_m.jpg,KrisKristofferson,69,69,Senior,Male
7265_KrisKristofferson_70_m.jpg,KrisKristofferson,70,70,Senior,Male
7266_KrisKristofferson_71_m.jpg,KrisKristofferson,71,71,Elderly,Male
7267_KrisKristofferson_72_m.jpg,KrisKristofferson,72,72,Elderly,Male
7268_KrisKristofferson_73_m.jpg,KrisKristofferson,73,73,Elderly,Male
7269_KrisKristofferson_74_m.jpg,KrisKristofferson,74,74,Elderly,Male
726_RonaldReagan_63_m.jpg,RonaldReagan,63,63,Senior,Male
7270_KrisKristofferson_78_m.jpg,KrisKristofferson,78,78,Elderly,Male
727_RonaldReagan_31_m.jpg,RonaldReagan,31,31,Adult,Male
728_RonaldReagan_32_m.jpg,RonaldReagan,32,32,Adult,Male
729_RonaldReagan_33_m.jpg,RonaldReagan,33,33,Adult,Male
7303_LinoVentura_34_m.jpg,LinoVentura,34,34,Adult,Male
7304_LinoVentura_35_m.jpg,LinoVentura,35,35,Adult,Male
7305_LinoVentura_36_m.jpg,LinoVentura,36,36,Middle,Male
7306_LinoVentura_37_m.jpg,LinoVentura,37,37,Middle,Male
7307_LinoVentura_38_m.jpg,LinoVentura,38,38,Middle,Male
7308_LinoVentura_39_m.jpg,LinoVentura,39,39,Middle,Male
7309_LinoVentura_40_m.jpg,LinoVentura,40,40,Middle,Male
730_RonaldReagan_34_m.jpg,RonaldReagan,34,34,Adult,Male
7310_LinoVentura_41_m.jpg,LinoVentura,41,41,Middle,Male
7311_LinoVentura_42_m.jpg,LinoVentura,42,42,Middle,Male
7312_LinoVentura_43_m.jpg,LinoVentura,43,43,Middle,Male
7313_LinoVentura_44_m.jpg,LinoVentura,44,44,Middle,Male
7314_LinoVentura_45_m.jpg,LinoVentura,45,45,Middle,Male
7315_LinoVentura_46_m.jpg,LinoVentura,46,46,Middle,Male
7316_LinoVentura_47_m.jpg,LinoVentura,47,47,Middle,Male
7317_LinoVentura_48_m.jpg,LinoVentura,48,48,Middle,Male
7318_LinoVentura_49_m.jpg,LinoVentura,49,49,Middle,Male
7319_LinoVentura_50_m.jpg,LinoVentura,50,50,Middle,Male
731_RonaldReagan_35_m.jpg,RonaldReagan,35,35,Adult,Male
7320_LinoVentura_51_m.jpg,LinoVentura,51,51,Middle,Male
7321_LinoVentura_52_m.jpg,LinoVentura,52,52,Middle,Male
7322_LinoVentura_53_m.jpg,LinoVentura,53,53,Middle,Male
7323_LinoVentura_54_m.jpg,LinoVentura,54,54,Middle,Male
7324_LinoVentura_55_m.jpg,LinoVentura,55,55,Middle,Male
7325_LinoVentura_56_m.jpg,LinoVentura,56,56,Senior,Male
7326_LinoVentura_60_m.jpg,LinoVentura,60,60,Senior,Male
7327_LinoVentura_61_m.jpg,LinoVentura,61,61,Senior,Male
7328_LinoVentura_62_m.jpg,LinoVentura,62,62,Senior,Male
7329_LinoVentura_65_m.jpg,LinoVentura,65,65,Senior,Male
732_RonaldReagan_36_m.jpg,RonaldReagan,36,36,Middle,Male
7330_LinoVentura_67_m.jpg,LinoVentura,67,67,Senior,Male
7331_LinoVentura_68_m.jpg,LinoVentura,68,68,Senior,Male
7332_LinoVentura_59_m.jpg,LinoVentura,59,59,Senior,Male
7333_LinoVentura_63_m.jpg,LinoVentura,63,63,Senior,Male
7334_LouisJourdan_19_m.jpg,LouisJourdan,19,19,Adult,Male
7335_LouisJourdan_22_m.jpg,LouisJourdan,22,22,Adult,Male
7336_LouisJourdan_24_m.jpg,LouisJourdan,24,24,Adult,Male
7337_LouisJourdan_26_m.jpg,LouisJourdan,26,26,Adult,Male
7338_LouisJourdan_27_m.jpg,LouisJourdan,27,27,Adult,Male
7339_LouisJourdan_28_m.jpg,LouisJourdan,28,28,Adult,Male
733_RonaldReagan_37_m.jpg,RonaldReagan,37,37,Middle,Male
7340_LouisJourdan_30_m.jpg,LouisJourdan,30,30,Adult,Male
7341_LouisJourdan_31_m.jpg,LouisJourdan,31,31,Adult,Male
7342_LouisJourdan_25_m.jpg,LouisJourdan,25,25,Adult,Male
7343_LouisJourdan_32_m.jpg,LouisJourdan,32,32,Adult,Male
7344_LouisJourdan_34_m.jpg,LouisJourdan,34,34,Adult,Male
7345_LouisJourdan_35_m.jpg,LouisJourdan,35,35,Adult,Male
7346_LouisJourdan_36_m.jpg,LouisJourdan,36,36,Middle,Male
7347_LouisJourdan_37_m.jpg,LouisJourdan,37,37,Middle,Male
7348_LouisJourdan_38_m.jpg,LouisJourdan,38,38,Middle,Male
7349_LouisJourdan_39_m.jpg,LouisJourdan,39,39,Middle,Male
734_RonaldReagan_38_m.jpg,RonaldReagan,38,38,Middle,Male
7350_LouisJourdan_42_m.jpg,LouisJourdan,42,42,Middle,Male
7351_LouisJourdan_44_m.jpg,LouisJourdan,44,44,Middle,Male
7352_LouisJourdan_46_m.jpg,LouisJourdan,46,46,Middle,Male
7353_LouisJourdan_48_m.jpg,LouisJourdan,48,48,Middle,Male
7354_LouisJourdan_54_m.jpg,LouisJourdan,54,54,Middle,Male
7355_LouisJourdan_57_m.jpg,LouisJourdan,57,57,Senior,Male
7356_LouisJourdan_59_m.jpg,LouisJourdan,59,59,Senior,Male
7357_LouisJourdan_62_m.jpg,LouisJourdan,62,62,Senior,Male
7358_LouisJourdan_63_m.jpg,LouisJourdan,63,63,Senior,Male
7359_LouisJourdan_66_m.jpg,LouisJourdan,66,66,Senior,Male
735_RonaldReagan_39_m.jpg,RonaldReagan,39,39,Middle,Male
7360_LouisJourdan_67_m.jpg,LouisJourdan,67,67,Senior,Male
7361_LouisJourdan_68_m.jpg,LouisJourdan,68,68,Senior,Male
7362_LouisJourdan_71_m.jpg,LouisJourdan,71,71,Elderly,Male
7363_LouisJourdan_73_m.jpg,LouisJourdan,73,73,Elderly,Male
7364_LouisJourdan_77_m.jpg,LouisJourdan,77,77,Elderly,Male
7365_LouisJourdan_87_m.jpg,LouisJourdan,87,87,Elderly,Male
7366_LouisJourdan_92_m.jpg,LouisJourdan,92,92,Elderly,Male
736_RonaldReagan_41_m.jpg,RonaldReagan,41,41,Middle,Male
737_RonaldReagan_43_m.jpg,RonaldReagan,43,43,Middle,Male
738_RonaldReagan_44_m.jpg,RonaldReagan,44,44,Middle,Male
739_RonaldReagan_49_m.jpg,RonaldReagan,49,49,Middle,Male
740_RonaldReagan_54_m.jpg,RonaldReagan,54,54,Middle,Male
741_RonaldReagan_55_m.jpg,RonaldReagan,55,55,Middle,Male
742_RonaldReagan_57_m.jpg,RonaldReagan,57,57,Senior,Male
743_RonaldReagan_58_m.jpg,RonaldReagan,58,58,Senior,Male
7446_NewmanPaul_25_m.jpg,NewmanPaul,25,25,Adult,Male
7447_NewmanPaul_35_m.jpg,NewmanPaul,35,35,Adult,Male
7448_NewmanPaul_29_m.jpg,NewmanPaul,29,29,Adult,Male
7449_NewmanPaul_80_m.jpg,NewmanPaul,80,80,Elderly,Male
744_RonaldReagan_60_m.jpg,RonaldReagan,60,60,Senior,Male
7450_NewmanPaul_19_m.jpg,NewmanPaul,19,19,Adult,Male
7451_NewmanPaul_28_m.jpg,NewmanPaul,28,28,Adult,Male
7452_NewmanPaul_42_m.jpg,NewmanPaul,42,42,Middle,Male
7453_NewmanPaul_33_m.jpg,NewmanPaul,33,33,Adult,Male
7454_NewmanPaul_50_m.jpg,NewmanPaul,50,50,Middle,Male
7455_NewmanPaul_52_m.jpg,NewmanPaul,52,52,Middle,Male
7456_NewmanPaul_58_m.jpg,NewmanPaul,58,58,Senior,Male
7457_NewmanPaul_62_m.jpg,NewmanPaul,62,62,Senior,Male
7458_NewmanPaul_73_m.jpg,NewmanPaul,73,73,Elderly,Male
7459_NewmanPaul_82_m.jpg,NewmanPaul,82,82,Elderly,Male
745_RonaldReagan_62_m.jpg,RonaldReagan,62,62,Senior,Male
7460_NewmanPaul_81_m.jpg,NewmanPaul,81,81,Elderly,Male
7461_NewmanPaul_48_m.jpg,NewmanPaul,48,48,Middle,Male
7462_NewmanPaul_62_m.jpg,NewmanPaul,62,62,Senior,Male
7463_NewmanPaul_58_m.jpg,NewmanPaul,58,58,Senior,Male
7464_NewmanPaul_55_m.jpg,NewmanPaul,55,55,Middle,Male
7465_NewmanPaul_19_m.jpg,NewmanPaul,19,19,Adult,Male
746_RonaldReagan_65_m.jpg,RonaldReagan,65,65,Senior,Male
747_RonaldReagan_67_m.jpg,RonaldReagan,67,67,Senior,Male
748_RonaldReagan_68_m.jpg,RonaldReagan,68,68,Senior,Male
7497_RichardBoone_31_m.jpg,RichardBoone,31,31,Adult,Male
7498_RichardBoone_32_m.jpg,RichardBoone,32,32,Adult,Male
7499_RichardBoone_33_m.jpg,RichardBoone,33,33,Adult,Male
749_RonaldReagan_69_m.jpg,RonaldReagan,69,69,Senior,Male
7500_RichardBoone_34_m.jpg,RichardBoone,34,34,Adult,Male
7501_RichardBoone_35_m.jpg,RichardBoone,35,35,Adult,Male
7502_RichardBoone_36_m.jpg,RichardBoone,36,36,Middle,Male
7503_RichardBoone_37_m.jpg,RichardBoone,37,37,Middle,Male
7504_RichardBoone_38_m.jpg,RichardBoone,38,38,Middle,Male
7505_RichardBoone_39_m.jpg,RichardBoone,39,39,Middle,Male
7506_RichardBoone_40_m.jpg,RichardBoone,40,40,Middle,Male
7507_RichardBoone_41_m.jpg,RichardBoone,41,41,Middle,Male
7508_RichardBoone_41_m.jpg,RichardBoone,41,41,Middle,Male
7509_RichardBoone_42_m.jpg,RichardBoone,42,42,Middle,Male
750_RonaldReagan_65_m.jpg,RonaldReagan,65,65,Senior,Male
7510_RichardBoone_43_m.jpg,RichardBoone,43,43,Middle,Male
7511_RichardBoone_43_m.jpg,RichardBoone,43,43,Middle,Male
7512_RichardBoone_44_m.jpg,RichardBoone,44,44,Middle,Male
7513_RichardBoone_45_m.jpg,RichardBoone,45,45,Middle,Male
7514_RichardBoone_46_m.jpg,RichardBoone,46,46,Middle,Male
7515_RichardBoone_47_m.jpg,RichardBoone,47,47,Middle,Male
7516_RichardBoone_49_m.jpg,RichardBoone,49,49,Middle,Male
7517_RichardBoone_50_m.jpg,RichardBoone,50,50,Middle,Male
7518_RichardBoone_51_m.jpg,RichardBoone,51,51,Middle,Male
7519_RichardBoone_53_m.jpg,RichardBoone,53,53,Middle,Male
751_RonaldReagan_92_m.jpg,RonaldReagan,92,92,Elderly,Male
7520_RichardBoone_55_m.jpg,RichardBoone,55,55,Middle,Male
7521_RichardBoone_57_m.jpg,RichardBoone,57,57,Senior,Male
7522_RichardBoone_58_m.jpg,RichardBoone,58,58,Senior,Male
7523_RichardBoone_59_m.jpg,RichardBoone,59,59,Senior,Male
7524_RichardBoone_60_m.jpg,RichardBoone,60,60,Senior,Male
7525_RichardBoone_61_m.jpg,RichardBoone,61,61,Senior,Male
7526_RichardBoone_63_m.jpg,RichardBoone,63,63,Senior,Male
7527_RobertMorley_29_m.jpg,RobertMorley,29,29,Adult,Male
7528_RobertMorley_30_m.jpg,RobertMorley,30,30,Adult,Male
7529_RobertMorley_32_m.jpg,RobertMorley,32,32,Adult,Male
752_RonaldReagan_72_m.jpg,RonaldReagan,72,72,Elderly,Male
7530_RobertMorley_34_m.jpg,RobertMorley,34,34,Adult,Male
7531_RobertMorley_37_m.jpg,RobertMorley,37,37,Middle,Male
7532_RobertMorley_41_m.jpg,RobertMorley,41,41,Middle,Male
7533_RobertMorley_43_m.jpg,RobertMorley,43,43,Middle,Male
7534_RobertMorley_44_m.jpg,RobertMorley,44,44,Middle,Male
7535_RobertMorley_45_m.jpg,RobertMorley,45,45,Middle,Male
7536_RobertMorley_47_m.jpg,RobertMorley,47,47,Middle,Male
7537_RobertMorley_53_m.jpg,RobertMorley,53,53,Middle,Male
7538_RobertMorley_55_m.jpg,RobertMorley,55,55,Middle,Male
7539_RobertMorley_57_m.jpg,RobertMorley,57,57,Senior,Male
753_RonaldReagan_78_m.jpg,RonaldReagan,78,78,Elderly,Male
7540_RobertMorley_61_m.jpg,RobertMorley,61,61,Senior,Male
7541_RobertMorley_62_m.jpg,RobertMorley,62,62,Senior,Male
7542_RobertMorley_65_m.jpg,RobertMorley,65,65,Senior,Male
7543_RobertMorley_70_m.jpg,RobertMorley,70,70,Senior,Male
7544_RobertMorley_73_m.jpg,RobertMorley,73,73,Elderly,Male
7545_RobertMorley_75_m.jpg,RobertMorley,75,75,Elderly,Male
7546_RobertMorley_81_m.jpg,RobertMorley,81,81,Elderly,Male
7547_RobertMorley_82_m.jpg,RobertMorley,82,82,Elderly,Male
7548_RobertMorley_46_m.jpg,RobertMorley,46,46,Middle,Male
7549_RobertMorley_48_m.jpg,RobertMorley,48,48,Middle,Male
754_RonaldReagan_73_m.jpg,RonaldReagan,73,73,Elderly,Male
7550_RobertMorley_49_m.jpg,RobertMorley,49,49,Middle,Male
7551_RobertMorley_50_m.jpg,RobertMorley,50,50,Middle,Male
7552_RobertMorley_51_m.jpg,RobertMorley,51,51,Middle,Male
7553_RobertMorley_52_m.jpg,RobertMorley,52,52,Middle,Male
7554_RobertMorley_54_m.jpg,RobertMorley,54,54,Middle,Male
7555_RobertMorley_56_m.jpg,RobertMorley,56,56,Senior,Male
7556_RobertMorley_58_m.jpg,RobertMorley,58,58,Senior,Male
7557_RobertMorley_59_m.jpg,RobertMorley,59,59,Senior,Male
7558_RobertMorley_67_m.jpg,RobertMorley,67,67,Senior,Male
7559_RobertMorley_71_m.jpg,RobertMorley,71,71,Elderly,Male
755_RonaldReagan_30_m.jpg,RonaldReagan,30,30,Adult,Male
7560_RobertMorley_77_m.jpg,RobertMorley,77,77,Elderly,Male
7585_SylvesterStallone_24_m.jpg,SylvesterStallone,24,24,Adult,Male
7586_SylvesterStallone_26_m.jpg,SylvesterStallone,26,26,Adult,Male
7587_SylvesterStallone_28_m.jpg,SylvesterStallone,28,28,Adult,Male
7588_SylvesterStallone_31_m.jpg,SylvesterStallone,31,31,Adult,Male
7589_SylvesterStallone_36_m.jpg,SylvesterStallone,36,36,Middle,Male
7590_SylvesterStallone_36_m.jpg,SylvesterStallone,36,36,Middle,Male
7591_SylvesterStallone_37_m.jpg,SylvesterStallone,37,37,Middle,Male
7592_SylvesterStallone_41_m.jpg,SylvesterStallone,41,41,Middle,Male
7593_SylvesterStallone_64_m.jpg,SylvesterStallone,64,64,Senior,Male
7594_SylvesterStallone_38_m.jpg,SylvesterStallone,38,38,Middle,Male
7595_SylvesterStallone_39_m.jpg,SylvesterStallone,39,39,Middle,Male
7596_SylvesterStallone_43_m.jpg,SylvesterStallone,43,43,Middle,Male
7597_SylvesterStallone_45_m.jpg,SylvesterStallone,45,45,Middle,Male
7598_SylvesterStallone_49_m.jpg,SylvesterStallone,49,49,Middle,Male
7599_SylvesterStallone_49_m.jpg,SylvesterStallone,49,49,Middle,Male
7600_SylvesterStallone_50_m.jpg,SylvesterStallone,50,50,Middle,Male
7601_SylvesterStallone_50_m.jpg,SylvesterStallone,50,50,Middle,Male
7602_SylvesterStallone_51_m.jpg,SylvesterStallone,51,51,Middle,Male
7603_SylvesterStallone_52_m.jpg,SylvesterStallone,52,52,Middle,Male
7604_SylvesterStallone_56_m.jpg,SylvesterStallone,56,56,Senior,Male
7605_SylvesterStallone_57_m.jpg,SylvesterStallone,57,57,Senior,Male
7606_SylvesterStallone_58_m.jpg,SylvesterStallone,58,58,Senior,Male
7607_SylvesterStallone_60_m.jpg,SylvesterStallone,60,60,Senior,Male
7608_SylvesterStallone_62_m.jpg,SylvesterStallone,62,62,Senior,Male
7609_SylvesterStallone_63_m.jpg,SylvesterStallone,63,63,Senior,Male
7610_TellySavalas_39_m.jpg,TellySavalas,39,39,Middle,Male
7611_TellySavalas_40_m.jpg,TellySavalas,40,40,Middle,Male
7612_TellySavalas_40_m.jpg,TellySavalas,40,40,Middle,Male
7613_TellySavalas_41_m.jpg,TellySavalas,41,41,Middle,Male
7614_TellySavalas_41_m.jpg,TellySavalas,41,41,Middle,Male
7615_TellySavalas_42_m.jpg,TellySavalas,42,42,Middle,Male
7616_TellySavalas_43_m.jpg,TellySavalas,43,43,Middle,Male
7617_TellySavalas_44_m.jpg,TellySavalas,44,44,Middle,Male
7618_TellySavalas_45_m.jpg,TellySavalas,45,45,Middle,Male
7619_TellySavalas_46_m.jpg,TellySavalas,46,46,Middle,Male
7620_TellySavalas_47_m.jpg,TellySavalas,47,47,Middle,Male
7621_TellySavalas_48_m.jpg,TellySavalas,48,48,Middle,Male
7622_TellySavalas_49_m.jpg,TellySavalas,49,49,Middle,Male
7623_TellySavalas_50_m.jpg,TellySavalas,50,50,Middle,Male
7624_TellySavalas_51_m.jpg,TellySavalas,51,51,Middle,Male
7625_TellySavalas_51_m.jpg,TellySavalas,51,51,Middle,Male
7626_TellySavalas_52_m.jpg,TellySavalas,52,52,Middle,Male
7627_TellySavalas_53_m.jpg,TellySavalas,53,53,Middle,Male
7628_TellySavalas_55_m.jpg,TellySavalas,55,55,Middle,Male
7629_TellySavalas_56_m.jpg,TellySavalas,56,56,Senior,Male
7630_TellySavalas_57_m.jpg,TellySavalas,57,57,Senior,Male
7631_TellySavalas_58_m.jpg,TellySavalas,58,58,Senior,Male
7632_TellySavalas_62_m.jpg,TellySavalas,62,62,Senior,Male
7633_TellySavalas_63_m.jpg,TellySavalas,63,63,Senior,Male
7634_TellySavalas_65_m.jpg,TellySavalas,65,65,Senior,Male
7635_TellySavalas_66_m.jpg,TellySavalas,66,66,Senior,Male
7636_TellySavalas_68_m.jpg,TellySavalas,68,68,Senior,Male
7637_TellySavalas_50_m.jpg,TellySavalas,50,50,Middle,Male
7638_TellySavalas_54_m.jpg,TellySavalas,54,54,Middle,Male
7639_TellySavalas_57_m.jpg,TellySavalas,57,57,Senior,Male
7640_TonyCurtis_17_m.jpg,TonyCurtis,17,17,Juvenile,Male
7641_TonyCurtis_18_m.jpg,TonyCurtis,18,18,Adult,Male
7642_TonyCurtis_24_m.jpg,TonyCurtis,24,24,Adult,Male
7643_TonyCurtis_30_m.jpg,TonyCurtis,30,30,Adult,Male
7644_TonyCurtis_36_m.jpg,TonyCurtis,36,36,Middle,Male
7645_TonyCurtis_45_m.jpg,TonyCurtis,45,45,Middle,Male
7646_TonyCurtis_27_m.jpg,TonyCurtis,27,27,Adult,Male
7647_TonyCurtis_33_m.jpg,TonyCurtis,33,33,Adult,Male
7648_TonyCurtis_47_m.jpg,TonyCurtis,47,47,Middle,Male
7649_TonyCurtis_47_m.jpg,TonyCurtis,47,47,Middle,Male
7650_TonyCurtis_34_m.jpg,TonyCurtis,34,34,Adult,Male
7651_TonyCurtis_71_m.jpg,TonyCurtis,71,71,Elderly,Male
7652_TonyCurtis_82_m.jpg,TonyCurtis,82,82,Elderly,Male
7653_TonyCurtis_43_m.jpg,TonyCurtis,43,43,Middle,Male
7654_TonyCurtis_47_m.jpg,TonyCurtis,47,47,Middle,Male
7655_TonyCurtis_29_m.jpg,TonyCurtis,29,29,Adult,Male
7656_TonyCurtis_25_m.jpg,TonyCurtis,25,25,Adult,Male
7657_TonyCurtis_37_m.jpg,TonyCurtis,37,37,Middle,Male
7658_TonyCurtis_43_m.jpg,TonyCurtis,43,43,Middle,Male
7659_TonyCurtis_77_m.jpg,TonyCurtis,77,77,Elderly,Male
7660_TonyCurtis_72_m.jpg,TonyCurtis,72,72,Elderly,Male
7661_TonyCurtis_83_m.jpg,TonyCurtis,83,83,Elderly,Male
7662_TonyCurtis_84_m.jpg,TonyCurtis,84,84,Elderly,Male
7663_TonyCurtis_85_m.jpg,TonyCurtis,85,85,Elderly,Male
7664_TonyCurtis_84_m.jpg,TonyCurtis,84,84,Elderly,Male
7665_TonyCurtis_86_m.jpg,TonyCurtis,86,86,Elderly,Male
7666_TonyCurtis_46_m.jpg,TonyCurtis,46,46,Middle,Male
7667_TonyCurtis_34_m.jpg,TonyCurtis,34,34,Adult,Male
7668_TonyCurtis_73_m.jpg,TonyCurtis,73,73,Elderly,Male
7669_TonyCurtis_68_m.jpg,TonyCurtis,68,68,Senior,Male
7670_UgoTognazzi_30_m.jpg,UgoTognazzi,30,30,Adult,Male
7671_UgoTognazzi_31_m.jpg,UgoTognazzi,31,31,Adult,Male
7672_UgoTognazzi_32_m.jpg,UgoTognazzi,32,32,Adult,Male
7673_UgoTognazzi_33_m.jpg,UgoTognazzi,33,33,Adult,Male
7674_UgoTognazzi_34_m.jpg,UgoTognazzi,34,34,Adult,Male
7675_UgoTognazzi_35_m.jpg,UgoTognazzi,35,35,Adult,Male
7676_UgoTognazzi_36_m.jpg,UgoTognazzi,36,36,Middle,Male
7677_UgoTognazzi_37_m.jpg,UgoTognazzi,37,37,Middle,Male
7678_UgoTognazzi_38_m.jpg,UgoTognazzi,38,38,Middle,Male
7679_UgoTognazzi_39_m.jpg,UgoTognazzi,39,39,Middle,Male
7680_UgoTognazzi_40_m.jpg,UgoTognazzi,40,40,Middle,Male
7681_UgoTognazzi_40_m.jpg,UgoTognazzi,40,40,Middle,Male
7682_UgoTognazzi_42_m.jpg,UgoTognazzi,42,42,Middle,Male
7683_UgoTognazzi_42_m.jpg,UgoTognazzi,42,42,Middle,Male
7684_UgoTognazzi_43_m.jpg,UgoTognazzi,43,43,Middle,Male
7685_UgoTognazzi_44_m.jpg,UgoTognazzi,44,44,Middle,Male
7686_UgoTognazzi_45_m.jpg,UgoTognazzi,45,45,Middle,Male
7687_UgoTognazzi_46_m.jpg,UgoTognazzi,46,46,Middle,Male
7688_UgoTognazzi_47_m.jpg,UgoTognazzi,47,47,Middle,Male
7689_UgoTognazzi_48_m.jpg,UgoTognazzi,48,48,Middle,Male
7690_UgoTognazzi_48_m.jpg,UgoTognazzi,48,48,Middle,Male
7691_UgoTognazzi_49_m.jpg,UgoTognazzi,49,49,Middle,Male
7692_UgoTognazzi_50_m.jpg,UgoTognazzi,50,50,Middle,Male
7693_UgoTognazzi_51_m.jpg,UgoTognazzi,51,51,Middle,Male
7694_UgoTognazzi_52_m.jpg,UgoTognazzi,52,52,Middle,Male
7695_UgoTognazzi_53_m.jpg,UgoTognazzi,53,53,Middle,Male
7696_UgoTognazzi_53_m.jpg,UgoTognazzi,53,53,Middle,Male
7697_UgoTognazzi_54_m.jpg,UgoTognazzi,54,54,Middle,Male
7698_UgoTognazzi_55_m.jpg,UgoTognazzi,55,55,Middle,Male
7699_UgoTognazzi_56_m.jpg,UgoTognazzi,56,56,Senior,Male
7700_UgoTognazzi_57_m.jpg,UgoTognazzi,57,57,Senior,Male
7701_UgoTognazzi_60_m.jpg,UgoTognazzi,60,60,Senior,Male
7702_UgoTognazzi_62_m.jpg,UgoTognazzi,62,62,Senior,Male
7703_UgoTognazzi_63_m.jpg,UgoTognazzi,63,63,Senior,Male
7704_UgoTognazzi_64_m.jpg,UgoTognazzi,64,64,Senior,Male
7705_UgoTognazzi_65_m.jpg,UgoTognazzi,65,65,Senior,Male
7706_UgoTognazzi_67_m.jpg,UgoTognazzi,67,67,Senior,Male
7822_AnthonyQuayle_22_m.jpg,AnthonyQuayle,22,22,Adult,Male
7823_AnthonyQuayle_25_m.jpg,AnthonyQuayle,25,25,Adult,Male
7824_AnthonyQuayle_32_m.jpg,AnthonyQuayle,32,32,Adult,Male
7825_AnthonyQuayle_35_m.jpg,AnthonyQuayle,35,35,Adult,Male
7826_AnthonyQuayle_39_m.jpg,AnthonyQuayle,39,39,Middle,Male
7827_AnthonyQuayle_42_m.jpg,AnthonyQuayle,42,42,Middle,Male
7828_AnthonyQuayle_43_m.jpg,AnthonyQuayle,43,43,Middle,Male
7829_AnthonyQuayle_44_m.jpg,AnthonyQuayle,44,44,Middle,Male
7830_AnthonyQuayle_46_m.jpg,AnthonyQuayle,46,46,Middle,Male
7831_AnthonyQuayle_47_m.jpg,AnthonyQuayle,47,47,Middle,Male
7832_AnthonyQuayle_48_m.jpg,AnthonyQuayle,48,48,Middle,Male
7833_AnthonyQuayle_49_m.jpg,AnthonyQuayle,49,49,Middle,Male
7834_AnthonyQuayle_50_m.jpg,AnthonyQuayle,50,50,Middle,Male
7835_AnthonyQuayle_51_m.jpg,AnthonyQuayle,51,51,Middle,Male
7836_AnthonyQuayle_52_m.jpg,AnthonyQuayle,52,52,Middle,Male
7837_AnthonyQuayle_53_m.jpg,AnthonyQuayle,53,53,Middle,Male
7838_AnthonyQuayle_54_m.jpg,AnthonyQuayle,54,54,Middle,Male
7839_AnthonyQuayle_55_m.jpg,AnthonyQuayle,55,55,Middle,Male
783_akistsoxatzopoulos_3_m.jpg,akistsoxatzopoulos,3,3,Child,Male
7840_AnthonyQuayle_56_m.jpg,AnthonyQuayle,56,56,Senior,Male
7841_AnthonyQuayle_57_m.jpg,AnthonyQuayle,57,57,Senior,Male
7842_AnthonyQuayle_58_m.jpg,AnthonyQuayle,58,58,Senior,Male
7843_AnthonyQuayle_60_m.jpg,AnthonyQuayle,60,60,Senior,Male
7844_AnthonyQuayle_61_m.jpg,AnthonyQuayle,61,61,Senior,Male
7845_AnthonyQuayle_63_m.jpg,AnthonyQuayle,63,63,Senior,Male
7846_AnthonyQuayle_64_m.jpg,AnthonyQuayle,64,64,Senior,Male
7847_AnthonyQuayle_66_m.jpg,AnthonyQuayle,66,66,Senior,Male
7848_AnthonyQuayle_67_m.jpg,AnthonyQuayle,67,67,Senior,Male
7849_AnthonyQuayle_69_m.jpg,AnthonyQuayle,69,69,Senior,Male
784_akistsoxatzopoulos_24_m.jpg,akistsoxatzopoulos,24,24,Adult,Male
7850_AnthonyQuayle_70_m.jpg,AnthonyQuayle,70,70,Senior,Male
7851_AnthonyQuayle_75_m.jpg,AnthonyQuayle,75,75,Elderly,Male
7852_AnthonyQuayle_76_m.jpg,AnthonyQuayle,76,76,Elderly,Male
785_akistsoxatzopoulos_30_m.jpg,akistsoxatzopoulos,30,30,Adult,Male
786_akistsoxatzopoulos_43_m.jpg,akistsoxatzopoulos,43,43,Middle,Male
787_akistsoxatzopoulos_74_m.jpg,akistsoxatzopoulos,74,74,Elderly,Male
7880_FredAstaire_42_m.jpg,FredAstaire,42,42,Middle,Male
7881_FredAstaire_41_m.jpg,FredAstaire,41,41,Middle,Male
7882_FredAstaire_82_m.jpg,FredAstaire,82,82,Elderly,Male
7883_FredAstaire_59_m.jpg,FredAstaire,59,59,Senior,Male
7884_FredAstaire_54_m.jpg,FredAstaire,54,54,Middle,Male
7885_FredAstaire_45_m.jpg,FredAstaire,45,45,Middle,Male
7886_FredAstaire_37_m.jpg,FredAstaire,37,37,Middle,Male
7887_FredAstaire_65_m.jpg,FredAstaire,65,65,Senior,Male
7888_FredAstaire_56_m.jpg,FredAstaire,56,56,Senior,Male
7889_FredAstaire_45_m.jpg,FredAstaire,45,45,Middle,Male
788_akistsoxatzopoulos_35_m.jpg,akistsoxatzopoulos,35,35,Adult,Male
7890_FredAstaire_37_m.jpg,FredAstaire,37,37,Middle,Male
7891_FredAstaire_21_m.jpg,FredAstaire,21,21,Adult,Male
7892_FredAstaire_38_m.jpg,FredAstaire,38,38,Middle,Male
7893_FredAstaire_62_m.jpg,FredAstaire,62,62,Senior,Male
7894_FredAstaire_36_m.jpg,FredAstaire,36,36,Middle,Male
7895_FredAstaire_41_m.jpg,FredAstaire,41,41,Middle,Male
7896_FredAstaire_82_m.jpg,FredAstaire,82,82,Elderly,Male
7897_FredAstaire_42_m.jpg,FredAstaire,42,42,Middle,Male
7898_FredAstaire_51_m.jpg,FredAstaire,51,51,Middle,Male
7899_FredAstaire_42_m.jpg,FredAstaire,42,42,Middle,Male
789_akistsoxatzopoulos_35_m.jpg,akistsoxatzopoulos,35,35,Adult,Male
7900_FredAstaire_37_m.jpg,FredAstaire,37,37,Middle,Male
7901_FredAstaire_20_m.jpg,FredAstaire,20,20,Adult,Male
7902_FredAstaire_75_m.jpg,FredAstaire,75,75,Elderly,Male
7903_GeorgePeppard_26_m.jpg,GeorgePeppard,26,26,Adult,Male
7904_GeorgePeppard_27_m.jpg,GeorgePeppard,27,27,Adult,Male
7905_GeorgePeppard_28_m.jpg,GeorgePeppard,28,28,Adult,Male
7906_GeorgePeppard_29_m.jpg,GeorgePeppard,29,29,Adult,Male
7907_GeorgePeppard_29_m.jpg,GeorgePeppard,29,29,Adult,Male
7908_GeorgePeppard_32_m.jpg,GeorgePeppard,32,32,Adult,Male
7909_GeorgePeppard_33_m.jpg,GeorgePeppard,33,33,Adult,Male
790_akistsoxatzopoulos_68_m.jpg,akistsoxatzopoulos,68,68,Senior,Male
7910_GeorgePeppard_34_m.jpg,GeorgePeppard,34,34,Adult,Male
7911_GeorgePeppard_35_m.jpg,GeorgePeppard,35,35,Adult,Male
7912_GeorgePeppard_37_m.jpg,GeorgePeppard,37,37,Middle,Male
7913_GeorgePeppard_38_m.jpg,GeorgePeppard,38,38,Middle,Male
7914_GeorgePeppard_44_m.jpg,GeorgePeppard,44,44,Middle,Male
7915_GeorgePeppard_45_m.jpg,GeorgePeppard,45,45,Middle,Male
7916_GeorgePeppard_47_m.jpg,GeorgePeppard,47,47,Middle,Male
7917_GeorgePeppard_49_m.jpg,GeorgePeppard,49,49,Middle,Male
7918_GeorgePeppard_50_m.jpg,GeorgePeppard,50,50,Middle,Male
7919_GeorgePeppard_51_m.jpg,GeorgePeppard,51,51,Middle,Male
791_akistsoxatzopoulos_65_m.jpg,akistsoxatzopoulos,65,65,Senior,Male
7920_GeorgePeppard_52_m.jpg,GeorgePeppard,52,52,Middle,Male
7921_GeorgePeppard_55_m.jpg,GeorgePeppard,55,55,Middle,Male
7922_GeorgePeppard_56_m.jpg,GeorgePeppard,56,56,Senior,Male
7923_GeorgePeppard_57_m.jpg,GeorgePeppard,57,57,Senior,Male
7924_GeorgePeppard_58_m.jpg,GeorgePeppard,58,58,Senior,Male
7925_GeorgePeppard_59_m.jpg,GeorgePeppard,59,59,Senior,Male
7926_GeorgePeppard_63_m.jpg,GeorgePeppard,63,63,Senior,Male
7927_GeorgePeppard_64_m.jpg,GeorgePeppard,64,64,Senior,Male
7928_GeorgePeppard_66_m.jpg,GeorgePeppard,66,66,Senior,Male
7929_GeorgePeppard_36_m.jpg,GeorgePeppard,36,36,Middle,Male
792_akistsoxatzopoulos_68_m.jpg,akistsoxatzopoulos,68,68,Senior,Male
7930_GeorgePeppard_38_m.jpg,GeorgePeppard,38,38,Middle,Male
7931_GeorgePeppard_39_m.jpg,GeorgePeppard,39,39,Middle,Male
7932_GeorgePeppard_40_m.jpg,GeorgePeppard,40,40,Middle,Male
7933_GeorgePeppard_41_m.jpg,GeorgePeppard,41,41,Middle,Male
7934_GeorgePeppard_42_m.jpg,GeorgePeppard,42,42,Middle,Male
7935_GeorgePeppard_43_m.jpg,GeorgePeppard,43,43,Middle,Male
7936_GeorgePeppard_64_m.jpg,GeorgePeppard,64,64,Senior,Male
7937_GeorgePeppard_65_m.jpg,GeorgePeppard,65,65,Senior,Male
793_akistsoxatzopoulos_70_m.jpg,akistsoxatzopoulos,70,70,Senior,Male
794_akistsoxatzopoulos_25_m.jpg,akistsoxatzopoulos,25,25,Adult,Male
795_akistsoxatzopoulos_65_m.jpg,akistsoxatzopoulos,65,65,Senior,Male
796_akistsoxatzopoulos_68_m.jpg,akistsoxatzopoulos,68,68,Senior,Male
7976_GiulianoGemma_20_m.jpg,GiulianoGemma,20,20,Adult,Male
7977_GiulianoGemma_24_m.jpg,GiulianoGemma,24,24,Adult,Male
7978_GiulianoGemma_25_m.jpg,GiulianoGemma,25,25,Adult,Male
7979_GiulianoGemma_26_m.jpg,GiulianoGemma,26,26,Adult,Male
797_akistsoxatzopoulos_74_m.jpg,akistsoxatzopoulos,74,74,Elderly,Male
7980_GiulianoGemma_27_m.jpg,GiulianoGemma,27,27,Adult,Male
7981_GiulianoGemma_28_m.jpg,GiulianoGemma,28,28,Adult,Male
7982_GiulianoGemma_29_m.jpg,GiulianoGemma,29,29,Adult,Male
7983_GiulianoGemma_30_m.jpg,GiulianoGemma,30,30,Adult,Male
7984_GiulianoGemma_31_m.jpg,GiulianoGemma,31,31,Adult,Male
7985_GiulianoGemma_32_m.jpg,GiulianoGemma,32,32,Adult,Male
7986_GiulianoGemma_33_m.jpg,GiulianoGemma,33,33,Adult,Male
7987_GiulianoGemma_34_m.jpg,GiulianoGemma,34,34,Adult,Male
7988_GiulianoGemma_35_m.jpg,GiulianoGemma,35,35,Adult,Male
7989_GiulianoGemma_36_m.jpg,GiulianoGemma,36,36,Middle,Male
798_akistsoxatzopoulos_65_m.jpg,akistsoxatzopoulos,65,65,Senior,Male
7990_GiulianoGemma_37_m.jpg,GiulianoGemma,37,37,Middle,Male
7991_GiulianoGemma_38_m.jpg,GiulianoGemma,38,38,Middle,Male
7992_GiulianoGemma_39_m.jpg,GiulianoGemma,39,39,Middle,Male
7993_GiulianoGemma_41_m.jpg,GiulianoGemma,41,41,Middle,Male
7994_GiulianoGemma_42_m.jpg,GiulianoGemma,42,42,Middle,Male
7995_GiulianoGemma_43_m.jpg,GiulianoGemma,43,43,Middle,Male
7996_GiulianoGemma_44_m.jpg,GiulianoGemma,44,44,Middle,Male
7997_GiulianoGemma_45_m.jpg,GiulianoGemma,45,45,Middle,Male
7998_GiulianoGemma_47_m.jpg,GiulianoGemma,47,47,Middle,Male
7999_GiulianoGemma_48_m.jpg,GiulianoGemma,48,48,Middle,Male
799_akistsoxatzopoulos_72_m.jpg,akistsoxatzopoulos,72,72,Elderly,Male
8000_GiulianoGemma_49_m.jpg,GiulianoGemma,49,49,Middle,Male
8001_GiulianoGemma_51_m.jpg,GiulianoGemma,51,51,Middle,Male
8002_GiulianoGemma_52_m.jpg,GiulianoGemma,52,52,Middle,Male
8003_GiulianoGemma_55_m.jpg,GiulianoGemma,55,55,Middle,Male
8004_GiulianoGemma_60_m.jpg,GiulianoGemma,60,60,Senior,Male
8005_GiulianoGemma_62_m.jpg,GiulianoGemma,62,62,Senior,Male
8006_GiulianoGemma_63_m.jpg,GiulianoGemma,63,63,Senior,Male
8007_GiulianoGemma_64_m.jpg,GiulianoGemma,64,64,Senior,Male
8008_GiulianoGemma_65_m.jpg,GiulianoGemma,65,65,Senior,Male
8009_GiulianoGemma_66_m.jpg,GiulianoGemma,66,66,Senior,Male
800_akistsoxatzopoulos_62_m.jpg,akistsoxatzopoulos,62,62,Senior,Male
8010_GiulianoGemma_67_m.jpg,GiulianoGemma,67,67,Senior,Male
8011_GiulianoGemma_68_m.jpg,GiulianoGemma,68,68,Senior,Male
8012_GiulianoGemma_69_m.jpg,GiulianoGemma,69,69,Senior,Male
8013_GiulianoGemma_70_m.jpg,GiulianoGemma,70,70,Senior,Male
8014_GiulianoGemma_72_m.jpg,GiulianoGemma,72,72,Elderly,Male
8015_GiulianoGemma_73_m.jpg,GiulianoGemma,73,73,Elderly,Male
8016_GiulianoGemma_75_m.jpg,GiulianoGemma,75,75,Elderly,Male
8017_HenryFonda_33_m.jpg,HenryFonda,33,33,Adult,Male
8018_HenryFonda_35_m.jpg,HenryFonda,35,35,Adult,Male
8019_HenryFonda_36_m.jpg,HenryFonda,36,36,Middle,Male
801_akistsoxatzopoulos_57_m.jpg,akistsoxatzopoulos,57,57,Senior,Male
8020_HenryFonda_45_m.jpg,HenryFonda,45,45,Middle,Male
8021_HenryFonda_51_m.jpg,HenryFonda,51,51,Middle,Male
8022_HenryFonda_52_m.jpg,HenryFonda,52,52,Middle,Male
8023_HenryFonda_55_m.jpg,HenryFonda,55,55,Middle,Male
8024_HenryFonda_58_m.jpg,HenryFonda,58,58,Senior,Male
8025_HenryFonda_63_m.jpg,HenryFonda,63,63,Senior,Male
8026_HenryFonda_63_m.jpg,HenryFonda,63,63,Senior,Male
8027_HenryFonda_67_m.jpg,HenryFonda,67,67,Senior,Male
8028_HenryFonda_68_m.jpg,HenryFonda,68,68,Senior,Male
8029_HenryFonda_73_m.jpg,HenryFonda,73,73,Elderly,Male
802_akistsoxatzopoulos_60_m.jpg,akistsoxatzopoulos,60,60,Senior,Male
8030_HenryFonda_72_m.jpg,HenryFonda,72,72,Elderly,Male
8031_HenryFonda_40_m.jpg,HenryFonda,40,40,Middle,Male
8032_HorstBuchholz_21_m.jpg,HorstBuchholz,21,21,Adult,Male
8033_HorstBuchholz_22_m.jpg,HorstBuchholz,22,22,Adult,Male
8034_HorstBuchholz_23_m.jpg,HorstBuchholz,23,23,Adult,Male
8035_HorstBuchholz_25_m.jpg,HorstBuchholz,25,25,Adult,Male
8036_HorstBuchholz_26_m.jpg,HorstBuchholz,26,26,Adult,Male
8037_HorstBuchholz_27_m.jpg,HorstBuchholz,27,27,Adult,Male
8038_HorstBuchholz_28_m.jpg,HorstBuchholz,28,28,Adult,Male
8039_HorstBuchholz_30_m.jpg,HorstBuchholz,30,30,Adult,Male
803_akistsoxatzopoulos_70_m.jpg,akistsoxatzopoulos,70,70,Senior,Male
8040_HorstBuchholz_47_m.jpg,HorstBuchholz,47,47,Middle,Male
8041_HorstBuchholz_48_m.jpg,HorstBuchholz,48,48,Middle,Male
8042_HorstBuchholz_49_m.jpg,HorstBuchholz,49,49,Middle,Male
8043_HorstBuchholz_54_m.jpg,HorstBuchholz,54,54,Middle,Male
8044_HorstBuchholz_59_m.jpg,HorstBuchholz,59,59,Senior,Male
8045_HorstBuchholz_68_m.jpg,HorstBuchholz,68,68,Senior,Male
8046_HorstBuchholz_32_m.jpg,HorstBuchholz,32,32,Adult,Male
8047_HorstBuchholz_32_m.jpg,HorstBuchholz,32,32,Adult,Male
8048_HorstBuchholz_34_m.jpg,HorstBuchholz,34,34,Adult,Male
8049_HorstBuchholz_37_m.jpg,HorstBuchholz,37,37,Middle,Male
804_akistsoxatzopoulos_42_m.jpg,akistsoxatzopoulos,42,42,Middle,Male
8050_HorstBuchholz_38_m.jpg,HorstBuchholz,38,38,Middle,Male
8051_HorstBuchholz_40_m.jpg,HorstBuchholz,40,40,Middle,Male
8052_HorstBuchholz_42_m.jpg,HorstBuchholz,42,42,Middle,Male
8053_HorstBuchholz_44_m.jpg,HorstBuchholz,44,44,Middle,Male
8054_HorstBuchholz_45_m.jpg,HorstBuchholz,45,45,Middle,Male
8055_HorstBuchholz_46_m.jpg,HorstBuchholz,46,46,Middle,Male
8056_HorstBuchholz_52_m.jpg,HorstBuchholz,52,52,Middle,Male
8057_HorstBuchholz_57_m.jpg,HorstBuchholz,57,57,Senior,Male
8058_HorstBuchholz_60_m.jpg,HorstBuchholz,60,60,Senior,Male
8059_HorstBuchholz_61_m.jpg,HorstBuchholz,61,61,Senior,Male
805_akistsoxatzopoulos_45_m.jpg,akistsoxatzopoulos,45,45,Middle,Male
8060_HorstBuchholz_64_m.jpg,HorstBuchholz,64,64,Senior,Male
8061_HorstBuchholz_65_m.jpg,HorstBuchholz,65,65,Senior,Male
8062_HorstBuchholz_69_m.jpg,HorstBuchholz,69,69,Senior,Male
8063_HorstBuchholz_70_m.jpg,HorstBuchholz,70,70,Senior,Male
8064_JohnForsythe_25_m.jpg,JohnForsythe,25,25,Adult,Male
8065_JohnForsythe_34_m.jpg,JohnForsythe,34,34,Adult,Male
8066_JohnForsythe_37_m.jpg,JohnForsythe,37,37,Middle,Male
8067_JohnForsythe_39_m.jpg,JohnForsythe,39,39,Middle,Male
8068_JohnForsythe_41_m.jpg,JohnForsythe,41,41,Middle,Male
8069_JohnForsythe_43_m.jpg,JohnForsythe,43,43,Middle,Male
806_JosephStalin_16_m.jpg,JosephStalin,16,16,Juvenile,Male
8070_JohnForsythe_44_m.jpg,JohnForsythe,44,44,Middle,Male
8071_JohnForsythe_46_m.jpg,JohnForsythe,46,46,Middle,Male
8072_JohnForsythe_48_m.jpg,JohnForsythe,48,48,Middle,Male
8073_JohnForsythe_48_m.jpg,JohnForsythe,48,48,Middle,Male
8074_JohnForsythe_50_m.jpg,JohnForsythe,50,50,Middle,Male
8075_JohnForsythe_52_m.jpg,JohnForsythe,52,52,Middle,Male
8076_JohnForsythe_53_m.jpg,JohnForsythe,53,53,Middle,Male
8077_JohnForsythe_54_m.jpg,JohnForsythe,54,54,Middle,Male
8078_JohnForsythe_55_m.jpg,JohnForsythe,55,55,Middle,Male
8079_JohnForsythe_56_m.jpg,JohnForsythe,56,56,Senior,Male
807_JosephStalin_37_m.jpg,JosephStalin,37,37,Middle,Male
8080_JohnForsythe_61_m.jpg,JohnForsythe,61,61,Senior,Male
8081_JohnForsythe_62_m.jpg,JohnForsythe,62,62,Senior,Male
8082_JohnForsythe_63_m.jpg,JohnForsythe,63,63,Senior,Male
8083_JohnForsythe_64_m.jpg,JohnForsythe,64,64,Senior,Male
8084_JohnForsythe_65_m.jpg,JohnForsythe,65,65,Senior,Male
8085_JohnForsythe_66_m.jpg,JohnForsythe,66,66,Senior,Male
8086_JohnForsythe_67_m.jpg,JohnForsythe,67,67,Senior,Male
8087_JohnForsythe_70_m.jpg,JohnForsythe,70,70,Senior,Male
8088_JohnForsythe_74_m.jpg,JohnForsythe,74,74,Elderly,Male
8089_JohnForsythe_76_m.jpg,JohnForsythe,76,76,Elderly,Male
808_JosephStalin_44_m.jpg,JosephStalin,44,44,Middle,Male
8090_JohnForsythe_82_m.jpg,JohnForsythe,82,82,Elderly,Male
8091_JohnForsythe_88_m.jpg,JohnForsythe,88,88,Elderly,Male
8092_Konstantaras_59_m.jpg,Konstantaras,59,59,Senior,Male
8093_Konstantaras_46_m.jpg,Konstantaras,46,46,Middle,Male
8094_Konstantaras_58_m.jpg,Konstantaras,58,58,Senior,Male
8095_Konstantaras_51_m.jpg,Konstantaras,51,51,Middle,Male
8096_Konstantaras_56_m.jpg,Konstantaras,56,56,Senior,Male
8097_Konstantaras_58_m.jpg,Konstantaras,58,58,Senior,Male
8098_Konstantaras_52_m.jpg,Konstantaras,52,52,Middle,Male
8099_Konstantaras_54_m.jpg,Konstantaras,54,54,Middle,Male
809_JosephStalin_66_m.jpg,JosephStalin,66,66,Senior,Male
8100_Konstantaras_51_m.jpg,Konstantaras,51,51,Middle,Male
8101_Konstantaras_54_m.jpg,Konstantaras,54,54,Middle,Male
8102_Konstantaras_54_m.jpg,Konstantaras,54,54,Middle,Male
8103_Konstantaras_47_m.jpg,Konstantaras,47,47,Middle,Male
8104_Konstantaras_55_m.jpg,Konstantaras,55,55,Middle,Male
8105_Konstantaras_55_m.jpg,Konstantaras,55,55,Middle,Male
8106_Konstantaras_59_m.jpg,Konstantaras,59,59,Senior,Male
8107_Konstantaras_54_m.jpg,Konstantaras,54,54,Middle,Male
8108_Konstantaras_59_m.jpg,Konstantaras,59,59,Senior,Male
8109_Konstantaras_58_m.jpg,Konstantaras,58,58,Senior,Male
810_JosephStalin_54_m.jpg,JosephStalin,54,54,Middle,Male
8110_Konstantaras_62_m.jpg,Konstantaras,62,62,Senior,Male
8111_LeslieNielsen_26_m.jpg,LeslieNielsen,26,26,Adult,Male
8112_LeslieNielsen_38_m.jpg,LeslieNielsen,38,38,Middle,Male
8113_LeslieNielsen_40_m.jpg,LeslieNielsen,40,40,Middle,Male
8114_LeslieNielsen_54_m.jpg,LeslieNielsen,54,54,Middle,Male
8115_LeslieNielsen_50_m.jpg,LeslieNielsen,50,50,Middle,Male
8116_LeslieNielsen_64_m.jpg,LeslieNielsen,64,64,Senior,Male
8117_LeslieNielsen_62_m.jpg,LeslieNielsen,62,62,Senior,Male
8118_LeslieNielsen_64_m.jpg,LeslieNielsen,64,64,Senior,Male
8119_LeslieNielsen_66_m.jpg,LeslieNielsen,66,66,Senior,Male
811_JosephStalin_35_m.jpg,JosephStalin,35,35,Adult,Male
8120_LeslieNielsen_71_m.jpg,LeslieNielsen,71,71,Elderly,Male
8121_LeslieNielsen_67_m.jpg,LeslieNielsen,67,67,Senior,Male
8122_LeslieNielsen_77_m.jpg,LeslieNielsen,77,77,Elderly,Male
8123_LeslieNielsen_79_m.jpg,LeslieNielsen,79,79,Elderly,Male
8124_LeslieNielsen_82_m.jpg,LeslieNielsen,82,82,Elderly,Male
8125_LeslieNielsen_72_m.jpg,LeslieNielsen,72,72,Elderly,Male
8126_LeslieNielsen_66_m.jpg,LeslieNielsen,66,66,Senior,Male
8127_LeslieNielsen_68_m.jpg,LeslieNielsen,68,68,Senior,Male
8128_LeslieNielsen_36_m.jpg,LeslieNielsen,36,36,Middle,Male
8129_LeslieNielsen_80_m.jpg,LeslieNielsen,80,80,Elderly,Male
812_JosephStalin_41_m.jpg,JosephStalin,41,41,Middle,Male
8130_LeslieNielsen_63_m.jpg,LeslieNielsen,63,63,Senior,Male
8131_LeslieNielsen_67_m.jpg,LeslieNielsen,67,67,Senior,Male
8132_LeslieNielsen_68_m.jpg,LeslieNielsen,68,68,Senior,Male
8133_LeslieNielsen_81_m.jpg,LeslieNielsen,81,81,Elderly,Male
8134_LeslieNielsen_62_m.jpg,LeslieNielsen,62,62,Senior,Male
8135_LeslieNielsen_65_m.jpg,LeslieNielsen,65,65,Senior,Male
8136_LorneGreene_18_m.jpg,LorneGreene,18,18,Adult,Male
8137_LorneGreene_25_m.jpg,LorneGreene,25,25,Adult,Male
8138_LorneGreene_28_m.jpg,LorneGreene,28,28,Adult,Male
8139_LorneGreene_33_m.jpg,LorneGreene,33,33,Adult,Male
813_JosephStalin_59_m.jpg,JosephStalin,59,59,Senior,Male
8140_LorneGreene_38_m.jpg,LorneGreene,38,38,Middle,Male
8141_LorneGreene_43_m.jpg,LorneGreene,43,43,Middle,Male
8142_LorneGreene_44_m.jpg,LorneGreene,44,44,Middle,Male
8143_LorneGreene_45_m.jpg,LorneGreene,45,45,Middle,Male
8144_LorneGreene_46_m.jpg,LorneGreene,46,46,Middle,Male
8145_LorneGreene_48_m.jpg,LorneGreene,48,48,Middle,Male
8146_LorneGreene_49_m.jpg,LorneGreene,49,49,Middle,Male
8147_LorneGreene_50_m.jpg,LorneGreene,50,50,Middle,Male
8148_LorneGreene_51_m.jpg,LorneGreene,51,51,Middle,Male
8149_LorneGreene_52_m.jpg,LorneGreene,52,52,Middle,Male
814_JosephStalin_64_m.jpg,JosephStalin,64,64,Senior,Male
8150_LorneGreene_53_m.jpg,LorneGreene,53,53,Middle,Male
8151_LorneGreene_54_m.jpg,LorneGreene,54,54,Middle,Male
8152_LorneGreene_55_m.jpg,LorneGreene,55,55,Middle,Male
8153_LorneGreene_57_m.jpg,LorneGreene,57,57,Senior,Male
8154_LorneGreene_58_m.jpg,LorneGreene,58,58,Senior,Male
8155_LorneGreene_61_m.jpg,LorneGreene,61,61,Senior,Male
8156_LorneGreene_62_m.jpg,LorneGreene,62,62,Senior,Male
8157_LorneGreene_63_m.jpg,LorneGreene,63,63,Senior,Male
8158_LorneGreene_64_m.jpg,LorneGreene,64,64,Senior,Male
8159_LorneGreene_65_m.jpg,LorneGreene,65,65,Senior,Male
815_JosephStalin_64_m.jpg,JosephStalin,64,64,Senior,Male
8160_LorneGreene_66_m.jpg,LorneGreene,66,66,Senior,Male
8161_LorneGreene_67_m.jpg,LorneGreene,67,67,Senior,Male
8162_LorneGreene_68_m.jpg,LorneGreene,68,68,Senior,Male
8163_LorneGreene_70_m.jpg,LorneGreene,70,70,Senior,Male
8164_LorneGreene_71_m.jpg,LorneGreene,71,71,Elderly,Male
8165_PatrickSwayze_28_m.jpg,PatrickSwayze,28,28,Adult,Male
8166_PatrickSwayze_29_m.jpg,PatrickSwayze,29,29,Adult,Male
8167_PatrickSwayze_31_m.jpg,PatrickSwayze,31,31,Adult,Male
8168_PatrickSwayze_34_m.jpg,PatrickSwayze,34,34,Adult,Male
8169_PatrickSwayze_36_m.jpg,PatrickSwayze,36,36,Middle,Male
816_JosephStalin_65_m.jpg,JosephStalin,65,65,Senior,Male
8170_PatrickSwayze_38_m.jpg,PatrickSwayze,38,38,Middle,Male
8171_PatrickSwayze_41_m.jpg,PatrickSwayze,41,41,Middle,Male
8172_PatrickSwayze_43_m.jpg,PatrickSwayze,43,43,Middle,Male
8173_PatrickSwayze_45_m.jpg,PatrickSwayze,45,45,Middle,Male
8174_PatrickSwayze_45_m.jpg,PatrickSwayze,45,45,Middle,Male
8175_PatrickSwayze_46_m.jpg,PatrickSwayze,46,46,Middle,Male
8176_PatrickSwayze_46_m.jpg,PatrickSwayze,46,46,Middle,Male
8177_PatrickSwayze_49_m.jpg,PatrickSwayze,49,49,Middle,Male
8178_PatrickSwayze_51_m.jpg,PatrickSwayze,51,51,Middle,Male
8179_PatrickSwayze_52_m.jpg,PatrickSwayze,52,52,Middle,Male
817_JosephStalin_67_m.jpg,JosephStalin,67,67,Senior,Male
8180_PatrickSwayze_53_m.jpg,PatrickSwayze,53,53,Middle,Male
8181_PatrickSwayze_54_m.jpg,PatrickSwayze,54,54,Middle,Male
8182_PatrickSwayze_54_m.jpg,PatrickSwayze,54,54,Middle,Male
8183_PatrickSwayze_55_m.jpg,PatrickSwayze,55,55,Middle,Male
8184_PatrickSwayze_57_m.jpg,PatrickSwayze,57,57,Senior,Male
8185_PatrickSwayze_57_m.jpg,PatrickSwayze,57,57,Senior,Male
8186_PeterUstinov_19_m.jpg,PeterUstinov,19,19,Adult,Male
8187_PeterUstinov_20_m.jpg,PeterUstinov,20,20,Adult,Male
8188_PeterUstinov_75_m.jpg,PeterUstinov,75,75,Elderly,Male
8189_PeterUstinov_52_m.jpg,PeterUstinov,52,52,Middle,Male
818_JosephStalin_63_m.jpg,JosephStalin,63,63,Senior,Male
8190_PeterUstinov_18_m.jpg,PeterUstinov,18,18,Adult,Male
8191_PeterUstinov_70_m.jpg,PeterUstinov,70,70,Senior,Male
8192_PeterUstinov_48_m.jpg,PeterUstinov,48,48,Middle,Male
8193_PeterUstinov_43_m.jpg,PeterUstinov,43,43,Middle,Male
8194_PeterUstinov_68_m.jpg,PeterUstinov,68,68,Senior,Male
8195_PeterUstinov_72_m.jpg,PeterUstinov,72,72,Elderly,Male
8196_PeterUstinov_70_m.jpg,PeterUstinov,70,70,Senior,Male
8197_PeterUstinov_72_m.jpg,PeterUstinov,72,72,Elderly,Male
8198_PeterUstinov_35_m.jpg,PeterUstinov,35,35,Adult,Male
8199_PeterUstinov_70_m.jpg,PeterUstinov,70,70,Senior,Male
819_JosephStalin_65_m.jpg,JosephStalin,65,65,Senior,Male
8200_PeterUstinov_75_m.jpg,PeterUstinov,75,75,Elderly,Male
8201_PeterUstinov_40_m.jpg,PeterUstinov,40,40,Middle,Male
8202_PeterUstinov_73_m.jpg,PeterUstinov,73,73,Elderly,Male
8203_PeterUstinov_38_m.jpg,PeterUstinov,38,38,Middle,Male
8204_PeterUstinov_67_m.jpg,PeterUstinov,67,67,Senior,Male
8205_PeterUstinov_34_m.jpg,PeterUstinov,34,34,Adult,Male
8206_PeterUstinov_28_m.jpg,PeterUstinov,28,28,Adult,Male
8207_PeterUstinov_30_m.jpg,PeterUstinov,30,30,Adult,Male
8208_PeterUstinov_68_m.jpg,PeterUstinov,68,68,Senior,Male
8209_PeterUstinov_43_m.jpg,PeterUstinov,43,43,Middle,Male
820_JosephStalin_72_m.jpg,JosephStalin,72,72,Elderly,Male
8210_PeterUstinov_50_m.jpg,PeterUstinov,50,50,Middle,Male
8211_PeterUstinov_52_m.jpg,PeterUstinov,52,52,Middle,Male
8212_PeterUstinov_55_m.jpg,PeterUstinov,55,55,Middle,Male
8213_PeterUstinov_72_m.jpg,PeterUstinov,72,72,Elderly,Male
8214_PeterUstinov_48_m.jpg,PeterUstinov,48,48,Middle,Male
8215_PeterUstinov_33_m.jpg,PeterUstinov,33,33,Adult,Male
821_JosephStalin_45_m.jpg,JosephStalin,45,45,Middle,Male
822_JosephStalin_30_m.jpg,JosephStalin,30,30,Adult,Male
823_JosephStalin_55_m.jpg,JosephStalin,55,55,Middle,Male
8240_ReginaldOwen_43_m.jpg,ReginaldOwen,43,43,Middle,Male
8241_ReginaldOwen_44_m.jpg,ReginaldOwen,44,44,Middle,Male
8242_ReginaldOwen_46_m.jpg,ReginaldOwen,46,46,Middle,Male
8243_ReginaldOwen_48_m.jpg,ReginaldOwen,48,48,Middle,Male
8244_ReginaldOwen_41_m.jpg,ReginaldOwen,41,41,Middle,Male
8245_ReginaldOwen_47_m.jpg,ReginaldOwen,47,47,Middle,Male
8246_ReginaldOwen_48_m.jpg,ReginaldOwen,48,48,Middle,Male
8247_ReginaldOwen_49_m.jpg,ReginaldOwen,49,49,Middle,Male
8248_ReginaldOwen_51_m.jpg,ReginaldOwen,51,51,Middle,Male
8249_ReginaldOwen_52_m.jpg,ReginaldOwen,52,52,Middle,Male
824_JosephStalin_68_m.jpg,JosephStalin,68,68,Senior,Male
8250_ReginaldOwen_53_m.jpg,ReginaldOwen,53,53,Middle,Male
8251_ReginaldOwen_54_m.jpg,ReginaldOwen,54,54,Middle,Male
8252_ReginaldOwen_55_m.jpg,ReginaldOwen,55,55,Middle,Male
8253_ReginaldOwen_56_m.jpg,ReginaldOwen,56,56,Senior,Male
8254_ReginaldOwen_57_m.jpg,ReginaldOwen,57,57,Senior,Male
8255_ReginaldOwen_61_m.jpg,ReginaldOwen,61,61,Senior,Male
8256_ReginaldOwen_62_m.jpg,ReginaldOwen,62,62,Senior,Male
8257_ReginaldOwen_63_m.jpg,ReginaldOwen,63,63,Senior,Male
8258_ReginaldOwen_66_m.jpg,ReginaldOwen,66,66,Senior,Male
8259_ReginaldOwen_70_m.jpg,ReginaldOwen,70,70,Senior,Male
825_JosephStalin_65_m.jpg,JosephStalin,65,65,Senior,Male
8260_ReginaldOwen_73_m.jpg,ReginaldOwen,73,73,Elderly,Male
8261_ReginaldOwen_75_m.jpg,ReginaldOwen,75,75,Elderly,Male
8262_ReginaldOwen_76_m.jpg,ReginaldOwen,76,76,Elderly,Male
8263_ReginaldOwen_77_m.jpg,ReginaldOwen,77,77,Elderly,Male
8264_ReginaldOwen_78_m.jpg,ReginaldOwen,78,78,Elderly,Male
8265_ReginaldOwen_82_m.jpg,ReginaldOwen,82,82,Elderly,Male
8266_ReginaldOwen_83_m.jpg,ReginaldOwen,83,83,Elderly,Male
8267_ReginaldOwen_84_m.jpg,ReginaldOwen,84,84,Elderly,Male
8268_RichardChamberlain_26_m.jpg,RichardChamberlain,26,26,Adult,Male
8269_RichardChamberlain_27_m.jpg,RichardChamberlain,27,27,Adult,Male
826_JosephStalin_52_m.jpg,JosephStalin,52,52,Middle,Male
8270_RichardChamberlain_28_m.jpg,RichardChamberlain,28,28,Adult,Male
8271_RichardChamberlain_29_m.jpg,RichardChamberlain,29,29,Adult,Male
8272_RichardChamberlain_33_m.jpg,RichardChamberlain,33,33,Adult,Male
8273_RichardChamberlain_35_m.jpg,RichardChamberlain,35,35,Adult,Male
8274_RichardChamberlain_30_m.jpg,RichardChamberlain,30,30,Adult,Male
8275_RichardChamberlain_31_m.jpg,RichardChamberlain,31,31,Adult,Male
8276_RichardChamberlain_34_m.jpg,RichardChamberlain,34,34,Adult,Male
8277_RichardChamberlain_36_m.jpg,RichardChamberlain,36,36,Middle,Male
8278_RichardChamberlain_38_m.jpg,RichardChamberlain,38,38,Middle,Male
8279_RichardChamberlain_39_m.jpg,RichardChamberlain,39,39,Middle,Male
827_JosephStalin_57_m.jpg,JosephStalin,57,57,Senior,Male
8280_RichardChamberlain_40_m.jpg,RichardChamberlain,40,40,Middle,Male
8281_RichardChamberlain_41_m.jpg,RichardChamberlain,41,41,Middle,Male
8282_RichardChamberlain_43_m.jpg,RichardChamberlain,43,43,Middle,Male
8283_RichardChamberlain_44_m.jpg,RichardChamberlain,44,44,Middle,Male
8284_RichardChamberlain_45_m.jpg,RichardChamberlain,45,45,Middle,Male
8285_RichardChamberlain_46_m.jpg,RichardChamberlain,46,46,Middle,Male
8286_RichardChamberlain_47_m.jpg,RichardChamberlain,47,47,Middle,Male
8287_RichardChamberlain_48_m.jpg,RichardChamberlain,48,48,Middle,Male
8288_RichardChamberlain_52_m.jpg,RichardChamberlain,52,52,Middle,Male
8289_RichardChamberlain_54_m.jpg,RichardChamberlain,54,54,Middle,Male
8290_RichardChamberlain_55_m.jpg,RichardChamberlain,55,55,Middle,Male
8291_RichardChamberlain_56_m.jpg,RichardChamberlain,56,56,Senior,Male
8292_RichardChamberlain_57_m.jpg,RichardChamberlain,57,57,Senior,Male
8293_RichardChamberlain_61_m.jpg,RichardChamberlain,61,61,Senior,Male
8294_RichardChamberlain_63_m.jpg,RichardChamberlain,63,63,Senior,Male
8295_RichardChamberlain_65_m.jpg,RichardChamberlain,65,65,Senior,Male
8296_RichardChamberlain_66_m.jpg,RichardChamberlain,66,66,Senior,Male
8297_RichardChamberlain_68_m.jpg,RichardChamberlain,68,68,Senior,Male
8298_RichardChamberlain_71_m.jpg,RichardChamberlain,71,71,Elderly,Male
8299_RichardChamberlain_72_m.jpg,RichardChamberlain,72,72,Elderly,Male
8300_RichardChamberlain_73_m.jpg,RichardChamberlain,73,73,Elderly,Male
8301_RichardChamberlain_76_m.jpg,RichardChamberlain,76,76,Elderly,Male
8302_RichardChamberlain_78_m.jpg,RichardChamberlain,78,78,Elderly,Male
8303_RichardChamberlain_79_m.jpg,RichardChamberlain,79,79,Elderly,Male
8304_RichardChamberlain_80_m.jpg,RichardChamberlain,80,80,Elderly,Male
8305_RichardCrenna_18_m.jpg,RichardCrenna,18,18,Adult,Male
8306_RichardCrenna_22_m.jpg,RichardCrenna,22,22,Adult,Male
8307_RichardCrenna_26_m.jpg,RichardCrenna,26,26,Adult,Male
8308_RichardCrenna_28_m.jpg,RichardCrenna,28,28,Adult,Male
8309_RichardCrenna_30_m.jpg,RichardCrenna,30,30,Adult,Male
8310_RichardCrenna_34_m.jpg,RichardCrenna,34,34,Adult,Male
8311_RichardCrenna_36_m.jpg,RichardCrenna,36,36,Middle,Male
8312_RichardCrenna_20_m.jpg,RichardCrenna,20,20,Adult,Male
8313_RichardCrenna_32_m.jpg,RichardCrenna,32,32,Adult,Male
8314_RichardCrenna_37_m.jpg,RichardCrenna,37,37,Middle,Male
8315_RichardCrenna_41_m.jpg,RichardCrenna,41,41,Middle,Male
8316_RichardCrenna_42_m.jpg,RichardCrenna,42,42,Middle,Male
8317_RichardCrenna_43_m.jpg,RichardCrenna,43,43,Middle,Male
8318_RichardCrenna_44_m.jpg,RichardCrenna,44,44,Middle,Male
8319_RichardCrenna_45_m.jpg,RichardCrenna,45,45,Middle,Male
8320_RichardCrenna_46_m.jpg,RichardCrenna,46,46,Middle,Male
8321_RichardCrenna_47_m.jpg,RichardCrenna,47,47,Middle,Male
8322_RichardCrenna_49_m.jpg,RichardCrenna,49,49,Middle,Male
8323_RichardCrenna_56_m.jpg,RichardCrenna,56,56,Senior,Male
8324_RichardCrenna_38_m.jpg,RichardCrenna,38,38,Middle,Male
8325_RichardCrenna_39_m.jpg,RichardCrenna,39,39,Middle,Male
8326_RichardCrenna_40_m.jpg,RichardCrenna,40,40,Middle,Male
8327_RichardCrenna_48_m.jpg,RichardCrenna,48,48,Middle,Male
8328_RichardCrenna_51_m.jpg,RichardCrenna,51,51,Middle,Male
8329_RichardCrenna_52_m.jpg,RichardCrenna,52,52,Middle,Male
8330_RichardCrenna_53_m.jpg,RichardCrenna,53,53,Middle,Male
8331_RichardCrenna_55_m.jpg,RichardCrenna,55,55,Middle,Male
8332_RichardCrenna_57_m.jpg,RichardCrenna,57,57,Senior,Male
8333_RichardCrenna_59_m.jpg,RichardCrenna,59,59,Senior,Male
8334_RichardCrenna_60_m.jpg,RichardCrenna,60,60,Senior,Male
8335_RichardCrenna_61_m.jpg,RichardCrenna,61,61,Senior,Male
8336_RichardCrenna_62_m.jpg,RichardCrenna,62,62,Senior,Male
8337_RichardCrenna_63_m.jpg,RichardCrenna,63,63,Senior,Male
8338_RichardCrenna_64_m.jpg,RichardCrenna,64,64,Senior,Male
8339_RichardCrenna_67_m.jpg,RichardCrenna,67,67,Senior,Male
8340_RichardCrenna_69_m.jpg,RichardCrenna,69,69,Senior,Male
8341_RichardCrenna_71_m.jpg,RichardCrenna,71,71,Elderly,Male
8342_RichardCrenna_72_m.jpg,RichardCrenna,72,72,Elderly,Male
8343_RichardCrenna_73_m.jpg,RichardCrenna,73,73,Elderly,Male
8344_RichardCrenna_74_m.jpg,RichardCrenna,74,74,Elderly,Male
8345_RichardCrenna_75_m.jpg,RichardCrenna,75,75,Elderly,Male
8346_SimonMacCorkindale_23_m.jpg,SimonMacCorkindale,23,23,Adult,Male
8347_SimonMacCorkindale_24_m.jpg,SimonMacCorkindale,24,24,Adult,Male
8348_SimonMacCorkindale_25_m.jpg,SimonMacCorkindale,25,25,Adult,Male
8349_SimonMacCorkindale_26_m.jpg,SimonMacCorkindale,26,26,Adult,Male
8350_SimonMacCorkindale_27_m.jpg,SimonMacCorkindale,27,27,Adult,Male
8351_SimonMacCorkindale_28_m.jpg,SimonMacCorkindale,28,28,Adult,Male
8352_SimonMacCorkindale_29_m.jpg,SimonMacCorkindale,29,29,Adult,Male
8353_SimonMacCorkindale_30_m.jpg,SimonMacCorkindale,30,30,Adult,Male
8354_SimonMacCorkindale_31_m.jpg,SimonMacCorkindale,31,31,Adult,Male
8355_SimonMacCorkindale_32_m.jpg,SimonMacCorkindale,32,32,Adult,Male
8356_SimonMacCorkindale_33_m.jpg,SimonMacCorkindale,33,33,Adult,Male
8357_SimonMacCorkindale_34_m.jpg,SimonMacCorkindale,34,34,Adult,Male
8358_SimonMacCorkindale_35_m.jpg,SimonMacCorkindale,35,35,Adult,Male
8359_SimonMacCorkindale_37_m.jpg,SimonMacCorkindale,37,37,Middle,Male
8360_SimonMacCorkindale_38_m.jpg,SimonMacCorkindale,38,38,Middle,Male
8361_SimonMacCorkindale_39_m.jpg,SimonMacCorkindale,39,39,Middle,Male
8362_SimonMacCorkindale_40_m.jpg,SimonMacCorkindale,40,40,Middle,Male
8363_SimonMacCorkindale_43_m.jpg,SimonMacCorkindale,43,43,Middle,Male
8364_SimonMacCorkindale_44_m.jpg,SimonMacCorkindale,44,44,Middle,Male
8365_SimonMacCorkindale_45_m.jpg,SimonMacCorkindale,45,45,Middle,Male
8366_SimonMacCorkindale_46_m.jpg,SimonMacCorkindale,46,46,Middle,Male
8367_SimonMacCorkindale_48_m.jpg,SimonMacCorkindale,48,48,Middle,Male
8368_SimonMacCorkindale_49_m.jpg,SimonMacCorkindale,49,49,Middle,Male
8369_SimonMacCorkindale_50_m.jpg,SimonMacCorkindale,50,50,Middle,Male
8370_SimonMacCorkindale_51_m.jpg,SimonMacCorkindale,51,51,Middle,Male
8371_SimonMacCorkindale_52_m.jpg,SimonMacCorkindale,52,52,Middle,Male
8372_SimonMacCorkindale_53_m.jpg,SimonMacCorkindale,53,53,Middle,Male
8373_SimonMacCorkindale_55_m.jpg,SimonMacCorkindale,55,55,Middle,Male
8374_SimonMacCorkindale_56_m.jpg,SimonMacCorkindale,56,56,Senior,Male
8375_SimonMacCorkindale_57_m.jpg,SimonMacCorkindale,57,57,Senior,Male
8376_SimonMacCorkindale_58_m.jpg,SimonMacCorkindale,58,58,Senior,Male
8432_WalterPidgeon_38_m.jpg,WalterPidgeon,38,38,Middle,Male
8433_WalterPidgeon_39_m.jpg,WalterPidgeon,39,39,Middle,Male
8434_WalterPidgeon_40_m.jpg,WalterPidgeon,40,40,Middle,Male
8435_WalterPidgeon_41_m.jpg,WalterPidgeon,41,41,Middle,Male
8436_WalterPidgeon_42_m.jpg,WalterPidgeon,42,42,Middle,Male
8437_WalterPidgeon_43_m.jpg,WalterPidgeon,43,43,Middle,Male
8438_WalterPidgeon_44_m.jpg,WalterPidgeon,44,44,Middle,Male
8439_WalterPidgeon_45_m.jpg,WalterPidgeon,45,45,Middle,Male
8440_WalterPidgeon_46_m.jpg,WalterPidgeon,46,46,Middle,Male
8441_WalterPidgeon_47_m.jpg,WalterPidgeon,47,47,Middle,Male
8442_WalterPidgeon_48_m.jpg,WalterPidgeon,48,48,Middle,Male
8443_WalterPidgeon_49_m.jpg,WalterPidgeon,49,49,Middle,Male
8444_WalterPidgeon_50_m.jpg,WalterPidgeon,50,50,Middle,Male
8445_WalterPidgeon_51_m.jpg,WalterPidgeon,51,51,Middle,Male
8446_WalterPidgeon_52_m.jpg,WalterPidgeon,52,52,Middle,Male
8447_WalterPidgeon_53_m.jpg,WalterPidgeon,53,53,Middle,Male
8448_WalterPidgeon_54_m.jpg,WalterPidgeon,54,54,Middle,Male
8449_WalterPidgeon_56_m.jpg,WalterPidgeon,56,56,Senior,Male
844_mahatmagandhi_7_m.jpg,mahatmagandhi,7,7,Child,Male
8450_WalterPidgeon_57_m.jpg,WalterPidgeon,57,57,Senior,Male
8451_WalterPidgeon_58_m.jpg,WalterPidgeon,58,58,Senior,Male
8452_WalterPidgeon_59_m.jpg,WalterPidgeon,59,59,Senior,Male
8453_WalterPidgeon_62_m.jpg,WalterPidgeon,62,62,Senior,Male
8454_WalterPidgeon_64_m.jpg,WalterPidgeon,64,64,Senior,Male
8455_WalterPidgeon_66_m.jpg,WalterPidgeon,66,66,Senior,Male
8456_WalterPidgeon_68_m.jpg,WalterPidgeon,68,68,Senior,Male
8457_WalterPidgeon_71_m.jpg,WalterPidgeon,71,71,Elderly,Male
8458_WalterPidgeon_73_m.jpg,WalterPidgeon,73,73,Elderly,Male
8459_WalterPidgeon_76_m.jpg,WalterPidgeon,76,76,Elderly,Male
845_mahatmagandhi_26_m.jpg,mahatmagandhi,26,26,Adult,Male
8460_WalterPidgeon_79_m.jpg,WalterPidgeon,79,79,Elderly,Male
8461_WilliamHolden_20_m.jpg,WilliamHolden,20,20,Adult,Male
8462_WilliamHolden_21_m.jpg,WilliamHolden,21,21,Adult,Male
8463_WilliamHolden_22_m.jpg,WilliamHolden,22,22,Adult,Male
8464_WilliamHolden_23_m.jpg,WilliamHolden,23,23,Adult,Male
8465_WilliamHolden_24_m.jpg,WilliamHolden,24,24,Adult,Male
8466_WilliamHolden_25_m.jpg,WilliamHolden,25,25,Adult,Male
8467_WilliamHolden_27_m.jpg,WilliamHolden,27,27,Adult,Male
8468_WilliamHolden_29_m.jpg,WilliamHolden,29,29,Adult,Male
8469_WilliamHolden_30_m.jpg,WilliamHolden,30,30,Adult,Male
846_mahatmagandhi_40_m.jpg,mahatmagandhi,40,40,Middle,Male
8470_WilliamHolden_34_m.jpg,WilliamHolden,34,34,Adult,Male
8471_WilliamHolden_35_m.jpg,WilliamHolden,35,35,Adult,Male
8472_WilliamHolden_36_m.jpg,WilliamHolden,36,36,Middle,Male
8473_WilliamHolden_39_m.jpg,WilliamHolden,39,39,Middle,Male
8474_WilliamHolden_40_m.jpg,WilliamHolden,40,40,Middle,Male
8475_WilliamHolden_41_m.jpg,WilliamHolden,41,41,Middle,Male
8476_WilliamHolden_45_m.jpg,WilliamHolden,45,45,Middle,Male
8477_WilliamHolden_46_m.jpg,WilliamHolden,46,46,Middle,Male
8478_WilliamHolden_48_m.jpg,WilliamHolden,48,48,Middle,Male
8479_WilliamHolden_49_m.jpg,WilliamHolden,49,49,Middle,Male
847_mahatmagandhi_49_m.jpg,mahatmagandhi,49,49,Middle,Male
8480_WilliamHolden_51_m.jpg,WilliamHolden,51,51,Middle,Male
8481_WilliamHolden_51_m.jpg,WilliamHolden,51,51,Middle,Male
8482_WilliamHolden_53_m.jpg,WilliamHolden,53,53,Middle,Male
8483_WilliamHolden_54_m.jpg,WilliamHolden,54,54,Middle,Male
8484_WilliamHolden_55_m.jpg,WilliamHolden,55,55,Middle,Male
8485_WilliamHolden_56_m.jpg,WilliamHolden,56,56,Senior,Male
8486_WilliamHolden_57_m.jpg,WilliamHolden,57,57,Senior,Male
8487_WilliamHolden_58_m.jpg,WilliamHolden,58,58,Senior,Male
8488_WilliamHolden_60_m.jpg,WilliamHolden,60,60,Senior,Male
8489_WilliamHolden_61_m.jpg,WilliamHolden,61,61,Senior,Male
848_mahatmagandhi_62_m.jpg,mahatmagandhi,62,62,Senior,Male
8490_WilliamHolden_63_m.jpg,WilliamHolden,63,63,Senior,Male
849_mahatmagandhi_70_m.jpg,mahatmagandhi,70,70,Senior,Male
850_mahatmagandhi_71_m.jpg,mahatmagandhi,71,71,Elderly,Male
851_mahatmagandhi_73_m.jpg,mahatmagandhi,73,73,Elderly,Male
852_mahatmagandhi_52_m.jpg,mahatmagandhi,52,52,Middle,Male
853_mahatmagandhi_20_m.jpg,mahatmagandhi,20,20,Adult,Male
854_mahatmagandhi_30_m.jpg,mahatmagandhi,30,30,Adult,Male
8550_CliffRobertson_32_m.jpg,CliffRobertson,32,32,Adult,Male
8551_CliffRobertson_35_m.jpg,CliffRobertson,35,35,Adult,Male
8552_CliffRobertson_37_m.jpg,CliffRobertson,37,37,Middle,Male
8553_CliffRobertson_39_m.jpg,CliffRobertson,39,39,Middle,Male
8554_CliffRobertson_40_m.jpg,CliffRobertson,40,40,Middle,Male
8555_CliffRobertson_41_m.jpg,CliffRobertson,41,41,Middle,Male
8556_CliffRobertson_41_m.jpg,CliffRobertson,41,41,Middle,Male
8557_CliffRobertson_42_m.jpg,CliffRobertson,42,42,Middle,Male
8558_CliffRobertson_50_m.jpg,CliffRobertson,50,50,Middle,Male
8559_CliffRobertson_52_m.jpg,CliffRobertson,52,52,Middle,Male
855_mahatmagandhi_71_m.jpg,mahatmagandhi,71,71,Elderly,Male
8560_CliffRobertson_56_m.jpg,CliffRobertson,56,56,Senior,Male
8561_CliffRobertson_60_m.jpg,CliffRobertson,60,60,Senior,Male
8562_CliffRobertson_61_m.jpg,CliffRobertson,61,61,Senior,Male
8563_CliffRobertson_72_m.jpg,CliffRobertson,72,72,Elderly,Male
8564_CliffRobertson_73_m.jpg,CliffRobertson,73,73,Elderly,Male
8565_CliffRobertson_77_m.jpg,CliffRobertson,77,77,Elderly,Male
8566_CliffRobertson_79_m.jpg,CliffRobertson,79,79,Elderly,Male
8567_CliffRobertson_81_m.jpg,CliffRobertson,81,81,Elderly,Male
8568_CliffRobertson_82_m.jpg,CliffRobertson,82,82,Elderly,Male
8569_CliffRobertson_84_m.jpg,CliffRobertson,84,84,Elderly,Male
856_mahatmagandhi_73_m.jpg,mahatmagandhi,73,73,Elderly,Male
8570_CliffRobertson_86_m.jpg,CliffRobertson,86,86,Elderly,Male
8571_CliffRobertson_44_m.jpg,CliffRobertson,44,44,Middle,Male
8572_CliffRobertson_46_m.jpg,CliffRobertson,46,46,Middle,Male
8573_CliffRobertson_47_m.jpg,CliffRobertson,47,47,Middle,Male
8574_CliffRobertson_57_m.jpg,CliffRobertson,57,57,Senior,Male
8575_CliffRobertson_58_m.jpg,CliffRobertson,58,58,Senior,Male
8576_CliffRobertson_62_m.jpg,CliffRobertson,62,62,Senior,Male
8577_CliffRobertson_66_m.jpg,CliffRobertson,66,66,Senior,Male
8578_CliffRobertson_80_m.jpg,CliffRobertson,80,80,Elderly,Male
8579_DavidCarradine_28_m.jpg,DavidCarradine,28,28,Adult,Male
857_mahatmagandhi_28_m.jpg,mahatmagandhi,28,28,Adult,Male
8580_DavidCarradine_29_m.jpg,DavidCarradine,29,29,Adult,Male
8581_DavidCarradine_30_m.jpg,DavidCarradine,30,30,Adult,Male
8582_DavidCarradine_32_m.jpg,DavidCarradine,32,32,Adult,Male
8583_DavidCarradine_34_m.jpg,DavidCarradine,34,34,Adult,Male
8584_DavidCarradine_35_m.jpg,DavidCarradine,35,35,Adult,Male
8585_DavidCarradine_36_m.jpg,DavidCarradine,36,36,Middle,Male
8586_DavidCarradine_37_m.jpg,DavidCarradine,37,37,Middle,Male
8587_DavidCarradine_38_m.jpg,DavidCarradine,38,38,Middle,Male
8588_DavidCarradine_39_m.jpg,DavidCarradine,39,39,Middle,Male
8589_DavidCarradine_42_m.jpg,DavidCarradine,42,42,Middle,Male
858_mahatmagandhi_76_m.jpg,mahatmagandhi,76,76,Elderly,Male
8590_DavidCarradine_43_m.jpg,DavidCarradine,43,43,Middle,Male
8591_DavidCarradine_44_m.jpg,DavidCarradine,44,44,Middle,Male
8592_DavidCarradine_51_m.jpg,DavidCarradine,51,51,Middle,Male
8593_DavidCarradine_52_m.jpg,DavidCarradine,52,52,Middle,Male
8594_DavidCarradine_55_m.jpg,DavidCarradine,55,55,Middle,Male
8595_DavidCarradine_56_m.jpg,DavidCarradine,56,56,Senior,Male
8596_DavidCarradine_59_m.jpg,DavidCarradine,59,59,Senior,Male
8597_DavidCarradine_61_m.jpg,DavidCarradine,61,61,Senior,Male
8598_DavidCarradine_63_m.jpg,DavidCarradine,63,63,Senior,Male
8599_DavidCarradine_66_m.jpg,DavidCarradine,66,66,Senior,Male
859_mahatmagandhi_58_m.jpg,mahatmagandhi,58,58,Senior,Male
8600_DavidCarradine_67_m.jpg,DavidCarradine,67,67,Senior,Male
8601_DavidCarradine_69_m.jpg,DavidCarradine,69,69,Senior,Male
8602_DavidCarradine_70_m.jpg,DavidCarradine,70,70,Senior,Male
8603_DavidCarradine_41_m.jpg,DavidCarradine,41,41,Middle,Male
8604_DavidCarradine_48_m.jpg,DavidCarradine,48,48,Middle,Male
8605_DavidCarradine_53_m.jpg,DavidCarradine,53,53,Middle,Male
8606_DavidCarradine_54_m.jpg,DavidCarradine,54,54,Middle,Male
8607_DavidCarradine_64_m.jpg,DavidCarradine,64,64,Senior,Male
8608_DavidCarradine_71_m.jpg,DavidCarradine,71,71,Elderly,Male
8609_DavidCarradine_72_m.jpg,DavidCarradine,72,72,Elderly,Male
860_mahatmagandhi_72_m.jpg,mahatmagandhi,72,72,Elderly,Male
8610_FrankSinatra_32_m.jpg,FrankSinatra,32,32,Adult,Male
8611_FrankSinatra_53_m.jpg,FrankSinatra,53,53,Middle,Male
8612_FrankSinatra_57_m.jpg,FrankSinatra,57,57,Senior,Male
8613_FrankSinatra_62_m.jpg,FrankSinatra,62,62,Senior,Male
8614_FrankSinatra_47_m.jpg,FrankSinatra,47,47,Middle,Male
8615_FrankSinatra_45_m.jpg,FrankSinatra,45,45,Middle,Male
8616_FrankSinatra_42_m.jpg,FrankSinatra,42,42,Middle,Male
8617_FrankSinatra_55_m.jpg,FrankSinatra,55,55,Middle,Male
8618_FrankSinatra_43_m.jpg,FrankSinatra,43,43,Middle,Male
8619_FrankSinatra_38_m.jpg,FrankSinatra,38,38,Middle,Male
861_mahatmagandhi_75_m.jpg,mahatmagandhi,75,75,Elderly,Male
8620_FrankSinatra_52_m.jpg,FrankSinatra,52,52,Middle,Male
8621_FrankSinatra_35_m.jpg,FrankSinatra,35,35,Adult,Male
8622_FrankSinatra_38_m.jpg,FrankSinatra,38,38,Middle,Male
8623_FrankSinatra_39_m.jpg,FrankSinatra,39,39,Middle,Male
8624_FrankSinatra_40_m.jpg,FrankSinatra,40,40,Middle,Male
8625_FrankSinatra_40_m.jpg,FrankSinatra,40,40,Middle,Male
8626_FrankSinatra_42_m.jpg,FrankSinatra,42,42,Middle,Male
8627_FrankSinatra_48_m.jpg,FrankSinatra,48,48,Middle,Male
8628_FrankSinatra_43_m.jpg,FrankSinatra,43,43,Middle,Male
8629_FrankSinatra_65_m.jpg,FrankSinatra,65,65,Senior,Male
862_mahatmagandhi_76_m.jpg,mahatmagandhi,76,76,Elderly,Male
8630_FrankSinatra_24_m.jpg,FrankSinatra,24,24,Adult,Male
8631_FrankSinatra_23_m.jpg,FrankSinatra,23,23,Adult,Male
8632_FrankSinatra_28_m.jpg,FrankSinatra,28,28,Adult,Male
8633_FrankSinatra_27_m.jpg,FrankSinatra,27,27,Adult,Male
8634_FrankSinatra_51_m.jpg,FrankSinatra,51,51,Middle,Male
8635_FrankSinatra_65_m.jpg,FrankSinatra,65,65,Senior,Male
8636_FrankSinatra_22_m.jpg,FrankSinatra,22,22,Adult,Male
8637_JamesStewart_86_m.jpg,JamesStewart,86,86,Elderly,Male
8638_JamesStewart_26_m.jpg,JamesStewart,26,26,Adult,Male
8639_JamesStewart_28_m.jpg,JamesStewart,28,28,Adult,Male
863_mahatmagandhi_72_m.jpg,mahatmagandhi,72,72,Elderly,Male
8640_JamesStewart_30_m.jpg,JamesStewart,30,30,Adult,Male
8641_JamesStewart_31_m.jpg,JamesStewart,31,31,Adult,Male
8642_JamesStewart_31_m.jpg,JamesStewart,31,31,Adult,Male
8643_JamesStewart_32_m.jpg,JamesStewart,32,32,Adult,Male
8644_JamesStewart_32_m.jpg,JamesStewart,32,32,Adult,Male
8645_JamesStewart_38_m.jpg,JamesStewart,38,38,Middle,Male
8646_JamesStewart_40_m.jpg,JamesStewart,40,40,Middle,Male
8647_JamesStewart_45_m.jpg,JamesStewart,45,45,Middle,Male
8648_JamesStewart_51_m.jpg,JamesStewart,51,51,Middle,Male
8649_JamesStewart_52_m.jpg,JamesStewart,52,52,Middle,Male
864_mahatmagandhi_68_m.jpg,mahatmagandhi,68,68,Senior,Male
8650_JamesStewart_65_m.jpg,JamesStewart,65,65,Senior,Male
8651_JamesStewart_68_m.jpg,JamesStewart,68,68,Senior,Male
8652_JamesStewart_69_m.jpg,JamesStewart,69,69,Senior,Male
8653_JamesStewart_41_m.jpg,JamesStewart,41,41,Middle,Male
8654_JamesStewart_34_m.jpg,JamesStewart,34,34,Adult,Male
8655_JamesStewart_32_m.jpg,JamesStewart,32,32,Adult,Male
8656_JamesStewart_32_m.jpg,JamesStewart,32,32,Adult,Male
8657_JamesStewart_29_m.jpg,JamesStewart,29,29,Adult,Male
8658_JamesStewart_41_m.jpg,JamesStewart,41,41,Middle,Male
865_mahatmagandhi_72_m.jpg,mahatmagandhi,72,72,Elderly,Male
866_WinstonChurchill_67_m.jpg,WinstonChurchill,67,67,Senior,Male
867_WinstonChurchill_30_m.jpg,WinstonChurchill,30,30,Adult,Male
8688_MurrayHamilton_28_m.jpg,MurrayHamilton,28,28,Adult,Male
8689_MurrayHamilton_30_m.jpg,MurrayHamilton,30,30,Adult,Male
868_WinstonChurchill_40_m.jpg,WinstonChurchill,40,40,Middle,Male
8690_MurrayHamilton_33_m.jpg,MurrayHamilton,33,33,Adult,Male
8691_MurrayHamilton_34_m.jpg,MurrayHamilton,34,34,Adult,Male
8692_MurrayHamilton_35_m.jpg,MurrayHamilton,35,35,Adult,Male
8693_MurrayHamilton_36_m.jpg,MurrayHamilton,36,36,Middle,Male
8694_MurrayHamilton_37_m.jpg,MurrayHamilton,37,37,Middle,Male
8695_MurrayHamilton_38_m.jpg,MurrayHamilton,38,38,Middle,Male
8696_MurrayHamilton_39_m.jpg,MurrayHamilton,39,39,Middle,Male
8697_MurrayHamilton_40_m.jpg,MurrayHamilton,40,40,Middle,Male
8698_MurrayHamilton_42_m.jpg,MurrayHamilton,42,42,Middle,Male
8699_MurrayHamilton_43_m.jpg,MurrayHamilton,43,43,Middle,Male
869_WinstonChurchill_48_m.jpg,WinstonChurchill,48,48,Middle,Male
8700_MurrayHamilton_44_m.jpg,MurrayHamilton,44,44,Middle,Male
8701_MurrayHamilton_45_m.jpg,MurrayHamilton,45,45,Middle,Male
8702_MurrayHamilton_48_m.jpg,MurrayHamilton,48,48,Middle,Male
8703_MurrayHamilton_50_m.jpg,MurrayHamilton,50,50,Middle,Male
8704_MurrayHamilton_51_m.jpg,MurrayHamilton,51,51,Middle,Male
8705_MurrayHamilton_54_m.jpg,MurrayHamilton,54,54,Middle,Male
8706_MurrayHamilton_55_m.jpg,MurrayHamilton,55,55,Middle,Male
8707_MurrayHamilton_56_m.jpg,MurrayHamilton,56,56,Senior,Male
8708_MurrayHamilton_57_m.jpg,MurrayHamilton,57,57,Senior,Male
8709_MurrayHamilton_58_m.jpg,MurrayHamilton,58,58,Senior,Male
870_WinstonChurchill_41_m.jpg,WinstonChurchill,41,41,Middle,Male
8710_MurrayHamilton_61_m.jpg,MurrayHamilton,61,61,Senior,Male
8711_MurrayHamilton_62_m.jpg,MurrayHamilton,62,62,Senior,Male
8712_MurrayHamilton_63_m.jpg,MurrayHamilton,63,63,Senior,Male
871_WinstonChurchill_67_m.jpg,WinstonChurchill,67,67,Senior,Male
872_WinstonChurchill_68_m.jpg,WinstonChurchill,68,68,Senior,Male
873_WinstonChurchill_66_m.jpg,WinstonChurchill,66,66,Senior,Male
874_WinstonChurchill_65_m.jpg,WinstonChurchill,65,65,Senior,Male
875_WinstonChurchill_68_m.jpg,WinstonChurchill,68,68,Senior,Male
876_WinstonChurchill_65_m.jpg,WinstonChurchill,65,65,Senior,Male
877_WinstonChurchill_75_m.jpg,WinstonChurchill,75,75,Elderly,Male
8781_AnthonyPerkins_20_m.jpg,AnthonyPerkins,20,20,Adult,Male
8782_AnthonyPerkins_21_m.jpg,AnthonyPerkins,21,21,Adult,Male
8783_AnthonyPerkins_23_m.jpg,AnthonyPerkins,23,23,Adult,Male
8784_AnthonyPerkins_24_m.jpg,AnthonyPerkins,24,24,Adult,Male
8785_AnthonyPerkins_27_m.jpg,AnthonyPerkins,27,27,Adult,Male
8786_AnthonyPerkins_28_m.jpg,AnthonyPerkins,28,28,Adult,Male
8787_AnthonyPerkins_29_m.jpg,AnthonyPerkins,29,29,Adult,Male
8788_AnthonyPerkins_30_m.jpg,AnthonyPerkins,30,30,Adult,Male
8789_AnthonyPerkins_31_m.jpg,AnthonyPerkins,31,31,Adult,Male
878_WinstonChurchill_72_m.jpg,WinstonChurchill,72,72,Elderly,Male
8790_AnthonyPerkins_32_m.jpg,AnthonyPerkins,32,32,Adult,Male
8791_AnthonyPerkins_33_m.jpg,AnthonyPerkins,33,33,Adult,Male
8792_AnthonyPerkins_34_m.jpg,AnthonyPerkins,34,34,Adult,Male
8793_AnthonyPerkins_35_m.jpg,AnthonyPerkins,35,35,Adult,Male
8794_AnthonyPerkins_36_m.jpg,AnthonyPerkins,36,36,Middle,Male
8795_AnthonyPerkins_37_m.jpg,AnthonyPerkins,37,37,Middle,Male
8796_AnthonyPerkins_38_m.jpg,AnthonyPerkins,38,38,Middle,Male
8797_AnthonyPerkins_39_m.jpg,AnthonyPerkins,39,39,Middle,Male
8798_AnthonyPerkins_40_m.jpg,AnthonyPerkins,40,40,Middle,Male
8799_AnthonyPerkins_41_m.jpg,AnthonyPerkins,41,41,Middle,Male
879_WinstonChurchill_65_m.jpg,WinstonChurchill,65,65,Senior,Male
8800_AnthonyPerkins_42_m.jpg,AnthonyPerkins,42,42,Middle,Male
8801_AnthonyPerkins_43_m.jpg,AnthonyPerkins,43,43,Middle,Male
8802_AnthonyPerkins_45_m.jpg,AnthonyPerkins,45,45,Middle,Male
8803_AnthonyPerkins_46_m.jpg,AnthonyPerkins,46,46,Middle,Male
8804_AnthonyPerkins_46_m.jpg,AnthonyPerkins,46,46,Middle,Male
8805_AnthonyPerkins_47_m.jpg,AnthonyPerkins,47,47,Middle,Male
8806_AnthonyPerkins_48_m.jpg,AnthonyPerkins,48,48,Middle,Male
8807_AnthonyPerkins_51_m.jpg,AnthonyPerkins,51,51,Middle,Male
8808_AnthonyPerkins_52_m.jpg,AnthonyPerkins,52,52,Middle,Male
8809_AnthonyPerkins_53_m.jpg,AnthonyPerkins,53,53,Middle,Male
880_WinstonChurchill_68_m.jpg,WinstonChurchill,68,68,Senior,Male
8810_AnthonyPerkins_54_m.jpg,AnthonyPerkins,54,54,Middle,Male
8811_AnthonyPerkins_55_m.jpg,AnthonyPerkins,55,55,Middle,Male
8812_AnthonyPerkins_56_m.jpg,AnthonyPerkins,56,56,Senior,Male
8813_AnthonyPerkins_57_m.jpg,AnthonyPerkins,57,57,Senior,Male
8814_AnthonyPerkins_57_m.jpg,AnthonyPerkins,57,57,Senior,Male
8815_AnthonyPerkins_58_m.jpg,AnthonyPerkins,58,58,Senior,Male
8816_AnthonyPerkins_59_m.jpg,AnthonyPerkins,59,59,Senior,Male
8817_AnthonyPerkins_60_m.jpg,AnthonyPerkins,60,60,Senior,Male
8818_ArnoldSchwarzenegger_22_m.jpg,ArnoldSchwarzenegger,22,22,Adult,Male
8819_ArnoldSchwarzenegger_22_m.jpg,ArnoldSchwarzenegger,22,22,Adult,Male
881_WinstonChurchill_69_m.jpg,WinstonChurchill,69,69,Senior,Male
8820_ArnoldSchwarzenegger_26_m.jpg,ArnoldSchwarzenegger,26,26,Adult,Male
8821_ArnoldSchwarzenegger_27_m.jpg,ArnoldSchwarzenegger,27,27,Adult,Male
8822_ArnoldSchwarzenegger_29_m.jpg,ArnoldSchwarzenegger,29,29,Adult,Male
8823_ArnoldSchwarzenegger_29_m.jpg,ArnoldSchwarzenegger,29,29,Adult,Male
8824_ArnoldSchwarzenegger_30_m.jpg,ArnoldSchwarzenegger,30,30,Adult,Male
8825_ArnoldSchwarzenegger_32_m.jpg,ArnoldSchwarzenegger,32,32,Adult,Male
8826_ArnoldSchwarzenegger_35_m.jpg,ArnoldSchwarzenegger,35,35,Adult,Male
8827_ArnoldSchwarzenegger_35_m.jpg,ArnoldSchwarzenegger,35,35,Adult,Male
8828_ArnoldSchwarzenegger_37_m.jpg,ArnoldSchwarzenegger,37,37,Middle,Male
8829_ArnoldSchwarzenegger_37_m.jpg,ArnoldSchwarzenegger,37,37,Middle,Male
882_WinstonChurchill_21_m.jpg,WinstonChurchill,21,21,Adult,Male
8830_ArnoldSchwarzenegger_38_m.jpg,ArnoldSchwarzenegger,38,38,Middle,Male
8831_ArnoldSchwarzenegger_39_m.jpg,ArnoldSchwarzenegger,39,39,Middle,Male
8832_ArnoldSchwarzenegger_40_m.jpg,ArnoldSchwarzenegger,40,40,Middle,Male
8833_ArnoldSchwarzenegger_41_m.jpg,ArnoldSchwarzenegger,41,41,Middle,Male
8834_ArnoldSchwarzenegger_43_m.jpg,ArnoldSchwarzenegger,43,43,Middle,Male
8835_ArnoldSchwarzenegger_44_m.jpg,ArnoldSchwarzenegger,44,44,Middle,Male
8836_ArnoldSchwarzenegger_44_m.jpg,ArnoldSchwarzenegger,44,44,Middle,Male
8837_ArnoldSchwarzenegger_46_m.jpg,ArnoldSchwarzenegger,46,46,Middle,Male
8838_ArnoldSchwarzenegger_47_m.jpg,ArnoldSchwarzenegger,47,47,Middle,Male
8839_ArnoldSchwarzenegger_47_m.jpg,ArnoldSchwarzenegger,47,47,Middle,Male
883_WinstonChurchill_77_m.jpg,WinstonChurchill,77,77,Elderly,Male
8840_ArnoldSchwarzenegger_49_m.jpg,ArnoldSchwarzenegger,49,49,Middle,Male
8841_ArnoldSchwarzenegger_51_m.jpg,ArnoldSchwarzenegger,51,51,Middle,Male
8842_ArnoldSchwarzenegger_52_m.jpg,ArnoldSchwarzenegger,52,52,Middle,Male
8843_ArnoldSchwarzenegger_54_m.jpg,ArnoldSchwarzenegger,54,54,Middle,Male
8844_ArnoldSchwarzenegger_54_m.jpg,ArnoldSchwarzenegger,54,54,Middle,Male
8845_ArnoldSchwarzenegger_55_m.jpg,ArnoldSchwarzenegger,55,55,Middle,Male
8846_ArnoldSchwarzenegger_55_m.jpg,ArnoldSchwarzenegger,55,55,Middle,Male
8847_ArnoldSchwarzenegger_56_m.jpg,ArnoldSchwarzenegger,56,56,Senior,Male
8848_ArnoldSchwarzenegger_56_m.jpg,ArnoldSchwarzenegger,56,56,Senior,Male
8849_ArnoldSchwarzenegger_57_m.jpg,ArnoldSchwarzenegger,57,57,Senior,Male
884_AndreasPapantreou_32_m.jpg,AndreasPapantreou,32,32,Adult,Male
8850_ArnoldSchwarzenegger_58_m.jpg,ArnoldSchwarzenegger,58,58,Senior,Male
8851_ArnoldSchwarzenegger_60_m.jpg,ArnoldSchwarzenegger,60,60,Senior,Male
8852_ArnoldSchwarzenegger_61_m.jpg,ArnoldSchwarzenegger,61,61,Senior,Male
8853_ArnoldSchwarzenegger_62_m.jpg,ArnoldSchwarzenegger,62,62,Senior,Male
8854_ArnoldSchwarzenegger_63_m.jpg,ArnoldSchwarzenegger,63,63,Senior,Male
8855_ArnoldSchwarzenegger_65_m.jpg,ArnoldSchwarzenegger,65,65,Senior,Male
8856_ArnoldSchwarzenegger_65_m.jpg,ArnoldSchwarzenegger,65,65,Senior,Male
8857_ArnoldSchwarzenegger_66_m.jpg,ArnoldSchwarzenegger,66,66,Senior,Male
8858_ArnoldSchwarzenegger_67_m.jpg,ArnoldSchwarzenegger,67,67,Senior,Male
885_AndreasPapantreou_40_m.jpg,AndreasPapantreou,40,40,Middle,Male
886_AndreasPapantreou_11_m.jpg,AndreasPapantreou,11,11,Child,Male
887_AndreasPapantreou_32_m.jpg,AndreasPapantreou,32,32,Adult,Male
8881_ChristopherEccleston_24_m.jpg,ChristopherEccleston,24,24,Adult,Male
8882_ChristopherEccleston_26_m.jpg,ChristopherEccleston,26,26,Adult,Male
8883_ChristopherEccleston_27_m.jpg,ChristopherEccleston,27,27,Adult,Male
8884_ChristopherEccleston_28_m.jpg,ChristopherEccleston,28,28,Adult,Male
8885_ChristopherEccleston_29_m.jpg,ChristopherEccleston,29,29,Adult,Male
8886_ChristopherEccleston_29_m.jpg,ChristopherEccleston,29,29,Adult,Male
8887_ChristopherEccleston_30_m.jpg,ChristopherEccleston,30,30,Adult,Male
8888_ChristopherEccleston_31_m.jpg,ChristopherEccleston,31,31,Adult,Male
8889_ChristopherEccleston_32_m.jpg,ChristopherEccleston,32,32,Adult,Male
888_AndreasPapantreou_44_m.jpg,AndreasPapantreou,44,44,Middle,Male
8890_ChristopherEccleston_33_m.jpg,ChristopherEccleston,33,33,Adult,Male
8891_ChristopherEccleston_34_m.jpg,ChristopherEccleston,34,34,Adult,Male
8892_ChristopherEccleston_35_m.jpg,ChristopherEccleston,35,35,Adult,Male
8893_ChristopherEccleston_36_m.jpg,ChristopherEccleston,36,36,Middle,Male
8894_ChristopherEccleston_37_m.jpg,ChristopherEccleston,37,37,Middle,Male
8895_ChristopherEccleston_39_m.jpg,ChristopherEccleston,39,39,Middle,Male
8896_ChristopherEccleston_40_m.jpg,ChristopherEccleston,40,40,Middle,Male
8897_ChristopherEccleston_41_m.jpg,ChristopherEccleston,41,41,Middle,Male
8898_ChristopherEccleston_42_m.jpg,ChristopherEccleston,42,42,Middle,Male
8899_ChristopherEccleston_43_m.jpg,ChristopherEccleston,43,43,Middle,Male
889_AndreasPapantreou_48_m.jpg,AndreasPapantreou,48,48,Middle,Male
8900_ChristopherEccleston_44_m.jpg,ChristopherEccleston,44,44,Middle,Male
8901_ChristopherEccleston_45_m.jpg,ChristopherEccleston,45,45,Middle,Male
8902_ChristopherEccleston_46_m.jpg,ChristopherEccleston,46,46,Middle,Male
8903_ChristopherEccleston_47_m.jpg,ChristopherEccleston,47,47,Middle,Male
8904_ChristopherEccleston_48_m.jpg,ChristopherEccleston,48,48,Middle,Male
8905_ChristopherEccleston_49_m.jpg,ChristopherEccleston,49,49,Middle,Male
8906_ChristopherEccleston_49_m.jpg,ChristopherEccleston,49,49,Middle,Male
8907_ChristopherEccleston_50_m.jpg,ChristopherEccleston,50,50,Middle,Male
8908_ErnestBorgnine_37_m.jpg,ErnestBorgnine,37,37,Middle,Male
8909_ErnestBorgnine_38_m.jpg,ErnestBorgnine,38,38,Middle,Male
890_AndreasPapantreou_55_m.jpg,AndreasPapantreou,55,55,Middle,Male
8910_ErnestBorgnine_38_m.jpg,ErnestBorgnine,38,38,Middle,Male
8911_ErnestBorgnine_39_m.jpg,ErnestBorgnine,39,39,Middle,Male
8912_ErnestBorgnine_41_m.jpg,ErnestBorgnine,41,41,Middle,Male
8913_ErnestBorgnine_41_m.jpg,ErnestBorgnine,41,41,Middle,Male
8914_ErnestBorgnine_43_m.jpg,ErnestBorgnine,43,43,Middle,Male
8915_ErnestBorgnine_46_m.jpg,ErnestBorgnine,46,46,Middle,Male
8916_ErnestBorgnine_47_m.jpg,ErnestBorgnine,47,47,Middle,Male
8917_ErnestBorgnine_48_m.jpg,ErnestBorgnine,48,48,Middle,Male
8918_ErnestBorgnine_51_m.jpg,ErnestBorgnine,51,51,Middle,Male
8919_ErnestBorgnine_52_m.jpg,ErnestBorgnine,52,52,Middle,Male
891_AndreasPapantreou_48_m.jpg,AndreasPapantreou,48,48,Middle,Male
8920_ErnestBorgnine_53_m.jpg,ErnestBorgnine,53,53,Middle,Male
8921_ErnestBorgnine_54_m.jpg,ErnestBorgnine,54,54,Middle,Male
8922_ErnestBorgnine_55_m.jpg,ErnestBorgnine,55,55,Middle,Male
8923_ErnestBorgnine_56_m.jpg,ErnestBorgnine,56,56,Senior,Male
8924_ErnestBorgnine_57_m.jpg,ErnestBorgnine,57,57,Senior,Male
8925_ErnestBorgnine_58_m.jpg,ErnestBorgnine,58,58,Senior,Male
8926_ErnestBorgnine_59_m.jpg,ErnestBorgnine,59,59,Senior,Male
8927_ErnestBorgnine_60_m.jpg,ErnestBorgnine,60,60,Senior,Male
8928_ErnestBorgnine_61_m.jpg,ErnestBorgnine,61,61,Senior,Male
8929_ErnestBorgnine_63_m.jpg,ErnestBorgnine,63,63,Senior,Male
892_AndreasPapantreou_53_m.jpg,AndreasPapantreou,53,53,Middle,Male
8930_ErnestBorgnine_65_m.jpg,ErnestBorgnine,65,65,Senior,Male
8931_ErnestBorgnine_72_m.jpg,ErnestBorgnine,72,72,Elderly,Male
8932_ErnestBorgnine_73_m.jpg,ErnestBorgnine,73,73,Elderly,Male
8933_ErnestBorgnine_75_m.jpg,ErnestBorgnine,75,75,Elderly,Male
8934_ErnestBorgnine_79_m.jpg,ErnestBorgnine,79,79,Elderly,Male
8935_ErnestBorgnine_80_m.jpg,ErnestBorgnine,80,80,Elderly,Male
8936_ErnestBorgnine_82_m.jpg,ErnestBorgnine,82,82,Elderly,Male
8937_ErnestBorgnine_84_m.jpg,ErnestBorgnine,84,84,Elderly,Male
8938_ErnestBorgnine_85_m.jpg,ErnestBorgnine,85,85,Elderly,Male
8939_ErnestBorgnine_86_m.jpg,ErnestBorgnine,86,86,Elderly,Male
893_AndreasPapantreou_47_m.jpg,AndreasPapantreou,47,47,Middle,Male
8940_ErnestBorgnine_88_m.jpg,ErnestBorgnine,88,88,Elderly,Male
8941_ErnestBorgnine_89_m.jpg,ErnestBorgnine,89,89,Elderly,Male
8942_ErnestBorgnine_91_m.jpg,ErnestBorgnine,91,91,Elderly,Male
8943_ErnestBorgnine_93_m.jpg,ErnestBorgnine,93,93,Elderly,Male
8944_ErnestBorgnine_94_m.jpg,ErnestBorgnine,94,94,Elderly,Male
894_AndreasPapantreou_49_m.jpg,AndreasPapantreou,49,49,Middle,Male
895_AndreasPapantreou_63_m.jpg,AndreasPapantreou,63,63,Senior,Male
896_AndreasPapantreou_73_m.jpg,AndreasPapantreou,73,73,Elderly,Male
897_AndreasPapantreou_74_m.jpg,AndreasPapantreou,74,74,Elderly,Male
8986_GeorgeCScott_57_m.jpg,GeorgeCScott,57,57,Senior,Male
8987_GeorgeCScott_32_m.jpg,GeorgeCScott,32,32,Adult,Male
8988_GeorgeCScott_32_m.jpg,GeorgeCScott,32,32,Adult,Male
8989_GeorgeCScott_34_m.jpg,GeorgeCScott,34,34,Adult,Male
898_AndreasPapantreou_74_m.jpg,AndreasPapantreou,74,74,Elderly,Male
8990_GeorgeCScott_36_m.jpg,GeorgeCScott,36,36,Middle,Male
8991_GeorgeCScott_43_m.jpg,GeorgeCScott,43,43,Middle,Male
8992_GeorgeCScott_44_m.jpg,GeorgeCScott,44,44,Middle,Male
8993_GeorgeCScott_45_m.jpg,GeorgeCScott,45,45,Middle,Male
8994_GeorgeCScott_46_m.jpg,GeorgeCScott,46,46,Middle,Male
8995_GeorgeCScott_50_m.jpg,GeorgeCScott,50,50,Middle,Male
8996_GeorgeCScott_50_m.jpg,GeorgeCScott,50,50,Middle,Male
8997_GeorgeCScott_54_m.jpg,GeorgeCScott,54,54,Middle,Male
8998_GeorgeCScott_55_m.jpg,GeorgeCScott,55,55,Middle,Male
8999_GeorgeCScott_57_m.jpg,GeorgeCScott,57,57,Senior,Male
899_AndreasPapantreou_55_m.jpg,AndreasPapantreou,55,55,Middle,Male
9000_GeorgeCScott_60_m.jpg,GeorgeCScott,60,60,Senior,Male
9001_GeorgeCScott_63_m.jpg,GeorgeCScott,63,63,Senior,Male
9002_GeorgeCScott_66_m.jpg,GeorgeCScott,66,66,Senior,Male
9003_GeorgeCScott_37_m.jpg,GeorgeCScott,37,37,Middle,Male
9004_GeorgeCScott_37_m.jpg,GeorgeCScott,37,37,Middle,Male
9005_GeorgeCScott_46_m.jpg,GeorgeCScott,46,46,Middle,Male
9006_GeorgeCScott_52_m.jpg,GeorgeCScott,52,52,Middle,Male
9007_GeorgeCScott_53_m.jpg,GeorgeCScott,53,53,Middle,Male
9008_GeorgeCScott_26_m.jpg,GeorgeCScott,26,26,Adult,Male
9009_GeorgeCScott_65_m.jpg,GeorgeCScott,65,65,Senior,Male
900_AndreasPapantreou_55_m.jpg,AndreasPapantreou,55,55,Middle,Male
9010_GeorgeCScott_43_m.jpg,GeorgeCScott,43,43,Middle,Male
901_AndreasPapantreou_57_m.jpg,AndreasPapantreou,57,57,Senior,Male
902_AndreasPapantreou_48_m.jpg,AndreasPapantreou,48,48,Middle,Male
903_AndreasPapantreou_58_m.jpg,AndreasPapantreou,58,58,Senior,Male
904_AndreasPapantreou_74_m.jpg,AndreasPapantreou,74,74,Elderly,Male
905_AndreasPapantreou_72_m.jpg,AndreasPapantreou,72,72,Elderly,Male
906_AndreasPapantreou_65_m.jpg,AndreasPapantreou,65,65,Senior,Male
907_AndreasPapantreou_65_m.jpg,AndreasPapantreou,65,65,Senior,Male
908_AndreasPapantreou_68_m.jpg,AndreasPapantreou,68,68,Senior,Male
909_TheodoreRoosevelt_14_m.jpg,TheodoreRoosevelt,14,14,Juvenile,Male
910_TheodoreRoosevelt_42_m.jpg,TheodoreRoosevelt,42,42,Middle,Male
911_TheodoreRoosevelt_46_m.jpg,TheodoreRoosevelt,46,46,Middle,Male
9128_MichaelSarrazin_23_m.jpg,MichaelSarrazin,23,23,Adult,Male
9129_MichaelSarrazin_27_m.jpg,MichaelSarrazin,27,27,Adult,Male
912_TheodoreRoosevelt_44_m.jpg,TheodoreRoosevelt,44,44,Middle,Male
9130_MichaelSarrazin_28_m.jpg,MichaelSarrazin,28,28,Adult,Male
9131_MichaelSarrazin_29_m.jpg,MichaelSarrazin,29,29,Adult,Male
9132_MichaelSarrazin_30_m.jpg,MichaelSarrazin,30,30,Adult,Male
9133_MichaelSarrazin_31_m.jpg,MichaelSarrazin,31,31,Adult,Male
9134_MichaelSarrazin_32_m.jpg,MichaelSarrazin,32,32,Adult,Male
9135_MichaelSarrazin_33_m.jpg,MichaelSarrazin,33,33,Adult,Male
9136_MichaelSarrazin_34_m.jpg,MichaelSarrazin,34,34,Adult,Male
9137_MichaelSarrazin_36_m.jpg,MichaelSarrazin,36,36,Middle,Male
9138_MichaelSarrazin_37_m.jpg,MichaelSarrazin,37,37,Middle,Male
9139_MichaelSarrazin_38_m.jpg,MichaelSarrazin,38,38,Middle,Male
913_TheodoreRoosevelt_55_m.jpg,TheodoreRoosevelt,55,55,Middle,Male
9140_MichaelSarrazin_40_m.jpg,MichaelSarrazin,40,40,Middle,Male
9141_MichaelSarrazin_42_m.jpg,MichaelSarrazin,42,42,Middle,Male
9142_MichaelSarrazin_45_m.jpg,MichaelSarrazin,45,45,Middle,Male
9143_MichaelSarrazin_46_m.jpg,MichaelSarrazin,46,46,Middle,Male
9144_MichaelSarrazin_48_m.jpg,MichaelSarrazin,48,48,Middle,Male
9145_MichaelSarrazin_50_m.jpg,MichaelSarrazin,50,50,Middle,Male
9146_MichaelSarrazin_51_m.jpg,MichaelSarrazin,51,51,Middle,Male
9147_MichaelSarrazin_53_m.jpg,MichaelSarrazin,53,53,Middle,Male
9148_MichaelSarrazin_55_m.jpg,MichaelSarrazin,55,55,Middle,Male
9149_MichaelSarrazin_57_m.jpg,MichaelSarrazin,57,57,Senior,Male
914_TheodoreRoosevelt_20_m.jpg,TheodoreRoosevelt,20,20,Adult,Male
9150_MichaelSarrazin_61_m.jpg,MichaelSarrazin,61,61,Senior,Male
9151_MichaelSarrazin_64_m.jpg,MichaelSarrazin,64,64,Senior,Male
9152_MichaelSarrazin_68_m.jpg,MichaelSarrazin,68,68,Senior,Male
9153_PeterSellers_30_m.jpg,PeterSellers,30,30,Adult,Male
9154_PeterSellers_25_m.jpg,PeterSellers,25,25,Adult,Male
9155_PeterSellers_41_m.jpg,PeterSellers,41,41,Middle,Male
9156_PeterSellers_40_m.jpg,PeterSellers,40,40,Middle,Male
9157_PeterSellers_38_m.jpg,PeterSellers,38,38,Middle,Male
9158_PeterSellers_48_m.jpg,PeterSellers,48,48,Middle,Male
9159_PeterSellers_38_m.jpg,PeterSellers,38,38,Middle,Male
915_TheodoreRoosevelt_18_m.jpg,TheodoreRoosevelt,18,18,Adult,Male
9160_PeterSellers_45_m.jpg,PeterSellers,45,45,Middle,Male
9161_PeterSellers_39_m.jpg,PeterSellers,39,39,Middle,Male
9162_PeterSellers_39_m.jpg,PeterSellers,39,39,Middle,Male
9163_PeterSellers_35_m.jpg,PeterSellers,35,35,Adult,Male
9164_PeterSellers_42_m.jpg,PeterSellers,42,42,Middle,Male
9165_PeterSellers_34_m.jpg,PeterSellers,34,34,Adult,Male
9166_PeterSellers_35_m.jpg,PeterSellers,35,35,Adult,Male
9167_PeterSellers_54_m.jpg,PeterSellers,54,54,Middle,Male
9168_PeterSellers_54_m.jpg,PeterSellers,54,54,Middle,Male
9169_PeterSellers_33_m.jpg,PeterSellers,33,33,Adult,Male
916_TheodoreRoosevelt_34_m.jpg,TheodoreRoosevelt,34,34,Adult,Male
9170_PeterSellers_44_m.jpg,PeterSellers,44,44,Middle,Male
9171_PeterSellers_42_m.jpg,PeterSellers,42,42,Middle,Male
9172_PeterSellers_36_m.jpg,PeterSellers,36,36,Middle,Male
9173_PeterSellers_43_m.jpg,PeterSellers,43,43,Middle,Male
9174_PeterSellers_34_m.jpg,PeterSellers,34,34,Adult,Male
9175_PeterSellers_38_m.jpg,PeterSellers,38,38,Middle,Male
9176_PeterSellers_53_m.jpg,PeterSellers,53,53,Middle,Male
9177_PeterSellers_39_m.jpg,PeterSellers,39,39,Middle,Male
9178_PeterSellers_44_m.jpg,PeterSellers,44,44,Middle,Male
9179_PeterSellers_42_m.jpg,PeterSellers,42,42,Middle,Male
917_TheodoreRoosevelt_57_m.jpg,TheodoreRoosevelt,57,57,Senior,Male
9180_PeterSellers_40_m.jpg,PeterSellers,40,40,Middle,Male
9181_PeterSellers_54_m.jpg,PeterSellers,54,54,Middle,Male
9182_PeterSellers_37_m.jpg,PeterSellers,37,37,Middle,Male
9183_PeterSellers_52_m.jpg,PeterSellers,52,52,Middle,Male
9184_PeterSellers_42_m.jpg,PeterSellers,42,42,Middle,Male
9185_PeterSellers_42_m.jpg,PeterSellers,42,42,Middle,Male
9186_PeterSellers_25_m.jpg,PeterSellers,25,25,Adult,Male
9187_RichardBurton_28_m.jpg,RichardBurton,28,28,Adult,Male
9188_RichardBurton_35_m.jpg,RichardBurton,35,35,Adult,Male
9189_RichardBurton_30_m.jpg,RichardBurton,30,30,Adult,Male
918_TheodoreRoosevelt_46_m.jpg,TheodoreRoosevelt,46,46,Middle,Male
9190_RichardBurton_45_m.jpg,RichardBurton,45,45,Middle,Male
9191_RichardBurton_48_m.jpg,RichardBurton,48,48,Middle,Male
9192_RichardBurton_26_m.jpg,RichardBurton,26,26,Adult,Male
9193_RichardBurton_42_m.jpg,RichardBurton,42,42,Middle,Male
9194_RichardBurton_50_m.jpg,RichardBurton,50,50,Middle,Male
9195_RichardBurton_45_m.jpg,RichardBurton,45,45,Middle,Male
9196_RichardBurton_59_m.jpg,RichardBurton,59,59,Senior,Male
9197_RichardBurton_40_m.jpg,RichardBurton,40,40,Middle,Male
9198_RichardBurton_42_m.jpg,RichardBurton,42,42,Middle,Male
9199_RichardBurton_44_m.jpg,RichardBurton,44,44,Middle,Male
919_TheodoreRoosevelt_54_m.jpg,TheodoreRoosevelt,54,54,Middle,Male
9200_RichardBurton_22_m.jpg,RichardBurton,22,22,Adult,Male
9201_RichardBurton_24_m.jpg,RichardBurton,24,24,Adult,Male
9202_RichardBurton_27_m.jpg,RichardBurton,27,27,Adult,Male
9203_RichardBurton_38_m.jpg,RichardBurton,38,38,Middle,Male
9204_RichardBurton_30_m.jpg,RichardBurton,30,30,Adult,Male
9205_RobertMitchum_26_m.jpg,RobertMitchum,26,26,Adult,Male
9206_RobertMitchum_28_m.jpg,RobertMitchum,28,28,Adult,Male
9207_RobertMitchum_29_m.jpg,RobertMitchum,29,29,Adult,Male
9208_RobertMitchum_45_m.jpg,RobertMitchum,45,45,Middle,Male
9209_RobertMitchum_48_m.jpg,RobertMitchum,48,48,Middle,Male
920_TheodoreRoosevelt_45_m.jpg,TheodoreRoosevelt,45,45,Middle,Male
9210_RobertMitchum_50_m.jpg,RobertMitchum,50,50,Middle,Male
9211_RobertMitchum_37_m.jpg,RobertMitchum,37,37,Middle,Male
9212_RobertMitchum_38_m.jpg,RobertMitchum,38,38,Middle,Male
9213_RobertMitchum_44_m.jpg,RobertMitchum,44,44,Middle,Male
9214_RobertMitchum_45_m.jpg,RobertMitchum,45,45,Middle,Male
9215_RobertMitchum_46_m.jpg,RobertMitchum,46,46,Middle,Male
9216_RobertMitchum_72_m.jpg,RobertMitchum,72,72,Elderly,Male
9217_RobertMitchum_43_m.jpg,RobertMitchum,43,43,Middle,Male
9218_RobertMitchum_49_m.jpg,RobertMitchum,49,49,Middle,Male
9219_RobertMitchum_53_m.jpg,RobertMitchum,53,53,Middle,Male
921_TheodoreRoosevelt_23_m.jpg,TheodoreRoosevelt,23,23,Adult,Male
9220_RobertMitchum_56_m.jpg,RobertMitchum,56,56,Senior,Male
9221_RobertMitchum_34_m.jpg,RobertMitchum,34,34,Adult,Male
9222_RobertMitchum_61_m.jpg,RobertMitchum,61,61,Senior,Male
9223_RobertMitchum_74_m.jpg,RobertMitchum,74,74,Elderly,Male
9224_RobertMitchum_58_m.jpg,RobertMitchum,58,58,Senior,Male
9225_RobertMitchum_75_m.jpg,RobertMitchum,75,75,Elderly,Male
9226_RobertMitchum_57_m.jpg,RobertMitchum,57,57,Senior,Male
9227_RobertMitchum_66_m.jpg,RobertMitchum,66,66,Senior,Male
9228_RobertMitchum_52_m.jpg,RobertMitchum,52,52,Middle,Male
9229_RobertMitchum_57_m.jpg,RobertMitchum,57,57,Senior,Male
922_TheodoreRoosevelt_41_m.jpg,TheodoreRoosevelt,41,41,Middle,Male
9230_RobertMitchum_58_m.jpg,RobertMitchum,58,58,Senior,Male
9231_RobertMitchum_78_m.jpg,RobertMitchum,78,78,Elderly,Male
9232_RobertMitchum_43_m.jpg,RobertMitchum,43,43,Middle,Male
9233_RobertMitchum_56_m.jpg,RobertMitchum,56,56,Senior,Male
9234_RobertMitchum_58_m.jpg,RobertMitchum,58,58,Senior,Male
9235_RobertMitchum_55_m.jpg,RobertMitchum,55,55,Middle,Male
923_TheodoreRoosevelt_53_m.jpg,TheodoreRoosevelt,53,53,Middle,Male
9308_GeorgeMontgomery_21_m.jpg,GeorgeMontgomery,21,21,Adult,Male
9309_GeorgeMontgomery_22_m.jpg,GeorgeMontgomery,22,22,Adult,Male
9310_GeorgeMontgomery_24_m.jpg,GeorgeMontgomery,24,24,Adult,Male
9311_GeorgeMontgomery_25_m.jpg,GeorgeMontgomery,25,25,Adult,Male
9312_GeorgeMontgomery_26_m.jpg,GeorgeMontgomery,26,26,Adult,Male
9313_GeorgeMontgomery_27_m.jpg,GeorgeMontgomery,27,27,Adult,Male
9314_GeorgeMontgomery_29_m.jpg,GeorgeMontgomery,29,29,Adult,Male
9315_GeorgeMontgomery_31_m.jpg,GeorgeMontgomery,31,31,Adult,Male
9316_GeorgeMontgomery_34_m.jpg,GeorgeMontgomery,34,34,Adult,Male
9317_GeorgeMontgomery_36_m.jpg,GeorgeMontgomery,36,36,Middle,Male
9318_GeorgeMontgomery_38_m.jpg,GeorgeMontgomery,38,38,Middle,Male
9319_GeorgeMontgomery_39_m.jpg,GeorgeMontgomery,39,39,Middle,Male
9320_GeorgeMontgomery_40_m.jpg,GeorgeMontgomery,40,40,Middle,Male
9321_GeorgeMontgomery_42_m.jpg,GeorgeMontgomery,42,42,Middle,Male
9322_GeorgeMontgomery_43_m.jpg,GeorgeMontgomery,43,43,Middle,Male
9323_GeorgeMontgomery_45_m.jpg,GeorgeMontgomery,45,45,Middle,Male
9324_GeorgeMontgomery_47_m.jpg,GeorgeMontgomery,47,47,Middle,Male
9325_GeorgeMontgomery_49_m.jpg,GeorgeMontgomery,49,49,Middle,Male
9326_GeorgeMontgomery_50_m.jpg,GeorgeMontgomery,50,50,Middle,Male
9327_GeorgeMontgomery_51_m.jpg,GeorgeMontgomery,51,51,Middle,Male
9328_GeorgeMontgomery_53_m.jpg,GeorgeMontgomery,53,53,Middle,Male
9329_GeorgeMontgomery_55_m.jpg,GeorgeMontgomery,55,55,Middle,Male
9330_GeorgeMontgomery_59_m.jpg,GeorgeMontgomery,59,59,Senior,Male
9331_GeorgeMontgomery_62_m.jpg,GeorgeMontgomery,62,62,Senior,Male
9332_GeorgesMarchal_20_m.jpg,GeorgesMarchal,20,20,Adult,Male
9333_GeorgesMarchal_22_m.jpg,GeorgesMarchal,22,22,Adult,Male
9334_GeorgesMarchal_23_m.jpg,GeorgesMarchal,23,23,Adult,Male
9335_GeorgesMarchal_24_m.jpg,GeorgesMarchal,24,24,Adult,Male
9336_GeorgesMarchal_25_m.jpg,GeorgesMarchal,25,25,Adult,Male
9337_GeorgesMarchal_32_m.jpg,GeorgesMarchal,32,32,Adult,Male
9338_GeorgesMarchal_33_m.jpg,GeorgesMarchal,33,33,Adult,Male
9339_GeorgesMarchal_34_m.jpg,GeorgesMarchal,34,34,Adult,Male
9340_GeorgesMarchal_35_m.jpg,GeorgesMarchal,35,35,Adult,Male
9341_GeorgesMarchal_41_m.jpg,GeorgesMarchal,41,41,Middle,Male
9342_GeorgesMarchal_42_m.jpg,GeorgesMarchal,42,42,Middle,Male
9343_GeorgesMarchal_43_m.jpg,GeorgesMarchal,43,43,Middle,Male
9344_GeorgesMarchal_45_m.jpg,GeorgesMarchal,45,45,Middle,Male
9345_GeorgesMarchal_46_m.jpg,GeorgesMarchal,46,46,Middle,Male
9346_GeorgesMarchal_49_m.jpg,GeorgesMarchal,49,49,Middle,Male
9347_GeorgesMarchal_51_m.jpg,GeorgesMarchal,51,51,Middle,Male
9348_GeorgesMarchal_52_m.jpg,GeorgesMarchal,52,52,Middle,Male
9349_GeorgesMarchal_57_m.jpg,GeorgesMarchal,57,57,Senior,Male
9350_GeorgesMarchal_58_m.jpg,GeorgesMarchal,58,58,Senior,Male
9351_GeorgesMarchal_60_m.jpg,GeorgesMarchal,60,60,Senior,Male
9352_GeorgesMarchal_61_m.jpg,GeorgesMarchal,61,61,Senior,Male
9353_GeorgesMarchal_62_m.jpg,GeorgesMarchal,62,62,Senior,Male
9354_GeorgesMarchal_65_m.jpg,GeorgesMarchal,65,65,Senior,Male
9355_GeorgesMarchal_66_m.jpg,GeorgesMarchal,66,66,Senior,Male
9356_GeorgesMarchal_67_m.jpg,GeorgesMarchal,67,67,Senior,Male
9357_GeorgesMarchal_69_m.jpg,GeorgesMarchal,69,69,Senior,Male
9358_GregoryPeck_39_m.jpg,GregoryPeck,39,39,Middle,Male
9359_GregoryPeck_72_m.jpg,GregoryPeck,72,72,Elderly,Male
9360_GregoryPeck_40_m.jpg,GregoryPeck,40,40,Middle,Male
9361_GregoryPeck_45_m.jpg,GregoryPeck,45,45,Middle,Male
9362_GregoryPeck_42_m.jpg,GregoryPeck,42,42,Middle,Male
9363_GregoryPeck_50_m.jpg,GregoryPeck,50,50,Middle,Male
9364_GregoryPeck_84_m.jpg,GregoryPeck,84,84,Elderly,Male
9365_GregoryPeck_52_m.jpg,GregoryPeck,52,52,Middle,Male
9366_GregoryPeck_75_m.jpg,GregoryPeck,75,75,Elderly,Male
9367_GregoryPeck_30_m.jpg,GregoryPeck,30,30,Adult,Male
9368_GregoryPeck_63_m.jpg,GregoryPeck,63,63,Senior,Male
9369_GregoryPeck_58_m.jpg,GregoryPeck,58,58,Senior,Male
9370_GregoryPeck_70_m.jpg,GregoryPeck,70,70,Senior,Male
9371_GregoryPeck_57_m.jpg,GregoryPeck,57,57,Senior,Male
9372_GregoryPeck_85_m.jpg,GregoryPeck,85,85,Elderly,Male
9373_GregoryPeck_75_m.jpg,GregoryPeck,75,75,Elderly,Male
9374_GregoryPeck_31_m.jpg,GregoryPeck,31,31,Adult,Male
9375_GregoryPeck_33_m.jpg,GregoryPeck,33,33,Adult,Male
9376_GregoryPeck_65_m.jpg,GregoryPeck,65,65,Senior,Male
9377_GregoryPeck_46_m.jpg,GregoryPeck,46,46,Middle,Male
9378_GregoryPeck_36_m.jpg,GregoryPeck,36,36,Middle,Male
9379_GregoryPeck_28_m.jpg,GregoryPeck,28,28,Adult,Male
9407_Thanasisveggos_25_m.jpg,Thanasisveggos,25,25,Adult,Male
9408_Thanasisveggos_43_m.jpg,Thanasisveggos,43,43,Middle,Male
9409_Thanasisveggos_38_m.jpg,Thanasisveggos,38,38,Middle,Male
9410_Thanasisveggos_40_m.jpg,Thanasisveggos,40,40,Middle,Male
9411_Thanasisveggos_43_m.jpg,Thanasisveggos,43,43,Middle,Male
9412_Thanasisveggos_49_m.jpg,Thanasisveggos,49,49,Middle,Male
9413_Thanasisveggos_80_m.jpg,Thanasisveggos,80,80,Elderly,Male
9414_Thanasisveggos_32_m.jpg,Thanasisveggos,32,32,Adult,Male
9415_Thanasisveggos_27_m.jpg,Thanasisveggos,27,27,Adult,Male
9416_Thanasisveggos_38_m.jpg,Thanasisveggos,38,38,Middle,Male
9417_Thanasisveggos_42_m.jpg,Thanasisveggos,42,42,Middle,Male
9418_Thanasisveggos_37_m.jpg,Thanasisveggos,37,37,Middle,Male
9419_Thanasisveggos_35_m.jpg,Thanasisveggos,35,35,Adult,Male
9420_Thanasisveggos_68_m.jpg,Thanasisveggos,68,68,Senior,Male
9421_Thanasisveggos_29_m.jpg,Thanasisveggos,29,29,Adult,Male
9422_Thanasisveggos_65_m.jpg,Thanasisveggos,65,65,Senior,Male
9423_Thanasisveggos_33_m.jpg,Thanasisveggos,33,33,Adult,Male
9424_EdwardGRobinson_34_m.jpg,EdwardGRobinson,34,34,Adult,Male
9425_EdwardGRobinson_39_m.jpg,EdwardGRobinson,39,39,Middle,Male
9426_EdwardGRobinson_40_m.jpg,EdwardGRobinson,40,40,Middle,Male
9427_EdwardGRobinson_41_m.jpg,EdwardGRobinson,41,41,Middle,Male
9428_EdwardGRobinson_42_m.jpg,EdwardGRobinson,42,42,Middle,Male
9429_EdwardGRobinson_43_m.jpg,EdwardGRobinson,43,43,Middle,Male
9430_EdwardGRobinson_36_m.jpg,EdwardGRobinson,36,36,Middle,Male
9431_EdwardGRobinson_37_m.jpg,EdwardGRobinson,37,37,Middle,Male
9432_EdwardGRobinson_38_m.jpg,EdwardGRobinson,38,38,Middle,Male
9433_EdwardGRobinson_44_m.jpg,EdwardGRobinson,44,44,Middle,Male
9434_EdwardGRobinson_45_m.jpg,EdwardGRobinson,45,45,Middle,Male
9435_EdwardGRobinson_46_m.jpg,EdwardGRobinson,46,46,Middle,Male
9436_EdwardGRobinson_47_m.jpg,EdwardGRobinson,47,47,Middle,Male
9437_EdwardGRobinson_48_m.jpg,EdwardGRobinson,48,48,Middle,Male
9438_EdwardGRobinson_49_m.jpg,EdwardGRobinson,49,49,Middle,Male
9439_EdwardGRobinson_50_m.jpg,EdwardGRobinson,50,50,Middle,Male
9440_EdwardGRobinson_51_m.jpg,EdwardGRobinson,51,51,Middle,Male
9441_EdwardGRobinson_52_m.jpg,EdwardGRobinson,52,52,Middle,Male
9442_EdwardGRobinson_53_m.jpg,EdwardGRobinson,53,53,Middle,Male
9443_EdwardGRobinson_54_m.jpg,EdwardGRobinson,54,54,Middle,Male
9444_EdwardGRobinson_55_m.jpg,EdwardGRobinson,55,55,Middle,Male
9445_EdwardGRobinson_56_m.jpg,EdwardGRobinson,56,56,Senior,Male
9446_EdwardGRobinson_57_m.jpg,EdwardGRobinson,57,57,Senior,Male
9447_EdwardGRobinson_58_m.jpg,EdwardGRobinson,58,58,Senior,Male
9448_EdwardGRobinson_59_m.jpg,EdwardGRobinson,59,59,Senior,Male
9449_EdwardGRobinson_60_m.jpg,EdwardGRobinson,60,60,Senior,Male
9450_EdwardGRobinson_61_m.jpg,EdwardGRobinson,61,61,Senior,Male
9451_EdwardGRobinson_62_m.jpg,EdwardGRobinson,62,62,Senior,Male
9452_EdwardGRobinson_63_m.jpg,EdwardGRobinson,63,63,Senior,Male
9453_EdwardGRobinson_64_m.jpg,EdwardGRobinson,64,64,Senior,Male
9454_EdwardGRobinson_65_m.jpg,EdwardGRobinson,65,65,Senior,Male
9455_EdwardGRobinson_66_m.jpg,EdwardGRobinson,66,66,Senior,Male
9456_EdwardGRobinson_67_m.jpg,EdwardGRobinson,67,67,Senior,Male
9457_EdwardGRobinson_69_m.jpg,EdwardGRobinson,69,69,Senior,Male
9458_EdwardGRobinson_70_m.jpg,EdwardGRobinson,70,70,Senior,Male
9459_EdwardGRobinson_71_m.jpg,EdwardGRobinson,71,71,Elderly,Male
9460_EdwardGRobinson_72_m.jpg,EdwardGRobinson,72,72,Elderly,Male
9461_EdwardGRobinson_73_m.jpg,EdwardGRobinson,73,73,Elderly,Male
9462_EdwardGRobinson_74_m.jpg,EdwardGRobinson,74,74,Elderly,Male
9463_EdwardGRobinson_75_m.jpg,EdwardGRobinson,75,75,Elderly,Male
9464_EdwardGRobinson_76_m.jpg,EdwardGRobinson,76,76,Elderly,Male
9465_EdwardGRobinson_77_m.jpg,EdwardGRobinson,77,77,Elderly,Male
9466_EdwardGRobinson_80_m.jpg,EdwardGRobinson,80,80,Elderly,Male
9467_MaximilianShell_25_m.jpg,MaximilianShell,25,25,Adult,Male
9468_MaximilianShell_28_m.jpg,MaximilianShell,28,28,Adult,Male
9469_MaximilianShell_31_m.jpg,MaximilianShell,31,31,Adult,Male
9470_MaximilianShell_32_m.jpg,MaximilianShell,32,32,Adult,Male
9471_MaximilianShell_33_m.jpg,MaximilianShell,33,33,Adult,Male
9472_MaximilianShell_34_m.jpg,MaximilianShell,34,34,Adult,Male
9473_MaximilianShell_35_m.jpg,MaximilianShell,35,35,Adult,Male
9474_MaximilianShell_37_m.jpg,MaximilianShell,37,37,Middle,Male
9475_MaximilianShell_39_m.jpg,MaximilianShell,39,39,Middle,Male
9476_MaximilianShell_42_m.jpg,MaximilianShell,42,42,Middle,Male
9477_MaximilianShell_43_m.jpg,MaximilianShell,43,43,Middle,Male
9478_MaximilianShell_45_m.jpg,MaximilianShell,45,45,Middle,Male
9479_MaximilianShell_47_m.jpg,MaximilianShell,47,47,Middle,Male
9480_MaximilianShell_49_m.jpg,MaximilianShell,49,49,Middle,Male
9481_MaximilianShell_51_m.jpg,MaximilianShell,51,51,Middle,Male
9482_MaximilianShell_53_m.jpg,MaximilianShell,53,53,Middle,Male
9483_MaximilianShell_54_m.jpg,MaximilianShell,54,54,Middle,Male
9484_MaximilianShell_56_m.jpg,MaximilianShell,56,56,Senior,Male
9485_MaximilianShell_58_m.jpg,MaximilianShell,58,58,Senior,Male
9486_MaximilianShell_59_m.jpg,MaximilianShell,59,59,Senior,Male
9487_MaximilianShell_60_m.jpg,MaximilianShell,60,60,Senior,Male
9488_MaximilianShell_63_m.jpg,MaximilianShell,63,63,Senior,Male
9489_MaximilianShell_65_m.jpg,MaximilianShell,65,65,Senior,Male
9490_MaximilianShell_67_m.jpg,MaximilianShell,67,67,Senior,Male
9491_MaximilianShell_69_m.jpg,MaximilianShell,69,69,Senior,Male
9492_MaximilianShell_70_m.jpg,MaximilianShell,70,70,Senior,Male
9493_MaximilianShell_72_m.jpg,MaximilianShell,72,72,Elderly,Male
9494_MaximilianShell_74_m.jpg,MaximilianShell,74,74,Elderly,Male
9495_MaximilianShell_79_m.jpg,MaximilianShell,79,79,Elderly,Male
9496_MaximilianShell_80_m.jpg,MaximilianShell,80,80,Elderly,Male
9497_MaximilianShell_81_m.jpg,MaximilianShell,81,81,Elderly,Male
9498_MaximilianShell_82_m.jpg,MaximilianShell,82,82,Elderly,Male
9499_MaximilianShell_83_m.jpg,MaximilianShell,83,83,Elderly,Male
9500_CHARLIERUGGLES_40_m.jpg,CHARLIERUGGLES,40,40,Middle,Male
9501_CHARLIERUGGLES_42_m.jpg,CHARLIERUGGLES,42,42,Middle,Male
9502_CHARLIERUGGLES_43_m.jpg,CHARLIERUGGLES,43,43,Middle,Male
9503_CHARLIERUGGLES_44_m.jpg,CHARLIERUGGLES,44,44,Middle,Male
9504_CHARLIERUGGLES_45_m.jpg,CHARLIERUGGLES,45,45,Middle,Male
9505_CHARLIERUGGLES_46_m.jpg,CHARLIERUGGLES,46,46,Middle,Male
9506_CHARLIERUGGLES_47_m.jpg,CHARLIERUGGLES,47,47,Middle,Male
9507_CHARLIERUGGLES_48_m.jpg,CHARLIERUGGLES,48,48,Middle,Male
9508_CHARLIERUGGLES_49_m.jpg,CHARLIERUGGLES,49,49,Middle,Male
9509_CHARLIERUGGLES_81_m.jpg,CHARLIERUGGLES,81,81,Elderly,Male
9510_CHARLIERUGGLES_50_m.jpg,CHARLIERUGGLES,50,50,Middle,Male
9511_CHARLIERUGGLES_51_m.jpg,CHARLIERUGGLES,51,51,Middle,Male
9512_CHARLIERUGGLES_52_m.jpg,CHARLIERUGGLES,52,52,Middle,Male
9513_CHARLIERUGGLES_54_m.jpg,CHARLIERUGGLES,54,54,Middle,Male
9514_CHARLIERUGGLES_56_m.jpg,CHARLIERUGGLES,56,56,Senior,Male
9515_CHARLIERUGGLES_58_m.jpg,CHARLIERUGGLES,58,58,Senior,Male
9516_CHARLIERUGGLES_60_m.jpg,CHARLIERUGGLES,60,60,Senior,Male
9517_CHARLIERUGGLES_62_m.jpg,CHARLIERUGGLES,62,62,Senior,Male
9518_CHARLIERUGGLES_65_m.jpg,CHARLIERUGGLES,65,65,Senior,Male
9519_CHARLIERUGGLES_69_m.jpg,CHARLIERUGGLES,69,69,Senior,Male
9520_CHARLIERUGGLES_71_m.jpg,CHARLIERUGGLES,71,71,Elderly,Male
9521_CHARLIERUGGLES_73_m.jpg,CHARLIERUGGLES,73,73,Elderly,Male
9522_CHARLIERUGGLES_74_m.jpg,CHARLIERUGGLES,74,74,Elderly,Male
9523_CHARLIERUGGLES_75_m.jpg,CHARLIERUGGLES,75,75,Elderly,Male
9524_CHARLIERUGGLES_76_m.jpg,CHARLIERUGGLES,76,76,Elderly,Male
9525_CHARLIERUGGLES_77_m.jpg,CHARLIERUGGLES,77,77,Elderly,Male
9526_CHARLIERUGGLES_78_m.jpg,CHARLIERUGGLES,78,78,Elderly,Male
9527_CHARLIERUGGLES_79_m.jpg,CHARLIERUGGLES,79,79,Elderly,Male
9528_CHARLIERUGGLES_80_m.jpg,CHARLIERUGGLES,80,80,Elderly,Male
9529_CHARLIERUGGLES_82_m.jpg,CHARLIERUGGLES,82,82,Elderly,Male
9530_CHARLIERUGGLES_83_m.jpg,CHARLIERUGGLES,83,83,Elderly,Male
9611_KostasXatzixristos_42_m.jpg,KostasXatzixristos,42,42,Middle,Male
9612_KostasXatzixristos_38_m.jpg,KostasXatzixristos,38,38,Middle,Male
9613_KostasXatzixristos_45_m.jpg,KostasXatzixristos,45,45,Middle,Male
9614_KostasXatzixristos_40_m.jpg,KostasXatzixristos,40,40,Middle,Male
9615_KostasXatzixristos_68_m.jpg,KostasXatzixristos,68,68,Senior,Male
9616_KostasXatzixristos_40_m.jpg,KostasXatzixristos,40,40,Middle,Male
9617_KostasXatzixristos_38_m.jpg,KostasXatzixristos,38,38,Middle,Male
9618_KostasXatzixristos_47_m.jpg,KostasXatzixristos,47,47,Middle,Male
9619_KostasXatzixristos_78_m.jpg,KostasXatzixristos,78,78,Elderly,Male
9620_KostasXatzixristos_72_m.jpg,KostasXatzixristos,72,72,Elderly,Male
9621_KostasXatzixristos_35_m.jpg,KostasXatzixristos,35,35,Adult,Male
9622_KostasXatzixristos_42_m.jpg,KostasXatzixristos,42,42,Middle,Male
9623_KostasXatzixristos_47_m.jpg,KostasXatzixristos,47,47,Middle,Male
9624_KostasXatzixristos_65_m.jpg,KostasXatzixristos,65,65,Senior,Male
9625_AlexandrakisAlekos_73_m.jpg,AlexandrakisAlekos,73,73,Elderly,Male
9626_AlexandrakisAlekos_33_m.jpg,AlexandrakisAlekos,33,33,Adult,Male
9627_AlexandrakisAlekos_45_m.jpg,AlexandrakisAlekos,45,45,Middle,Male
9628_AlexandrakisAlekos_40_m.jpg,AlexandrakisAlekos,40,40,Middle,Male
9629_AlexandrakisAlekos_43_m.jpg,AlexandrakisAlekos,43,43,Middle,Male
9630_AlexandrakisAlekos_38_m.jpg,AlexandrakisAlekos,38,38,Middle,Male
9631_AlexandrakisAlekos_34_m.jpg,AlexandrakisAlekos,34,34,Adult,Male
9632_AlexandrakisAlekos_55_m.jpg,AlexandrakisAlekos,55,55,Middle,Male
9633_AlexandrakisAlekos_40_m.jpg,AlexandrakisAlekos,40,40,Middle,Male
9634_AlexandrakisAlekos_30_m.jpg,AlexandrakisAlekos,30,30,Adult,Male
9635_AlexandrakisAlekos_45_m.jpg,AlexandrakisAlekos,45,45,Middle,Male
9636_AlexandrakisAlekos_35_m.jpg,AlexandrakisAlekos,35,35,Adult,Male
9637_AlexandrakisAlekos_34_m.jpg,AlexandrakisAlekos,34,34,Adult,Male
9638_AlexandrakisAlekos_68_m.jpg,AlexandrakisAlekos,68,68,Senior,Male
9639_AlexandrakisAlekos_25_m.jpg,AlexandrakisAlekos,25,25,Adult,Male
9640_AlexandrakisAlekos_34_m.jpg,AlexandrakisAlekos,34,34,Adult,Male
9641_AlexandrakisAlekos_45_m.jpg,AlexandrakisAlekos,45,45,Middle,Male
9642_BoDerek_20_f.jpg,BoDerek,20,20,Adult,Female
9643_BoDerek_21_f.jpg,BoDerek,21,21,Adult,Female
9644_BoDerek_23_f.jpg,BoDerek,23,23,Adult,Female
9645_BoDerek_24_f.jpg,BoDerek,24,24,Adult,Female
9646_BoDerek_25_f.jpg,BoDerek,25,25,Adult,Female
9647_BoDerek_26_f.jpg,BoDerek,26,26,Adult,Female
9648_BoDerek_27_f.jpg,BoDerek,27,27,Adult,Female
9649_BoDerek_28_f.jpg,BoDerek,28,28,Adult,Female
9650_BoDerek_31_f.jpg,BoDerek,31,31,Adult,Female
9651_BoDerek_33_f.jpg,BoDerek,33,33,Adult,Female
9652_BoDerek_36_f.jpg,BoDerek,36,36,Middle,Female
9653_BoDerek_38_f.jpg,BoDerek,38,38,Middle,Female
9654_BoDerek_39_f.jpg,BoDerek,39,39,Middle,Female
9655_BoDerek_40_f.jpg,BoDerek,40,40,Middle,Female
9656_BoDerek_41_f.jpg,BoDerek,41,41,Middle,Female
9657_BoDerek_42_f.jpg,BoDerek,42,42,Middle,Female
9658_BoDerek_43_f.jpg,BoDerek,43,43,Middle,Female
9659_BoDerek_44_f.jpg,BoDerek,44,44,Middle,Female
9660_BoDerek_45_f.jpg,BoDerek,45,45,Middle,Female
9661_BoDerek_46_f.jpg,BoDerek,46,46,Middle,Female
9662_BoDerek_47_f.jpg,BoDerek,47,47,Middle,Female
9663_BoDerek_50_f.jpg,BoDerek,50,50,Middle,Female
9664_BoDerek_51_f.jpg,BoDerek,51,51,Middle,Female
9665_BoDerek_53_f.jpg,BoDerek,53,53,Middle,Female
9666_BoDerek_55_f.jpg,BoDerek,55,55,Middle,Female
9750_TomJones_18_f.jpg,TomJones,18,18,Adult,Female
9751_TomJones_22_f.jpg,TomJones,22,22,Adult,Female
9752_TomJones_23_f.jpg,TomJones,23,23,Adult,Female
9753_TomJones_24_f.jpg,TomJones,24,24,Adult,Female
9754_TomJones_24_f.jpg,TomJones,24,24,Adult,Female
9755_TomJones_25_f.jpg,TomJones,25,25,Adult,Female
9756_TomJones_26_f.jpg,TomJones,26,26,Adult,Female
9757_TomJones_27_f.jpg,TomJones,27,27,Adult,Female
9758_TomJones_28_f.jpg,TomJones,28,28,Adult,Female
9759_TomJones_29_f.jpg,TomJones,29,29,Adult,Female
9760_TomJones_30_f.jpg,TomJones,30,30,Adult,Female
9761_TomJones_32_f.jpg,TomJones,32,32,Adult,Female
9762_TomJones_33_f.jpg,TomJones,33,33,Adult,Female
9763_TomJones_35_f.jpg,TomJones,35,35,Adult,Female
9764_TomJones_38_f.jpg,TomJones,38,38,Middle,Female
9765_TomJones_40_f.jpg,TomJones,40,40,Middle,Female
9766_TomJones_44_f.jpg,TomJones,44,44,Middle,Female
9767_TomJones_48_f.jpg,TomJones,48,48,Middle,Female
9768_TomJones_50_f.jpg,TomJones,50,50,Middle,Female
9769_TomJones_51_f.jpg,TomJones,51,51,Middle,Female
9770_TomJones_53_f.jpg,TomJones,53,53,Middle,Female
9771_TomJones_55_f.jpg,TomJones,55,55,Middle,Female
9772_TomJones_58_f.jpg,TomJones,58,58,Senior,Female
9773_TomJones_59_f.jpg,TomJones,59,59,Senior,Female
9774_TomJones_60_f.jpg,TomJones,60,60,Senior,Female
9775_TomJones_61_f.jpg,TomJones,61,61,Senior,Female
9776_TomJones_62_f.jpg,TomJones,62,62,Senior,Female
9777_TomJones_63_f.jpg,TomJones,63,63,Senior,Female
9778_TomJones_64_f.jpg,TomJones,64,64,Senior,Female
9779_TomJones_65_f.jpg,TomJones,65,65,Senior,Female
9780_TomJones_66_f.jpg,TomJones,66,66,Senior,Female
9781_TomJones_67_f.jpg,TomJones,67,67,Senior,Female
9782_TomJones_68_f.jpg,TomJones,68,68,Senior,Female
9783_TomJones_69_f.jpg,TomJones,69,69,Senior,Female
9784_TomJones_70_f.jpg,TomJones,70,70,Senior,Female
9785_TomJones_71_f.jpg,TomJones,71,71,Elderly,Female
9786_TomJones_72_f.jpg,TomJones,72,72,Elderly,Female
9787_TomJones_73_f.jpg,TomJones,73,73,Elderly,Female
9788_TomJones_74_f.jpg,TomJones,74,74,Elderly,Female
9789_JaneAsher_6_f.jpg,JaneAsher,6,6,Child,Female
9790_JaneAsher_7_f.jpg,JaneAsher,7,7,Child,Female
9791_JaneAsher_8_f.jpg,JaneAsher,8,8,Child,Female
9792_JaneAsher_9_f.jpg,JaneAsher,9,9,Child,Female
9793_JaneAsher_12_f.jpg,JaneAsher,12,12,Child,Female
9794_JaneAsher_12_f.jpg,JaneAsher,12,12,Child,Female
9795_JaneAsher_15_f.jpg,JaneAsher,15,15,Juvenile,Female
9796_JaneAsher_16_f.jpg,JaneAsher,16,16,Juvenile,Female
9797_JaneAsher_17_f.jpg,JaneAsher,17,17,Juvenile,Female
9798_JaneAsher_17_f.jpg,JaneAsher,17,17,Juvenile,Female
9799_JaneAsher_18_f.jpg,JaneAsher,18,18,Adult,Female
9800_JaneAsher_19_f.jpg,JaneAsher,19,19,Adult,Female
9801_JaneAsher_20_f.jpg,JaneAsher,20,20,Adult,Female
9802_JaneAsher_24_f.jpg,JaneAsher,24,24,Adult,Female
9803_JaneAsher_24_f.jpg,JaneAsher,24,24,Adult,Female
9804_JaneAsher_25_f.jpg,JaneAsher,25,25,Adult,Female
9805_JaneAsher_26_f.jpg,JaneAsher,26,26,Adult,Female
9806_JaneAsher_28_f.jpg,JaneAsher,28,28,Adult,Female
9807_JaneAsher_29_f.jpg,JaneAsher,29,29,Adult,Female
9808_JaneAsher_32_f.jpg,JaneAsher,32,32,Adult,Female
9809_JaneAsher_39_f.jpg,JaneAsher,39,39,Middle,Female
9810_JaneAsher_44_f.jpg,JaneAsher,44,44,Middle,Female
9811_JaneAsher_47_f.jpg,JaneAsher,47,47,Middle,Female
9812_JaneAsher_51_f.jpg,JaneAsher,51,51,Middle,Female
9813_JaneAsher_53_f.jpg,JaneAsher,53,53,Middle,Female
9814_JaneAsher_55_f.jpg,JaneAsher,55,55,Middle,Female
9815_JaneAsher_56_f.jpg,JaneAsher,56,56,Senior,Female
9816_JaneAsher_58_f.jpg,JaneAsher,58,58,Senior,Female
9817_JaneAsher_59_f.jpg,JaneAsher,59,59,Senior,Female
9818_JaneAsher_62_f.jpg,JaneAsher,62,62,Senior,Female
9819_JaneAsher_63_f.jpg,JaneAsher,63,63,Senior,Female
9820_JaneAsher_64_f.jpg,JaneAsher,64,64,Senior,Female
9821_JaneAsher_65_f.jpg,JaneAsher,65,65,Senior,Female
9822_JaneAsher_67_f.jpg,JaneAsher,67,67,Senior,Female
9850_KimNovak_21_f.jpg,KimNovak,21,21,Adult,Female
9851_KimNovak_22_f.jpg,KimNovak,22,22,Adult,Female
9852_KimNovak_23_f.jpg,KimNovak,23,23,Adult,Female
9853_KimNovak_24_f.jpg,KimNovak,24,24,Adult,Female
9854_KimNovak_24_f.jpg,KimNovak,24,24,Adult,Female
9855_KimNovak_25_f.jpg,KimNovak,25,25,Adult,Female
9856_KimNovak_27_f.jpg,KimNovak,27,27,Adult,Female
9857_KimNovak_28_f.jpg,KimNovak,28,28,Adult,Female
9858_KimNovak_29_f.jpg,KimNovak,29,29,Adult,Female
9859_KimNovak_29_f.jpg,KimNovak,29,29,Adult,Female
9860_KimNovak_31_f.jpg,KimNovak,31,31,Adult,Female
9861_KimNovak_47_f.jpg,KimNovak,47,47,Middle,Female
9862_KimNovak_47_f.jpg,KimNovak,47,47,Middle,Female
9863_KimNovak_63_f.jpg,KimNovak,63,63,Senior,Female
9864_KimNovak_30_f.jpg,KimNovak,30,30,Adult,Female
9865_KimNovak_26_f.jpg,KimNovak,26,26,Adult,Female
9866_KimNovak_31_f.jpg,KimNovak,31,31,Adult,Female
9867_KimNovak_72_f.jpg,KimNovak,72,72,Elderly,Female
9868_KimNovak_33_f.jpg,KimNovak,33,33,Adult,Female
9869_LauraDern_12_f.jpg,LauraDern,12,12,Child,Female
9870_LauraDern_13_f.jpg,LauraDern,13,13,Juvenile,Female
9871_LauraDern_14_f.jpg,LauraDern,14,14,Juvenile,Female
9872_LauraDern_15_f.jpg,LauraDern,15,15,Juvenile,Female
9873_LauraDern_16_f.jpg,LauraDern,16,16,Juvenile,Female
9874_LauraDern_18_f.jpg,LauraDern,18,18,Adult,Female
9875_LauraDern_20_f.jpg,LauraDern,20,20,Adult,Female
9876_LauraDern_21_f.jpg,LauraDern,21,21,Adult,Female
9877_LauraDern_24_f.jpg,LauraDern,24,24,Adult,Female
9878_LauraDern_25_f.jpg,LauraDern,25,25,Adult,Female
9879_LauraDern_28_f.jpg,LauraDern,28,28,Adult,Female
9880_LauraDern_29_f.jpg,LauraDern,29,29,Adult,Female
9881_LauraDern_30_f.jpg,LauraDern,30,30,Adult,Female
9882_LauraDern_32_f.jpg,LauraDern,32,32,Adult,Female
9883_LauraDern_33_f.jpg,LauraDern,33,33,Adult,Female
9884_LauraDern_34_f.jpg,LauraDern,34,34,Adult,Female
9885_LauraDern_35_f.jpg,LauraDern,35,35,Adult,Female
9886_LauraDern_36_f.jpg,LauraDern,36,36,Middle,Female
9887_LauraDern_37_f.jpg,LauraDern,37,37,Middle,Female
9888_LauraDern_38_f.jpg,LauraDern,38,38,Middle,Female
9889_LauraDern_39_f.jpg,LauraDern,39,39,Middle,Female
9890_LauraDern_40_f.jpg,LauraDern,40,40,Middle,Female
9891_LauraDern_43_f.jpg,LauraDern,43,43,Middle,Female
9912_AliMacGraw_25_f.jpg,AliMacGraw,25,25,Adult,Female
9913_AliMacGraw_26_f.jpg,AliMacGraw,26,26,Adult,Female
9914_AliMacGraw_27_f.jpg,AliMacGraw,27,27,Adult,Female
9915_AliMacGraw_28_f.jpg,AliMacGraw,28,28,Adult,Female
9916_AliMacGraw_29_f.jpg,AliMacGraw,29,29,Adult,Female
9917_AliMacGraw_31_f.jpg,AliMacGraw,31,31,Adult,Female
9918_AliMacGraw_32_f.jpg,AliMacGraw,32,32,Adult,Female
9919_AliMacGraw_33_f.jpg,AliMacGraw,33,33,Adult,Female
9920_AliMacGraw_34_f.jpg,AliMacGraw,34,34,Adult,Female
9921_AliMacGraw_35_f.jpg,AliMacGraw,35,35,Adult,Female
9922_AliMacGraw_38_f.jpg,AliMacGraw,38,38,Middle,Female
9923_AliMacGraw_41_f.jpg,AliMacGraw,41,41,Middle,Female
9924_AliMacGraw_42_f.jpg,AliMacGraw,42,42,Middle,Female
9925_AliMacGraw_44_f.jpg,AliMacGraw,44,44,Middle,Female
9926_AliMacGraw_45_f.jpg,AliMacGraw,45,45,Middle,Female
9927_AliMacGraw_46_f.jpg,AliMacGraw,46,46,Middle,Female
9928_AliMacGraw_47_f.jpg,AliMacGraw,47,47,Middle,Female
9929_AliMacGraw_48_f.jpg,AliMacGraw,48,48,Middle,Female
9930_AliMacGraw_49_f.jpg,AliMacGraw,49,49,Middle,Female
9931_AliMacGraw_51_f.jpg,AliMacGraw,51,51,Middle,Female
9932_AliMacGraw_54_f.jpg,AliMacGraw,54,54,Middle,Female
9933_AliMacGraw_54_f.jpg,AliMacGraw,54,54,Middle,Female
9934_AliMacGraw_55_f.jpg,AliMacGraw,55,55,Middle,Female
9935_AliMacGraw_58_f.jpg,AliMacGraw,58,58,Senior,Female
9936_AliMacGraw_60_f.jpg,AliMacGraw,60,60,Senior,Female
9937_AliMacGraw_63_f.jpg,AliMacGraw,63,63,Senior,Female
9938_AliMacGraw_66_f.jpg,AliMacGraw,66,66,Senior,Female
9939_AliMacGraw_68_f.jpg,AliMacGraw,68,68,Senior,Female
9940_AliMacGraw_69_f.jpg,AliMacGraw,69,69,Senior,Female
9941_AliMacGraw_70_f.jpg,AliMacGraw,70,70,Senior,Female
9942_AliMacGraw_71_f.jpg,AliMacGraw,71,71,Elderly,Female
9943_AliMacGraw_72_f.jpg,AliMacGraw,72,72,Elderly,Female
9944_AliMacGraw_73_f.jpg,AliMacGraw,73,73,Elderly,Female
9945_AliMacGraw_74_f.jpg,AliMacGraw,74,74,Elderly,Female
9946_ElkeSommer_18_f.jpg,ElkeSommer,18,18,Adult,Female
9947_ElkeSommer_27_f.jpg,ElkeSommer,27,27,Adult,Female
9948_ElkeSommer_28_f.jpg,ElkeSommer,28,28,Adult,Female
9949_ElkeSommer_29_f.jpg,ElkeSommer,29,29,Adult,Female
9950_ElkeSommer_30_f.jpg,ElkeSommer,30,30,Adult,Female
9951_ElkeSommer_31_f.jpg,ElkeSommer,31,31,Adult,Female
9952_ElkeSommer_32_f.jpg,ElkeSommer,32,32,Adult,Female
9953_ElkeSommer_34_f.jpg,ElkeSommer,34,34,Adult,Female
9954_ElkeSommer_35_f.jpg,ElkeSommer,35,35,Adult,Female
9955_ElkeSommer_37_f.jpg,ElkeSommer,37,37,Middle,Female
9956_ElkeSommer_38_f.jpg,ElkeSommer,38,38,Middle,Female
9957_ElkeSommer_40_f.jpg,ElkeSommer,40,40,Middle,Female
9958_ElkeSommer_41_f.jpg,ElkeSommer,41,41,Middle,Female
9959_ElkeSommer_41_f.jpg,ElkeSommer,41,41,Middle,Female
9960_ElkeSommer_42_f.jpg,ElkeSommer,42,42,Middle,Female
9961_ElkeSommer_43_f.jpg,ElkeSommer,43,43,Middle,Female
9962_ElkeSommer_44_f.jpg,ElkeSommer,44,44,Middle,Female
9963_ElkeSommer_46_f.jpg,ElkeSommer,46,46,Middle,Female
9964_ElkeSommer_47_f.jpg,ElkeSommer,47,47,Middle,Female
9965_ElkeSommer_51_f.jpg,ElkeSommer,51,51,Middle,Female
9966_ElkeSommer_55_f.jpg,ElkeSommer,55,55,Middle,Female
9967_ElkeSommer_56_f.jpg,ElkeSommer,56,56,Senior,Female
9968_ElkeSommer_58_f.jpg,ElkeSommer,58,58,Senior,Female
9969_ElkeSommer_60_f.jpg,ElkeSommer,60,60,Senior,Female
9970_ElkeSommer_61_f.jpg,ElkeSommer,61,61,Senior,Female
9971_ElkeSommer_62_f.jpg,ElkeSommer,62,62,Senior,Female
9972_ElkeSommer_63_f.jpg,ElkeSommer,63,63,Senior,Female
9973_ElkeSommer_64_f.jpg,ElkeSommer,64,64,Senior,Female
9974_ElkeSommer_65_f.jpg,ElkeSommer,65,65,Senior,Female
9975_ElkeSommer_67_f.jpg,ElkeSommer,67,67,Senior,Female
9976_ElkeSommer_69_f.jpg,ElkeSommer,69,69,Senior,Female
9977_ElkeSommer_70_f.jpg,ElkeSommer,70,70,Senior,Female
9978_ElkeSommer_72_f.jpg,ElkeSommer,72,72,Elderly,Female
